Date,_id,Reservoir Name,Basin,Sub Basin,River,Monitoring Date,Percentage Full,Reservoir Level (ft),Design Gross Capacity (TMC),Gross Capacity (TMC),Live Capacity (TMC),Live Above Cill (TMC),Inflow (Cusecs),Outflow to River (Cusecs),Canal Withdrawal (Cusecs),Evaporation (Cusecs),Cumulative Inflow (TMC),Cumulative Outflow (TMC),Cumulative Withdrawal (TMC),Cumulative Evaporation (TMC),RAINFALL
1990-01-01,,,,,,,,2457.3,,,,,,,,,,,,,
1990-01-02,,,,,,,,2457.12,,,,,,,,,,,,,
1990-01-03,,,,,,,,2456.97,,,,,,,,,,,,,
1990-01-04,,,,,,,,2456.9,,,,,,,,,,,,,
1990-01-05,,,,,,,,2456.77,,,,,,,,,,,,,
1990-01-06,,,,,,,,2456.65,,,,,,,,,,,,,
1990-01-07,,,,,,,,2456.51,,,,,,,,,,,,,
1990-01-08,,,,,,,,2456.4,,,,,,,,,,,,,
1990-01-09,,,,,,,,2456.23,,,,,,,,,,,,,
1990-01-10,,,,,,,,2456.08,,,,,,,,,,,,,
1990-01-11,,,,,,,,2455.9,,,,,,,,,,,,,
1990-01-12,,,,,,,,2455.7,,,,,,,,,,,,,
1990-01-13,,,,,,,,2455.46,,,,,,,,,,,,,
1990-01-14,,,,,,,,2455.38,,,,,,,,,,,,,
1990-01-15,,,,,,,,2455.27,,,,,,,,,,,,,
1990-01-16,,,,,,,,2455.1,,,,,,,,,,,,,
1990-01-17,,,,,,,,2454.95,,,,,,,,,,,,,
1990-01-18,,,,,,,,2454.82,,,,,,,,,,,,,
1990-01-19,,,,,,,,2454.71,,,,,,,,,,,,,
1990-01-20,,,,,,,,2454.65,,,,,,,,,,,,,
1990-01-21,,,,,,,,2454.69,,,,,,,,,,,,,
1990-01-22,,,,,,,,2454.62,,,,,,,,,,,,,
1990-01-23,,,,,,,,2454.51,,,,,,,,,,,,,
1990-01-24,,,,,,,,2454.43,,,,,,,,,,,,,
1990-01-25,,,,,,,,2454.36,,,,,,,,,,,,,
1990-01-26,,,,,,,,2454.26,,,,,,,,,,,,,
1990-01-27,,,,,,,,2454.08,,,,,,,,,,,,,
1990-01-28,,,,,,,,2453.87,,,,,,,,,,,,,
1990-01-29,,,,,,,,2453.6,,,,,,,,,,,,,
1990-01-30,,,,,,,,2453.37,,,,,,,,,,,,,
1990-01-31,,,,,,,,2453.17,,,,,,,,,,,,,
1990-02-01,,,,,,,,2452.96,,,,,,,,,,,,,
1990-02-02,,,,,,,,2452.73,,,,,,,,,,,,,
1990-02-03,,,,,,,,2452.42,,,,,,,,,,,,,
1990-02-04,,,,,,,,2452.17,,,,,,,,,,,,,
1990-02-05,,,,,,,,2451.97,,,,,,,,,,,,,
1990-02-06,,,,,,,,2451.76,,,,,,,,,,,,,
1990-02-07,,,,,,,,2451.3,,,,,,,,,,,,,
1990-02-08,,,,,,,,2450.28,,,,,,,,,,,,,
1990-02-09,,,,,,,,2448.96,,,,,,,,,,,,,
1990-02-10,,,,,,,,2447.44,,,,,,,,,,,,,
1990-02-11,,,,,,,,2446.6,,,,,,,,,,,,,
1990-02-12,,,,,,,,2445.2,,,,,,,,,,,,,
1990-02-13,,,,,,,,2446.57,,,,,,,,,,,,,
1990-02-14,,,,,,,,2447.0,,,,,,,,,,,,,
1990-02-15,,,,,,,,2447.3,,,,,,,,,,,,,
1990-02-16,,,,,,,,2447.94,,,,,,,,,,,,,
1990-02-17,,,,,,,,2448.5,,,,,,,,,,,,,
1990-02-18,,,,,,,,2448.95,,,,,,,,,,,,,
1990-02-19,,,,,,,,2449.26,,,,,,,,,,,,,
1990-02-20,,,,,,,,2449.43,,,,,,,,,,,,,
1990-02-21,,,,,,,,2449.39,,,,,,,,,,,,,
1990-02-22,,,,,,,,2449.25,,,,,,,,,,,,,
1990-02-23,,,,,,,,2448.96,,,,,,,,,,,,,
1990-02-24,,,,,,,,2448.64,,,,,,,,,,,,,
1990-02-25,,,,,,,,2448.5,,,,,,,,,,,,,
1990-02-26,,,,,,,,2448.2,,,,,,,,,,,,,
1990-02-27,,,,,,,,2447.86,,,,,,,,,,,,,
1990-02-28,,,,,,,,2447.514,,,,,,,,,,,,,
1990-03-01,,,,,,,,2447.19,,,,,,,,,,,,,
1990-03-02,,,,,,,,2446.89,,,,,,,,,,,,,
1990-03-03,,,,,,,,2446.59,,,,,,,,,,,,,
1990-03-04,,,,,,,,2446.27,,,,,,,,,,,,,
1990-03-05,,,,,,,,2446.0,,,,,,,,,,,,,
1990-03-06,,,,,,,,2445.82,,,,,,,,,,,,,
1990-03-07,,,,,,,,2445.45,,,,,,,,,,,,,
1990-03-08,,,,,,,,2445.29,,,,,,,,,,,,,
1990-03-09,,,,,,,,2444.98,,,,,,,,,,,,,
1990-03-10,,,,,,,,2444.68,,,,,,,,,,,,,
1990-03-11,,,,,,,,2444.42,,,,,,,,,,,,,
1990-03-12,,,,,,,,2444.2,,,,,,,,,,,,,
1990-03-13,,,,,,,,2444.1,,,,,,,,,,,,,
1990-03-14,,,,,,,,2444.0,,,,,,,,,,,,,
1990-03-15,,,,,,,,2443.9,,,,,,,,,,,,,
1990-03-16,,,,,,,,2443.79,,,,,,,,,,,,,
1990-03-17,,,,,,,,2443.68,,,,,,,,,,,,,
1990-03-18,,,,,,,,2443.57,,,,,,,,,,,,,
1990-03-19,,,,,,,,2443.38,,,,,,,,,,,,,
1990-03-20,,,,,,,,2443.0,,,,,,,,,,,,,
1990-03-21,,,,,,,,2442.54,,,,,,,,,,,,,
1990-03-22,,,,,,,,2442.04,,,,,,,,,,,,,
1990-03-23,,,,,,,,2441.49,,,,,,,,,,,,,
1990-03-24,,,,,,,,2440.98,,,,,,,,,,,,,
1990-03-25,,,,,,,,2440.46,,,,,,,,,,,,,
1990-03-26,,,,,,,,2440.0,,,,,,,,,,,,,
1990-03-27,,,,,,,,2439.6,,,,,,,,,,,,,
1990-03-28,,,,,,,,2439.2,,,,,,,,,,,,,
1990-03-29,,,,,,,,2438.85,,,,,,,,,,,,,
1990-03-30,,,,,,,,2438.5,,,,,,,,,,,,,
1990-03-31,,,,,,,,2438.15,,,,,,,,,,,,,
1990-04-01,,,,,,,,2437.79,,,,,,,,,,,,,
1990-04-02,,,,,,,,2437.41,,,,,,,,,,,,,
1990-04-03,,,,,,,,2437.03,,,,,,,,,,,,,
1990-04-04,,,,,,,,2436.65,,,,,,,,,,,,,
1990-04-05,,,,,,,,2436.27,,,,,,,,,,,,,
1990-04-06,,,,,,,,2435.92,,,,,,,,,,,,,
1990-04-07,,,,,,,,2435.57,,,,,,,,,,,,,
1990-04-08,,,,,,,,2435.38,,,,,,,,,,,,,
1990-04-09,,,,,,,,2435.3,,,,,,,,,,,,,
1990-04-10,,,,,,,,2435.2,,,,,,,,,,,,,
1990-04-11,,,,,,,,2435.05,,,,,,,,,,,,,
1990-04-12,,,,,,,,2434.96,,,,,,,,,,,,,
1990-04-13,,,,,,,,2434.87,,,,,,,,,,,,,
1990-04-14,,,,,,,,2434.78,,,,,,,,,,,,,
1990-04-15,,,,,,,,2434.69,,,,,,,,,,,,,
1990-04-16,,,,,,,,2434.25,,,,,,,,,,,,,
1990-04-17,,,,,,,,2433.8,,,,,,,,,,,,,
1990-04-18,,,,,,,,2433.4,,,,,,,,,,,,,
1990-04-19,,,,,,,,2433.0,,,,,,,,,,,,,
1990-04-20,,,,,,,,2432.6,,,,,,,,,,,,,
1990-04-21,,,,,,,,2432.2,,,,,,,,,,,,,
1990-04-22,,,,,,,,2431.77,,,,,,,,,,,,,
1990-04-23,,,,,,,,2431.32,,,,,,,,,,,,,
1990-04-24,,,,,,,,2430.86,,,,,,,,,,,,,
1990-04-25,,,,,,,,2430.4,,,,,,,,,,,,,
1990-04-26,,,,,,,,2429.94,,,,,,,,,,,,,
1990-04-27,,,,,,,,2429.48,,,,,,,,,,,,,
1990-04-28,,,,,,,,2429.0,,,,,,,,,,,,,
1990-04-29,,,,,,,,2428.52,,,,,,,,,,,,,
1990-04-30,,,,,,,,2428.04,,,,,,,,,,,,,
1990-05-01,,,,,,,,2427.56,,,,,,,,,,,,,
1990-05-02,,,,,,,,2427.14,,,,,,,,,,,,,
1990-05-03,,,,,,,,2426.76,,,,,,,,,,,,,
1990-05-04,,,,,,,,2426.63,,,,,,,,,,,,,
1990-05-05,,,,,,,,2426.53,,,,,,,,,,,,,
1990-05-06,,,,,,,,2426.43,,,,,,,,,,,,,
1990-05-07,,,,,,,,2426.34,,,,,,,,,,,,,
1990-05-08,,,,,,,,2426.25,,,,,,,,,,,,,
1990-05-09,,,,,,,,2426.25,,,,,,,,,,,,,
1990-05-10,,,,,,,,2426.25,,,,,,,,,,,,,
1990-05-11,,,,,,,,2426.25,,,,,,,,,,,,,
1990-05-12,,,,,,,,2426.25,,,,,,,,,,,,,
1990-05-13,,,,,,,,2426.25,,,,,,,,,,,,,
1990-05-14,,,,,,,,2426.05,,,,,,,,,,,,,
1990-05-15,,,,,,,,2425.31,,,,,,,,,,,,,
1990-05-16,,,,,,,,2424.96,,,,,,,,,,,,,
1990-05-17,,,,,,,,2424.36,,,,,,,,,,,,,
1990-05-18,,,,,,,,2423.76,,,,,,,,,,,,,
1990-05-19,,,,,,,,2423.16,,,,,,,,,,,,,
1990-05-20,,,,,,,,2422.54,,,,,,,,,,,,,
1990-05-21,,,,,,,,2421.9,,,,,,,,,,,,,
1990-05-22,,,,,,,,2421.3,,,,,,,,,,,,,
1990-05-23,,,,,,,,2420.66,,,,,,,,,,,,,
1990-05-24,,,,,,,,2420.08,,,,,,,,,,,,,
1990-05-25,,,,,,,,2419.63,,,,,,,,,,,,,
1990-05-26,,,,,,,,2419.47,,,,,,,,,,,,,
1990-05-27,,,,,,,,2419.45,,,,,,,,,,,,,
1990-05-28,,,,,,,,2419.5,,,,,,,,,,,,,
1990-05-29,,,,,,,,2419.6,,,,,,,,,,,,,
1990-05-30,,,,,,,,2419.72,,,,,,,,,,,,,
1990-05-31,,,,,,,,2419.87,,,,,,,,,,,,,
1990-06-01,,,,,,,,2420.02,,,,,,,,,,,,,
1990-06-02,,,,,,,,2420.18,,,,,,,,,,,,,
1990-06-03,,,,,,,,2420.38,,,,,,,,,,,,,
1990-06-04,,,,,,,,2420.58,,,,,,,,,,,,,
1990-06-05,,,,,,,,2421.0,,,,,,,,,,,,,
1990-06-06,,,,,,,,2421.2,,,,,,,,,,,,,
1990-06-07,,,,,,,,2421.45,,,,,,,,,,,,,
1990-06-08,,,,,,,,2421.8,,,,,,,,,,,,,
1990-06-09,,,,,,,,2422.1,,,,,,,,,,,,,
1990-06-10,,,,,,,,2422.2,,,,,,,,,,,,,
1990-06-11,,,,,,,,2422.3,,,,,,,,,,,,,
1990-06-12,,,,,,,,2422.16,,,,,,,,,,,,,
1990-06-13,,,,,,,,2421.9,,,,,,,,,,,,,
1990-06-14,,,,,,,,2421.6,,,,,,,,,,,,,
1990-06-15,,,,,,,,2421.35,,,,,,,,,,,,,
1990-06-16,,,,,,,,2421.05,,,,,,,,,,,,,
1990-06-17,,,,,,,,2420.75,,,,,,,,,,,,,
1990-06-18,,,,,,,,2420.44,,,,,,,,,,,,,
1990-06-19,,,,,,,,2420.36,,,,,,,,,,,,,
1990-06-20,,,,,,,,2421.45,,,,,,,,,,,,,
1990-06-21,,,,,,,,2422.45,,,,,,,,,,,,,
1990-06-22,,,,,,,,2424.5,,,,,,,,,,,,,
1990-06-23,,,,,,,,2425.7,,,,,,,,,,,,,
1990-06-24,,,,,,,,2426.1,,,,,,,,,,,,,
1990-06-25,,,,,,,,2426.36,,,,,,,,,,,,,
1990-06-26,,,,,,,,2426.56,,,,,,,,,,,,,
1990-06-27,,,,,,,,2426.76,,,,,,,,,,,,,
1990-06-28,,,,,,,,2427.0,,,,,,,,,,,,,
1990-06-29,,,,,,,,2429.07,,,,,,,,,,,,,
1990-06-30,,,,,,,,2431.27,,,,,,,,,,,,,
1990-07-01,,,,,,,,2432.77,,,,,,,,,,,,,
1990-07-02,,,,,,,,2434.15,,,,,,,,,,,,,
1990-07-03,,,,,,,,2435.08,,,,,,,,,,,,,
1990-07-04,,,,,,,,2440.22,,,,,,,,,,,,,
1990-07-05,,,,,,,,2439.2,,,,,,,,,,,,,
1990-07-06,,,,,,,,2441.0,,,,,,,,,,,,,
1990-07-07,,,,,,,,2441.86,,,,,,,,,,,,,
1990-07-08,,,,,,,,2442.28,,,,,,,,,,,,,
1990-07-09,,,,,,,,2442.76,,,,,,,,,,,,,
1990-07-10,,,,,,,,2444.0,,,,,,,,,,,,,
1990-07-11,,,,,,,,2444.86,,,,,,,,,,,,,
1990-07-12,,,,,,,,2445.3,,,,,,,,,,,,,
1990-07-13,,,,,,,,2446.48,,,,,,,,,,,,,
1990-07-14,,,,,,,,2447.32,,,,,,,,,,,,,
1990-07-15,,,,,,,,2447.9,,,,,,,,,,,,,
1990-07-16,,,,,,,,2448.26,,,,,,,,,,,,,
1990-07-17,,,,,,,,2448.56,,,,,,,,,,,,,
1990-07-18,,,,,,,,2448.76,,,,,,,,,,,,,
1990-07-19,,,,,,,,2449.3,,,,,,,,,,,,,
1990-07-20,,,,,,,,2450.36,,,,,,,,,,,,,
1990-07-21,,,,,,,,2451.26,,,,,,,,,,,,,
1990-07-22,,,,,,,,2451.7,,,,,,,,,,,,,
1990-07-23,,,,,,,,2452.36,,,,,,,,,,,,,
1990-07-24,,,,,,,,2452.92,,,,,,,,,,,,,
1990-07-25,,,,,,,,2453.22,,,,,,,,,,,,,
1990-07-26,,,,,,,,2453.52,,,,,,,,,,,,,
1990-07-27,,,,,,,,2453.82,,,,,,,,,,,,,
1990-07-28,,,,,,,,2454.0,,,,,,,,,,,,,
1990-07-29,,,,,,,,2454.06,,,,,,,,,,,,,
1990-07-30,,,,,,,,2454.1,,,,,,,,,,,,,
1990-07-31,,,,,,,,2453.98,,,,,,,,,,,,,
1990-08-01,,,,,,,,2453.74,,,,,,,,,,,,,
1990-08-02,,,,,,,,2453.75,,,,,,,,,,,,,
1990-08-03,,,,,,,,2453.9,,,,,,,,,,,,,
1990-08-04,,,,,,,,2454.1,,,,,,,,,,,,,
1990-08-05,,,,,,,,2454.4,,,,,,,,,,,,,
1990-08-06,,,,,,,,2454.58,,,,,,,,,,,,,
1990-08-07,,,,,,,,2454.72,,,,,,,,,,,,,
1990-08-08,,,,,,,,2454.72,,,,,,,,,,,,,
1990-08-09,,,,,,,,2454.72,,,,,,,,,,,,,
1990-08-10,,,,,,,,2454.74,,,,,,,,,,,,,
1990-08-11,,,,,,,,2454.98,,,,,,,,,,,,,
1990-08-12,,,,,,,,2455.34,,,,,,,,,,,,,
1990-08-13,,,,,,,,2455.95,,,,,,,,,,,,,
1990-08-14,,,,,,,,2457.25,,,,,,,,,,,,,
1990-08-15,,,,,,,,2458.0,,,,,,,,,,,,,
1990-08-16,,,,,,,,2460.8,,,,,,,,,,,,,
1990-08-17,,,,,,,,2463.1,,,,,,,,,,,,,
1990-08-18,,,,,,,,2465.4,,,,,,,,,,,,,
1990-08-19,,,,,,,,2467.0,,,,,,,,,,,,,
1990-08-20,,,,,,,,2467.93,,,,,,,,,,,,,
1990-08-21,,,,,,,,2468.24,,,,,,,,,,,,,
1990-08-22,,,,,,,,2468.62,,,,,,,,,,,,,
1990-08-23,,,,,,,,2467.8,,,,,,,,,,,,,
1990-08-24,,,,,,,,2467.96,,,,,,,,,,,,,
1990-08-25,,,,,,,,2468.2,,,,,,,,,,,,,
1990-08-26,,,,,,,,2468.58,,,,,,,,,,,,,
1990-08-27,,,,,,,,2468.65,,,,,,,,,,,,,
1990-08-28,,,,,,,,2468.8,,,,,,,,,,,,,
1990-08-29,,,,,,,,2468.8,,,,,,,,,,,,,
1990-08-30,,,,,,,,2468.79,,,,,,,,,,,,,
1990-08-31,,,,,,,,2468.8,,,,,,,,,,,,,
1990-09-01,,,,,,,,2468.8,,,,,,,,,,,,,
1990-09-02,,,,,,,,2468.74,,,,,,,,,,,,,
1990-09-03,,,,,,,,2468.77,,,,,,,,,,,,,
1990-09-04,,,,,,,,2468.79,,,,,,,,,,,,,
1990-09-05,,,,,,,,2468.77,,,,,,,,,,,,,
1990-09-06,,,,,,,,2468.79,,,,,,,,,,,,,
1990-09-07,,,,,,,,2468.8,,,,,,,,,,,,,
1990-09-08,,,,,,,,2468.59,,,,,,,,,,,,,
1990-09-09,,,,,,,,2468.5,,,,,,,,,,,,,
1990-09-10,,,,,,,,2468.59,,,,,,,,,,,,,
1990-09-11,,,,,,,,2468.61,,,,,,,,,,,,,
1990-09-12,,,,,,,,2468.55,,,,,,,,,,,,,
1990-09-13,,,,,,,,2468.47,,,,,,,,,,,,,
1990-09-14,,,,,,,,2468.36,,,,,,,,,,,,,
1990-09-15,,,,,,,,2468.36,,,,,,,,,,,,,
1990-09-16,,,,,,,,2468.1,,,,,,,,,,,,,
1990-09-17,,,,,,,,2467.96,,,,,,,,,,,,,
1990-09-18,,,,,,,,2467.78,,,,,,,,,,,,,
1990-09-19,,,,,,,,2467.63,,,,,,,,,,,,,
1990-09-20,,,,,,,,2467.46,,,,,,,,,,,,,
1990-09-21,,,,,,,,2467.29,,,,,,,,,,,,,
1990-09-22,,,,,,,,2467.0,,,,,,,,,,,,,
1990-09-23,,,,,,,,2466.83,,,,,,,,,,,,,
1990-09-24,,,,,,,,2466.68,,,,,,,,,,,,,
1990-09-25,,,,,,,,2466.5,,,,,,,,,,,,,
1990-09-26,,,,,,,,2466.28,,,,,,,,,,,,,
1990-09-27,,,,,,,,2466.05,,,,,,,,,,,,,
1990-09-28,,,,,,,,2465.82,,,,,,,,,,,,,
1990-09-29,,,,,,,,2465.56,,,,,,,,,,,,,
1990-09-30,,,,,,,,2465.3,,,,,,,,,,,,,
1990-10-01,,,,,,,,2465.02,,,,,,,,,,,,,
1990-10-02,,,,,,,,2464.82,,,,,,,,,,,,,
1990-10-03,,,,,,,,2464.6,,,,,,,,,,,,,
1990-10-04,,,,,,,,2464.36,,,,,,,,,,,,,
1990-10-05,,,,,,,,2464.06,,,,,,,,,,,,,
1990-10-06,,,,,,,,2463.88,,,,,,,,,,,,,
1990-10-07,,,,,,,,2463.6,,,,,,,,,,,,,
1990-10-08,,,,,,,,2463.43,,,,,,,,,,,,,
1990-10-09,,,,,,,,2463.21,,,,,,,,,,,,,
1990-10-10,,,,,,,,2463.0,,,,,,,,,,,,,
1990-10-11,,,,,,,,2462.79,,,,,,,,,,,,,
1990-10-12,,,,,,,,2462.62,,,,,,,,,,,,,
1990-10-13,,,,,,,,2462.4,,,,,,,,,,,,,
1990-10-14,,,,,,,,2462.75,,,,,,,,,,,,,
1990-10-15,,,,,,,,2462.75,,,,,,,,,,,,,
1990-10-16,,,,,,,,2462.72,,,,,,,,,,,,,
1990-10-17,,,,,,,,2462.62,,,,,,,,,,,,,
1990-10-18,,,,,,,,2462.55,,,,,,,,,,,,,
1990-10-19,,,,,,,,2462.48,,,,,,,,,,,,,
1990-10-20,,,,,,,,2462.39,,,,,,,,,,,,,
1990-10-21,,,,,,,,2462.29,,,,,,,,,,,,,
1990-10-22,,,,,,,,2462.12,,,,,,,,,,,,,
1990-10-23,,,,,,,,2461.97,,,,,,,,,,,,,
1990-10-24,,,,,,,,2462.0,,,,,,,,,,,,,
1990-10-25,,,,,,,,2462.25,,,,,,,,,,,,,
1990-10-26,,,,,,,,2462.7,,,,,,,,,,,,,
1990-10-27,,,,,,,,2462.95,,,,,,,,,,,,,
1990-10-28,,,,,,,,2463.4,,,,,,,,,,,,,
1990-10-29,,,,,,,,2463.8,,,,,,,,,,,,,
1990-10-30,,,,,,,,2464.03,,,,,,,,,,,,,
1990-10-31,,,,,,,,2464.26,,,,,,,,,,,,,
1990-11-01,,,,,,,,2464.53,,,,,,,,,,,,,
1990-11-02,,,,,,,,2465.0,,,,,,,,,,,,,
1990-11-03,,,,,,,,2465.2,,,,,,,,,,,,,
1990-11-04,,,,,,,,2465.22,,,,,,,,,,,,,
1990-11-05,,,,,,,,2465.16,,,,,,,,,,,,,
1990-11-06,,,,,,,,2465.02,,,,,,,,,,,,,
1990-11-07,,,,,,,,2464.82,,,,,,,,,,,,,
1990-11-08,,,,,,,,2464.62,,,,,,,,,,,,,
1990-11-09,,,,,,,,2464.46,,,,,,,,,,,,,
1990-11-10,,,,,,,,2464.24,,,,,,,,,,,,,
1990-11-11,,,,,,,,2464.05,,,,,,,,,,,,,
1990-11-12,,,,,,,,2464.05,,,,,,,,,,,,,
1990-11-13,,,,,,,,2463.95,,,,,,,,,,,,,
1990-11-14,,,,,,,,2463.86,,,,,,,,,,,,,
1990-11-15,,,,,,,,2463.86,,,,,,,,,,,,,
1990-11-16,,,,,,,,2463.6,,,,,,,,,,,,,
1990-11-17,,,,,,,,2463.56,,,,,,,,,,,,,
1990-11-18,,,,,,,,2463.48,,,,,,,,,,,,,
1990-11-19,,,,,,,,2463.39,,,,,,,,,,,,,
1990-11-20,,,,,,,,2463.26,,,,,,,,,,,,,
1990-11-21,,,,,,,,2463.15,,,,,,,,,,,,,
1990-11-22,,,,,,,,2463.0,,,,,,,,,,,,,
1990-11-23,,,,,,,,2462.89,,,,,,,,,,,,,
1990-11-24,,,,,,,,2462.72,,,,,,,,,,,,,
1990-11-25,,,,,,,,2462.59,,,,,,,,,,,,,
1990-11-26,,,,,,,,2462.45,,,,,,,,,,,,,
1990-11-27,,,,,,,,2462.32,,,,,,,,,,,,,
1990-11-28,,,,,,,,2462.2,,,,,,,,,,,,,
1990-11-29,,,,,,,,2462.07,,,,,,,,,,,,,
1990-11-30,,,,,,,,2461.94,,,,,,,,,,,,,
1990-12-01,,,,,,,,2461.8,,,,,,,,,,,,,
1990-12-02,,,,,,,,2461.62,,,,,,,,,,,,,
1990-12-03,,,,,,,,2461.5,,,,,,,,,,,,,
1990-12-04,,,,,,,,2461.38,,,,,,,,,,,,,
1990-12-05,,,,,,,,2461.28,,,,,,,,,,,,,
1990-12-06,,,,,,,,2461.1,,,,,,,,,,,,,
1990-12-07,,,,,,,,2461.0,,,,,,,,,,,,,
1990-12-08,,,,,,,,2460.92,,,,,,,,,,,,,
1990-12-09,,,,,,,,2460.8,,,,,,,,,,,,,
1990-12-10,,,,,,,,2460.67,,,,,,,,,,,,,
1990-12-11,,,,,,,,2460.56,,,,,,,,,,,,,
1990-12-12,,,,,,,,2460.43,,,,,,,,,,,,,
1990-12-13,,,,,,,,2460.3,,,,,,,,,,,,,
1990-12-14,,,,,,,,2460.2,,,,,,,,,,,,,
1990-12-15,,,,,,,,2460.2,,,,,,,,,,,,,
1990-12-16,,,,,,,,2459.95,,,,,,,,,,,,,
1990-12-17,,,,,,,,2459.82,,,,,,,,,,,,,
1990-12-18,,,,,,,,2459.72,,,,,,,,,,,,,
1990-12-19,,,,,,,,2459.62,,,,,,,,,,,,,
1990-12-20,,,,,,,,2459.5,,,,,,,,,,,,,
1990-12-21,,,,,,,,2459.38,,,,,,,,,,,,,
1990-12-22,,,,,,,,2459.18,,,,,,,,,,,,,
1990-12-23,,,,,,,,2459.02,,,,,,,,,,,,,
1990-12-24,,,,,,,,2458.83,,,,,,,,,,,,,
1990-12-25,,,,,,,,2458.62,,,,,,,,,,,,,
1990-12-26,,,,,,,,2458.43,,,,,,,,,,,,,
1990-12-27,,,,,,,,2458.26,,,,,,,,,,,,,
1990-12-28,,,,,,,,2458.05,,,,,,,,,,,,,
1990-12-29,,,,,,,,2457.82,,,,,,,,,,,,,
1990-12-30,,,,,,,,2457.63,,,,,,,,,,,,,
1990-12-31,,,,,,,,2457.43,,,,,,,,,,,,,
1991-01-01,,,,,,,,2457.23,,,,,,,,,,,,,
1991-01-02,,,,,,,,2457.08,,,,,,,,,,,,,
1991-01-03,,,,,,,,2456.9,,,,,,,,,,,,,
1991-01-04,,,,,,,,2456.72,,,,,,,,,,,,,
1991-01-05,,,,,,,,2456.56,,,,,,,,,,,,,
1991-01-06,,,,,,,,2456.4,,,,,,,,,,,,,
1991-01-07,,,,,,,,2456.3,,,,,,,,,,,,,
1991-01-08,,,,,,,,2456.2,,,,,,,,,,,,,
1991-01-09,,,,,,,,2456.1,,,,,,,,,,,,,
1991-01-10,,,,,,,,2456.05,,,,,,,,,,,,,
1991-01-11,,,,,,,,2456.0,,,,,,,,,,,,,
1991-01-12,,,,,,,,2455.95,,,,,,,,,,,,,
1991-01-13,,,,,,,,2455.88,,,,,,,,,,,,,
1991-01-14,,,,,,,,2455.8,,,,,,,,,,,,,
1991-01-15,,,,,,,,2455.8,,,,,,,,,,,,,
1991-01-16,,,,,,,,2455.4,,,,,,,,,,,,,
1991-01-17,,,,,,,,2455.2,,,,,,,,,,,,,
1991-01-18,,,,,,,,2455.0,,,,,,,,,,,,,
1991-01-19,,,,,,,,2454.8,,,,,,,,,,,,,
1991-01-20,,,,,,,,2454.58,,,,,,,,,,,,,
1991-01-21,,,,,,,,2454.4,,,,,,,,,,,,,
1991-01-22,,,,,,,,2454.18,,,,,,,,,,,,,
1991-01-23,,,,,,,,2453.93,,,,,,,,,,,,,
1991-01-24,,,,,,,,2453.72,,,,,,,,,,,,,
1991-01-25,,,,,,,,2453.48,,,,,,,,,,,,,
1991-01-26,,,,,,,,2453.27,,,,,,,,,,,,,
1991-01-27,,,,,,,,2452.95,,,,,,,,,,,,,
1991-01-28,,,,,,,,2452.7,,,,,,,,,,,,,
1991-01-29,,,,,,,,2452.5,,,,,,,,,,,,,
1991-01-30,,,,,,,,2452.28,,,,,,,,,,,,,
1991-01-31,,,,,,,,2452.05,,,,,,,,,,,,,
1991-02-01,,,,,,,,2451.8,,,,,,,,,,,,,
1991-02-02,,,,,,,,2451.8,,,,,,,,,,,,,
1991-02-03,,,,,,,,2451.63,,,,,,,,,,,,,
1991-02-04,,,,,,,,2451.55,,,,,,,,,,,,,
1991-02-05,,,,,,,,2451.47,,,,,,,,,,,,,
1991-02-06,,,,,,,,2451.39,,,,,,,,,,,,,
1991-02-07,,,,,,,,2451.31,,,,,,,,,,,,,
1991-02-08,,,,,,,,2451.16,,,,,,,,,,,,,
1991-02-09,,,,,,,,2450.9,,,,,,,,,,,,,
1991-02-10,,,,,,,,2450.62,,,,,,,,,,,,,
1991-02-11,,,,,,,,2450.34,,,,,,,,,,,,,
1991-02-12,,,,,,,,2450.06,,,,,,,,,,,,,
1991-02-13,,,,,,,,2449.82,,,,,,,,,,,,,
1991-02-14,,,,,,,,2449.54,,,,,,,,,,,,,
1991-02-15,,,,,,,,2449.54,,,,,,,,,,,,,
1991-02-16,,,,,,,,2448.95,,,,,,,,,,,,,
1991-02-17,,,,,,,,2448.67,,,,,,,,,,,,,
1991-02-18,,,,,,,,2448.38,,,,,,,,,,,,,
1991-02-19,,,,,,,,2448.08,,,,,,,,,,,,,
1991-02-20,,,,,,,,2447.7,,,,,,,,,,,,,
1991-02-21,,,,,,,,2447.37,,,,,,,,,,,,,
1991-02-22,,,,,,,,2447.05,,,,,,,,,,,,,
1991-02-23,,,,,,,,2446.7,,,,,,,,,,,,,
1991-02-24,,,,,,,,2446.37,,,,,,,,,,,,,
1991-02-25,,,,,,,,2446.16,,,,,,,,,,,,,
1991-02-26,,,,,,,,2446.0,,,,,,,,,,,,,
1991-02-27,,,,,,,,2445.75,,,,,,,,,,,,,
1991-02-28,,,,,,,,2445.49,,,,,,,,,,,,,
1991-03-01,,,,,,,,2445.23,,,,,,,,,,,,,
1991-03-02,,,,,,,,2444.98,,,,,,,,,,,,,
1991-03-03,,,,,,,,2444.71,,,,,,,,,,,,,
1991-03-04,,,,,,,,2444.48,,,,,,,,,,,,,
1991-03-05,,,,,,,,2444.2,,,,,,,,,,,,,
1991-03-06,,,,,,,,2443.93,,,,,,,,,,,,,
1991-03-07,,,,,,,,2443.7,,,,,,,,,,,,,
1991-03-08,,,,,,,,2443.43,,,,,,,,,,,,,
1991-03-09,,,,,,,,2443.13,,,,,,,,,,,,,
1991-03-10,,,,,,,,2442.8,,,,,,,,,,,,,
1991-03-11,,,,,,,,2442.14,,,,,,,,,,,,,
1991-03-12,,,,,,,,2441.79,,,,,,,,,,,,,
1991-03-13,,,,,,,,2441.46,,,,,,,,,,,,,
1991-03-14,,,,,,,,2441.46,,,,,,,,,,,,,
1991-03-15,,,,,,,,2441.46,,,,,,,,,,,,,
1991-03-16,,,,,,,,2440.8,,,,,,,,,,,,,
1991-03-17,,,,,,,,2440.4,,,,,,,,,,,,,
1991-03-18,,,,,,,,2440.0,,,,,,,,,,,,,
1991-03-19,,,,,,,,2439.6,,,,,,,,,,,,,
1991-03-20,,,,,,,,2439.2,,,,,,,,,,,,,
1991-03-21,,,,,,,,2438.8,,,,,,,,,,,,,
1991-03-22,,,,,,,,2438.4,,,,,,,,,,,,,
1991-03-23,,,,,,,,2438.0,,,,,,,,,,,,,
1991-03-24,,,,,,,,2437.55,,,,,,,,,,,,,
1991-03-25,,,,,,,,2437.1,,,,,,,,,,,,,
1991-03-26,,,,,,,,2436.75,,,,,,,,,,,,,
1991-03-27,,,,,,,,2436.48,,,,,,,,,,,,,
1991-03-28,,,,,,,,2436.34,,,,,,,,,,,,,
1991-03-29,,,,,,,,2436.22,,,,,,,,,,,,,
1991-03-30,,,,,,,,2436.09,,,,,,,,,,,,,
1991-03-31,,,,,,,,2435.89,,,,,,,,,,,,,
1991-04-01,,,,,,,,2435.49,,,,,,,,,,,,,
1991-04-02,,,,,,,,2435.09,,,,,,,,,,,,,
1991-04-03,,,,,,,,2434.74,,,,,,,,,,,,,
1991-04-04,,,,,,,,2434.29,,,,,,,,,,,,,
1991-04-05,,,,,,,,2433.83,,,,,,,,,,,,,
1991-04-06,,,,,,,,2433.42,,,,,,,,,,,,,
1991-04-07,,,,,,,,2433.02,,,,,,,,,,,,,
1991-04-08,,,,,,,,2432.62,,,,,,,,,,,,,
1991-04-09,,,,,,,,2432.14,,,,,,,,,,,,,
1991-04-10,,,,,,,,2431.64,,,,,,,,,,,,,
1991-04-11,,,,,,,,2431.14,,,,,,,,,,,,,
1991-04-12,,,,,,,,2430.62,,,,,,,,,,,,,
1991-04-13,,,,,,,,2430.02,,,,,,,,,,,,,
1991-04-14,,,,,,,,2429.42,,,,,,,,,,,,,
1991-04-15,,,,,,,,2428.8,,,,,,,,,,,,,
1991-04-16,,,,,,,,2428.18,,,,,,,,,,,,,
1991-04-17,,,,,,,,2427.6,,,,,,,,,,,,,
1991-04-18,,,,,,,,2427.1,,,,,,,,,,,,,
1991-04-19,,,,,,,,2427.03,,,,,,,,,,,,,
1991-04-20,,,,,,,,2426.9,,,,,,,,,,,,,
1991-04-21,,,,,,,,2426.78,,,,,,,,,,,,,
1991-04-22,,,,,,,,2426.66,,,,,,,,,,,,,
1991-04-23,,,,,,,,2426.54,,,,,,,,,,,,,
1991-04-24,,,,,,,,2426.42,,,,,,,,,,,,,
1991-04-25,,,,,,,,2426.29,,,,,,,,,,,,,
1991-04-26,,,,,,,,2426.23,,,,,,,,,,,,,
1991-04-27,,,,,,,,2426.35,,,,,,,,,,,,,
1991-04-28,,,,,,,,2426.5,,,,,,,,,,,,,
1991-04-29,,,,,,,,2426.6,,,,,,,,,,,,,
1991-04-30,,,,,,,,2427.6,,,,,,,,,,,,,
1991-05-01,,,,,,,,2428.4,,,,,,,,,,,,,
1991-05-02,,,,,,,,2428.0,,,,,,,,,,,,,
1991-05-03,,,,,,,,2427.72,,,,,,,,,,,,,
1991-05-04,,,,,,,,2427.34,,,,,,,,,,,,,
1991-05-05,,,,,,,,2427.09,,,,,,,,,,,,,
1991-05-06,,,,,,,,2427.45,,,,,,,,,,,,,
1991-05-07,,,,,,,,2427.35,,,,,,,,,,,,,
1991-05-08,,,,,,,,2426.95,,,,,,,,,,,,,
1991-05-09,,,,,,,,2426.55,,,,,,,,,,,,,
1991-05-10,,,,,,,,2426.15,,,,,,,,,,,,,
1991-05-11,,,,,,,,2425.65,,,,,,,,,,,,,
1991-05-12,,,,,,,,2425.15,,,,,,,,,,,,,
1991-05-13,,,,,,,,2424.7,,,,,,,,,,,,,
1991-05-14,,,,,,,,2424.35,,,,,,,,,,,,,
1991-05-15,,,,,,,,2424.35,,,,,,,,,,,,,
1991-05-16,,,,,,,,2424.0,,,,,,,,,,,,,
1991-05-17,,,,,,,,2423.65,,,,,,,,,,,,,
1991-05-18,,,,,,,,2423.4,,,,,,,,,,,,,
1991-05-19,,,,,,,,2423.2,,,,,,,,,,,,,
1991-05-20,,,,,,,,2422.9,,,,,,,,,,,,,
1991-05-21,,,,,,,,2422.7,,,,,,,,,,,,,
1991-05-22,,,,,,,,2422.5,,,,,,,,,,,,,
1991-05-23,,,,,,,,2422.3,,,,,,,,,,,,,
1991-05-24,,,,,,,,2422.1,,,,,,,,,,,,,
1991-05-25,,,,,,,,2421.8,,,,,,,,,,,,,
1991-05-26,,,,,,,,2421.6,,,,,,,,,,,,,
1991-05-27,,,,,,,,2421.6,,,,,,,,,,,,,
1991-05-28,,,,,,,,2421.85,,,,,,,,,,,,,
1991-05-29,,,,,,,,2422.05,,,,,,,,,,,,,
1991-05-30,,,,,,,,2422.3,,,,,,,,,,,,,
1991-05-31,,,,,,,,2422.55,,,,,,,,,,,,,
1991-06-01,,,,,,,,2422.9,,,,,,,,,,,,,
1991-06-02,,,,,,,,2423.15,,,,,,,,,,,,,
1991-06-03,,,,,,,,2423.45,,,,,,,,,,,,,
1991-06-04,,,,,,,,2424.0,,,,,,,,,,,,,
1991-06-05,,,,,,,,2425.15,,,,,,,,,,,,,
1991-06-06,,,,,,,,2427.05,,,,,,,,,,,,,
1991-06-07,,,,,,,,2427.9,,,,,,,,,,,,,
1991-06-08,,,,,,,,2428.25,,,,,,,,,,,,,
1991-06-09,,,,,,,,2428.45,,,,,,,,,,,,,
1991-06-10,,,,,,,,2430.32,,,,,,,,,,,,,
1991-06-11,,,,,,,,2433.02,,,,,,,,,,,,,
1991-06-12,,,,,,,,2435.52,,,,,,,,,,,,,
1991-06-13,,,,,,,,2438.26,,,,,,,,,,,,,
1991-06-14,,,,,,,,2440.18,,,,,,,,,,,,,
1991-06-15,,,,,,,,2440.18,,,,,,,,,,,,,
1991-06-16,,,,,,,,2442.0,,,,,,,,,,,,,
1991-06-17,,,,,,,,2442.54,,,,,,,,,,,,,
1991-06-18,,,,,,,,2442.9,,,,,,,,,,,,,
1991-06-19,,,,,,,,2443.28,,,,,,,,,,,,,
1991-06-20,,,,,,,,2443.53,,,,,,,,,,,,,
1991-06-21,,,,,,,,2443.76,,,,,,,,,,,,,
1991-06-22,,,,,,,,2444.0,,,,,,,,,,,,,
1991-06-23,,,,,,,,2444.14,,,,,,,,,,,,,
1991-06-24,,,,,,,,2444.2,,,,,,,,,,,,,
1991-06-25,,,,,,,,2444.26,,,,,,,,,,,,,
1991-06-26,,,,,,,,2444.34,,,,,,,,,,,,,
1991-06-27,,,,,,,,2444.29,,,,,,,,,,,,,
1991-06-28,,,,,,,,2444.26,,,,,,,,,,,,,
1991-06-29,,,,,,,,2444.23,,,,,,,,,,,,,
1991-06-30,,,,,,,,2444.19,,,,,,,,,,,,,
1991-07-01,,,,,,,,2444.8,,,,,,,,,,,,,
1991-07-02,,,,,,,,2444.86,,,,,,,,,,,,,
1991-07-03,,,,,,,,2445.2,,,,,,,,,,,,,
1991-07-04,,,,,,,,2446.0,,,,,,,,,,,,,
1991-07-05,,,,,,,,2446.1,,,,,,,,,,,,,
1991-07-06,,,,,,,,2446.2,,,,,,,,,,,,,
1991-07-07,,,,,,,,2446.25,,,,,,,,,,,,,
1991-07-08,,,,,,,,2446.32,,,,,,,,,,,,,
1991-07-09,,,,,,,,2447.0,,,,,,,,,,,,,
1991-07-10,,,,,,,,2448.2,,,,,,,,,,,,,
1991-07-11,,,,,,,,2449.0,,,,,,,,,,,,,
1991-07-12,,,,,,,,2449.9,,,,,,,,,,,,,
1991-07-13,,,,,,,,2452.0,,,,,,,,,,,,,
1991-07-14,,,,,,,,2454.22,,,,,,,,,,,,,
1991-07-15,,,,,,,,2455.35,,,,,,,,,,,,,
1991-07-16,,,,,,,,2456.1,,,,,,,,,,,,,
1991-07-17,,,,,,,,2456.52,,,,,,,,,,,,,
1991-07-18,,,,,,,,2457.2,,,,,,,,,,,,,
1991-07-19,,,,,,,,2458.04,,,,,,,,,,,,,
1991-07-20,,,,,,,,2458.68,,,,,,,,,,,,,
1991-07-21,,,,,,,,2459.2,,,,,,,,,,,,,
1991-07-22,,,,,,,,2459.6,,,,,,,,,,,,,
1991-07-23,,,,,,,,2460.28,,,,,,,,,,,,,
1991-07-24,,,,,,,,2461.0,,,,,,,,,,,,,
1991-07-25,,,,,,,,2461.78,,,,,,,,,,,,,
1991-07-26,,,,,,,,2462.7,,,,,,,,,,,,,
1991-07-27,,,,,,,,2463.8,,,,,,,,,,,,,
1991-07-28,,,,,,,,2467.4,,,,,,,,,,,,,
1991-07-29,,,,,,,,2465.81,,,,,,,,,,,,,
1991-07-30,,,,,,,,2464.6,,,,,,,,,,,,,
1991-07-31,,,,,,,,2465.78,,,,,,,,,,,,,
1991-08-01,,,,,,,,2465.54,,,,,,,,,,,,,
1991-08-02,,,,,,,,2466.06,,,,,,,,,,,,,
1991-08-03,,,,,,,,2465.66,,,,,,,,,,,,,
1991-08-04,,,,,,,,2466.16,,,,,,,,,,,,,
1991-08-05,,,,,,,,2466.56,,,,,,,,,,,,,
1991-08-06,,,,,,,,2466.5,,,,,,,,,,,,,
1991-08-07,,,,,,,,2466.82,,,,,,,,,,,,,
1991-08-08,,,,,,,,2466.79,,,,,,,,,,,,,
1991-08-09,,,,,,,,2466.82,,,,,,,,,,,,,
1991-08-10,,,,,,,,2467.04,,,,,,,,,,,,,
1991-08-11,,,,,,,,2467.06,,,,,,,,,,,,,
1991-08-12,,,,,,,,2467.35,,,,,,,,,,,,,
1991-08-13,,,,,,,,2467.35,,,,,,,,,,,,,
1991-08-14,,,,,,,,2467.4,,,,,,,,,,,,,
1991-08-15,,,,,,,,2467.54,,,,,,,,,,,,,
1991-08-16,,,,,,,,2467.5,,,,,,,,,,,,,
1991-08-17,,,,,,,,2467.26,,,,,,,,,,,,,
1991-08-18,,,,,,,,2467.32,,,,,,,,,,,,,
1991-08-19,,,,,,,,2467.38,,,,,,,,,,,,,
1991-08-20,,,,,,,,2467.2,,,,,,,,,,,,,
1991-08-21,,,,,,,,2467.13,,,,,,,,,,,,,
1991-08-22,,,,,,,,2467.58,,,,,,,,,,,,,
1991-08-23,,,,,,,,2467.83,,,,,,,,,,,,,
1991-08-24,,,,,,,,2467.8,,,,,,,,,,,,,
1991-08-25,,,,,,,,2467.48,,,,,,,,,,,,,
1991-08-26,,,,,,,,2467.49,,,,,,,,,,,,,
1991-08-27,,,,,,,,2467.89,,,,,,,,,,,,,
1991-08-28,,,,,,,,2467.76,,,,,,,,,,,,,
1991-08-29,,,,,,,,2467.67,,,,,,,,,,,,,
1991-08-30,,,,,,,,2467.62,,,,,,,,,,,,,
1991-08-31,,,,,,,,2467.57,,,,,,,,,,,,,
1991-09-01,,,,,,,,2467.5,,,,,,,,,,,,,
1991-09-02,,,,,,,,2467.42,,,,,,,,,,,,,
1991-09-03,,,,,,,,2467.27,,,,,,,,,,,,,
1991-09-04,,,,,,,,2467.09,,,,,,,,,,,,,
1991-09-05,,,,,,,,2466.89,,,,,,,,,,,,,
1991-09-06,,,,,,,,2466.66,,,,,,,,,,,,,
1991-09-07,,,,,,,,2466.44,,,,,,,,,,,,,
1991-09-08,,,,,,,,2466.2,,,,,,,,,,,,,
1991-09-09,,,,,,,,2465.95,,,,,,,,,,,,,
1991-09-10,,,,,,,,2465.7,,,,,,,,,,,,,
1991-09-11,,,,,,,,2465.44,,,,,,,,,,,,,
1991-09-12,,,,,,,,2465.5,,,,,,,,,,,,,
1991-09-13,,,,,,,,2465.72,,,,,,,,,,,,,
1991-09-14,,,,,,,,2466.6,,,,,,,,,,,,,
1991-09-15,,,,,,,,2467.2,,,,,,,,,,,,,
1991-09-16,,,,,,,,2467.52,,,,,,,,,,,,,
1991-09-17,,,,,,,,2467.7,,,,,,,,,,,,,
1991-09-18,,,,,,,,2467.68,,,,,,,,,,,,,
1991-09-19,,,,,,,,2467.6,,,,,,,,,,,,,
1991-09-20,,,,,,,,2467.39,,,,,,,,,,,,,
1991-09-21,,,,,,,,2467.14,,,,,,,,,,,,,
1991-09-22,,,,,,,,2466.98,,,,,,,,,,,,,
1991-09-23,,,,,,,,2466.9,,,,,,,,,,,,,
1991-09-24,,,,,,,,2466.82,,,,,,,,,,,,,
1991-09-25,,,,,,,,2466.7,,,,,,,,,,,,,
1991-09-26,,,,,,,,2466.64,,,,,,,,,,,,,
1991-09-27,,,,,,,,2466.6,,,,,,,,,,,,,
1991-09-28,,,,,,,,2466.6,,,,,,,,,,,,,
1991-09-29,,,,,,,,2466.64,,,,,,,,,,,,,
1991-09-30,,,,,,,,2466.69,,,,,,,,,,,,,
1991-10-01,,,,,,,,2466.73,,,,,,,,,,,,,
1991-10-02,,,,,,,,2466.71,,,,,,,,,,,,,
1991-10-03,,,,,,,,2466.8,,,,,,,,,,,,,
1991-10-04,,,,,,,,2466.9,,,,,,,,,,,,,
1991-10-05,,,,,,,,2467.3,,,,,,,,,,,,,
1991-10-06,,,,,,,,2467.51,,,,,,,,,,,,,
1991-10-07,,,,,,,,2467.57,,,,,,,,,,,,,
1991-10-08,,,,,,,,2467.57,,,,,,,,,,,,,
1991-10-09,,,,,,,,2467.75,,,,,,,,,,,,,
1991-10-10,,,,,,,,2467.9,,,,,,,,,,,,,
1991-10-11,,,,,,,,2468.1,,,,,,,,,,,,,
1991-10-12,,,,,,,,2468.29,,,,,,,,,,,,,
1991-10-13,,,,,,,,2468.37,,,,,,,,,,,,,
1991-10-14,,,,,,,,2468.34,,,,,,,,,,,,,
1991-10-15,,,,,,,,2468.25,,,,,,,,,,,,,
1991-10-16,,,,,,,,2468.13,,,,,,,,,,,,,
1991-10-17,,,,,,,,2468.02,,,,,,,,,,,,,
1991-10-18,,,,,,,,2468.1,,,,,,,,,,,,,
1991-10-19,,,,,,,,2468.1,,,,,,,,,,,,,
1991-10-20,,,,,,,,2468.08,,,,,,,,,,,,,
1991-10-21,,,,,,,,2468.0,,,,,,,,,,,,,
1991-10-22,,,,,,,,2467.86,,,,,,,,,,,,,
1991-10-23,,,,,,,,2467.68,,,,,,,,,,,,,
1991-10-24,,,,,,,,2467.53,,,,,,,,,,,,,
1991-10-25,,,,,,,,2467.42,,,,,,,,,,,,,
1991-10-26,,,,,,,,2467.29,,,,,,,,,,,,,
1991-10-27,,,,,,,,2467.16,,,,,,,,,,,,,
1991-10-28,,,,,,,,2466.83,,,,,,,,,,,,,
1991-10-29,,,,,,,,2466.7,,,,,,,,,,,,,
1991-10-30,,,,,,,,2467.24,,,,,,,,,,,,,
1991-10-31,,,,,,,,2468.02,,,,,,,,,,,,,
1991-11-01,,,,,,,,2468.54,,,,,,,,,,,,,
1991-11-02,,,,,,,,2468.77,,,,,,,,,,,,,
1991-11-03,,,,,,,,2468.8,,,,,,,,,,,,,
1991-11-04,,,,,,,,2468.714,,,,,,,,,,,,,
1991-11-05,,,,,,,,2468.6,,,,,,,,,,,,,
1991-11-06,,,,,,,,2468.8,,,,,,,,,,,,,
1991-11-07,,,,,,,,2468.8,,,,,,,,,,,,,
1991-11-08,,,,,,,,2468.8,,,,,,,,,,,,,
1991-11-09,,,,,,,,2468.8,,,,,,,,,,,,,
1991-11-10,,,,,,,,2468.72,,,,,,,,,,,,,
1991-11-11,,,,,,,,2468.64,,,,,,,,,,,,,
1991-11-12,,,,,,,,2468.54,,,,,,,,,,,,,
1991-11-13,,,,,,,,2468.42,,,,,,,,,,,,,
1991-11-14,,,,,,,,2468.3,,,,,,,,,,,,,
1991-11-15,,,,,,,,2468.14,,,,,,,,,,,,,
1991-11-16,,,,,,,,2468.16,,,,,,,,,,,,,
1991-11-17,,,,,,,,2468.25,,,,,,,,,,,,,
1991-11-18,,,,,,,,2468.36,,,,,,,,,,,,,
1991-11-19,,,,,,,,2468.56,,,,,,,,,,,,,
1991-11-20,,,,,,,,2468.63,,,,,,,,,,,,,
1991-11-21,,,,,,,,2468.63,,,,,,,,,,,,,
1991-11-22,,,,,,,,2468.58,,,,,,,,,,,,,
1991-11-23,,,,,,,,2468.51,,,,,,,,,,,,,
1991-11-24,,,,,,,,2468.41,,,,,,,,,,,,,
1991-11-25,,,,,,,,2468.3,,,,,,,,,,,,,
1991-11-26,,,,,,,,2468.22,,,,,,,,,,,,,
1991-11-27,,,,,,,,2468.12,,,,,,,,,,,,,
1991-11-28,,,,,,,,2468.02,,,,,,,,,,,,,
1991-11-29,,,,,,,,2467.9,,,,,,,,,,,,,
1991-11-30,,,,,,,,2467.79,,,,,,,,,,,,,
1991-12-01,,,,,,,,2467.65,,,,,,,,,,,,,
1991-12-02,,,,,,,,2467.55,,,,,,,,,,,,,
1991-12-03,,,,,,,,2467.4,,,,,,,,,,,,,
1991-12-04,,,,,,,,2467.28,,,,,,,,,,,,,
1991-12-05,,,,,,,,2467.15,,,,,,,,,,,,,
1991-12-06,,,,,,,,2467.03,,,,,,,,,,,,,
1991-12-07,,,,,,,,2466.9,,,,,,,,,,,,,
1991-12-08,,,,,,,,2466.77,,,,,,,,,,,,,
1991-12-09,,,,,,,,2466.61,,,,,,,,,,,,,
1991-12-10,,,,,,,,2466.57,,,,,,,,,,,,,
1991-12-11,,,,,,,,2466.46,,,,,,,,,,,,,
1991-12-12,,,,,,,,2466.34,,,,,,,,,,,,,
1991-12-13,,,,,,,,2466.2,,,,,,,,,,,,,
1991-12-14,,,,,,,,2466.03,,,,,,,,,,,,,
1991-12-15,,,,,,,,2465.9,,,,,,,,,,,,,
1991-12-16,,,,,,,,2465.73,,,,,,,,,,,,,
1991-12-17,,,,,,,,2465.58,,,,,,,,,,,,,
1991-12-18,,,,,,,,2465.42,,,,,,,,,,,,,
1991-12-19,,,,,,,,2465.28,,,,,,,,,,,,,
1991-12-20,,,,,,,,2465.1,,,,,,,,,,,,,
1991-12-21,,,,,,,,2464.95,,,,,,,,,,,,,
1991-12-22,,,,,,,,2464.8,,,,,,,,,,,,,
1991-12-23,,,,,,,,2464.65,,,,,,,,,,,,,
1991-12-24,,,,,,,,2464.48,,,,,,,,,,,,,
1991-12-25,,,,,,,,2464.33,,,,,,,,,,,,,
1991-12-26,,,,,,,,2464.14,,,,,,,,,,,,,
1991-12-27,,,,,,,,2463.95,,,,,,,,,,,,,
1991-12-28,,,,,,,,2463.75,,,,,,,,,,,,,
1991-12-29,,,,,,,,2463.55,,,,,,,,,,,,,
1991-12-30,,,,,,,,2463.34,,,,,,,,,,,,,
1991-12-31,,,,,,,,2463.13,,,,,,,,,,,,,
1992-01-01,,,,,,,,2462.98,,,,,,,,,,,,,
1992-01-02,,,,,,,,2462.95,,,,,,,,,,,,,
1992-01-03,,,,,,,,2462.8,,,,,,,,,,,,,
1992-01-04,,,,,,,,2462.6,,,,,,,,,,,,,
1992-01-05,,,,,,,,2462.3,,,,,,,,,,,,,
1992-01-06,,,,,,,,2461.95,,,,,,,,,,,,,
1992-01-07,,,,,,,,2461.78,,,,,,,,,,,,,
1992-01-08,,,,,,,,2461.6,,,,,,,,,,,,,
1992-01-09,,,,,,,,2461.44,,,,,,,,,,,,,
1992-01-10,,,,,,,,2461.28,,,,,,,,,,,,,
1992-01-11,,,,,,,,2461.05,,,,,,,,,,,,,
1992-01-12,,,,,,,,2460.75,,,,,,,,,,,,,
1992-01-13,,,,,,,,2460.48,,,,,,,,,,,,,
1992-01-14,,,,,,,,2460.2,,,,,,,,,,,,,
1992-01-15,,,,,,,,2459.92,,,,,,,,,,,,,
1992-01-16,,,,,,,,2459.63,,,,,,,,,,,,,
1992-01-17,,,,,,,,2459.34,,,,,,,,,,,,,
1992-01-18,,,,,,,,2459.08,,,,,,,,,,,,,
1992-01-19,,,,,,,,2458.8,,,,,,,,,,,,,
1992-01-20,,,,,,,,2458.5,,,,,,,,,,,,,
1992-01-21,,,,,,,,2458.23,,,,,,,,,,,,,
1992-01-22,,,,,,,,2457.95,,,,,,,,,,,,,
1992-01-23,,,,,,,,2457.74,,,,,,,,,,,,,
1992-01-24,,,,,,,,2457.39,,,,,,,,,,,,,
1992-01-25,,,,,,,,2457.06,,,,,,,,,,,,,
1992-01-26,,,,,,,,2456.27,,,,,,,,,,,,,
1992-01-27,,,,,,,,2456.48,,,,,,,,,,,,,
1992-01-28,,,,,,,,2456.37,,,,,,,,,,,,,
1992-01-29,,,,,,,,2456.29,,,,,,,,,,,,,
1992-01-30,,,,,,,,2456.2,,,,,,,,,,,,,
1992-01-31,,,,,,,,2456.1,,,,,,,,,,,,,
1992-02-01,,,,,,,,2456.0,,,,,,,,,,,,,
1992-02-02,,,,,,,,2455.9,,,,,,,,,,,,,
1992-02-03,,,,,,,,2455.82,,,,,,,,,,,,,
1992-02-04,,,,,,,,2455.75,,,,,,,,,,,,,
1992-02-05,,,,,,,,2455.63,,,,,,,,,,,,,
1992-02-06,,,,,,,,2455.48,,,,,,,,,,,,,
1992-02-07,,,,,,,,2455.22,,,,,,,,,,,,,
1992-02-08,,,,,,,,2454.95,,,,,,,,,,,,,
1992-02-09,,,,,,,,2454.68,,,,,,,,,,,,,
1992-02-10,,,,,,,,2454.46,,,,,,,,,,,,,
1992-02-11,,,,,,,,2454.2,,,,,,,,,,,,,
1992-02-12,,,,,,,,2453.93,,,,,,,,,,,,,
1992-02-13,,,,,,,,2453.67,,,,,,,,,,,,,
1992-02-14,,,,,,,,2453.4,,,,,,,,,,,,,
1992-02-15,,,,,,,,2453.14,,,,,,,,,,,,,
1992-02-16,,,,,,,,2452.87,,,,,,,,,,,,,
1992-02-17,,,,,,,,2452.6,,,,,,,,,,,,,
1992-02-18,,,,,,,,2452.32,,,,,,,,,,,,,
1992-02-19,,,,,,,,2452.05,,,,,,,,,,,,,
1992-02-20,,,,,,,,2451.78,,,,,,,,,,,,,
1992-02-21,,,,,,,,2451.5,,,,,,,,,,,,,
1992-02-22,,,,,,,,2451.24,,,,,,,,,,,,,
1992-02-23,,,,,,,,2451.05,,,,,,,,,,,,,
1992-02-24,,,,,,,,2450.88,,,,,,,,,,,,,
1992-02-25,,,,,,,,2450.69,,,,,,,,,,,,,
1992-02-26,,,,,,,,2450.5,,,,,,,,,,,,,
1992-02-27,,,,,,,,2450.32,,,,,,,,,,,,,
1992-02-28,,,,,,,,2450.15,,,,,,,,,,,,,
1992-02-29,,,,,,,,2449.97,,,,,,,,,,,,,
1992-03-01,,,,,,,,2449.83,,,,,,,,,,,,,
1992-03-02,,,,,,,,2449.7,,,,,,,,,,,,,
1992-03-03,,,,,,,,2449.48,,,,,,,,,,,,,
1992-03-04,,,,,,,,2449.2,,,,,,,,,,,,,
1992-03-05,,,,,,,,2448.9,,,,,,,,,,,,,
1992-03-06,,,,,,,,2448.61,,,,,,,,,,,,,
1992-03-07,,,,,,,,2448.31,,,,,,,,,,,,,
1992-03-08,,,,,,,,2448.0,,,,,,,,,,,,,
1992-03-09,,,,,,,,2447.7,,,,,,,,,,,,,
1992-03-10,,,,,,,,2447.41,,,,,,,,,,,,,
1992-03-11,,,,,,,,2447.12,,,,,,,,,,,,,
1992-03-12,,,,,,,,2446.83,,,,,,,,,,,,,
1992-03-13,,,,,,,,2446.52,,,,,,,,,,,,,
1992-03-14,,,,,,,,2446.27,,,,,,,,,,,,,
1992-03-15,,,,,,,,2446.0,,,,,,,,,,,,,
1992-03-16,,,,,,,,2445.72,,,,,,,,,,,,,
1992-03-17,,,,,,,,2445.43,,,,,,,,,,,,,
1992-03-18,,,,,,,,2445.13,,,,,,,,,,,,,
1992-03-19,,,,,,,,2444.83,,,,,,,,,,,,,
1992-03-20,,,,,,,,2444.61,,,,,,,,,,,,,
1992-03-21,,,,,,,,2444.31,,,,,,,,,,,,,
1992-03-22,,,,,,,,2444.02,,,,,,,,,,,,,
1992-03-23,,,,,,,,2443.72,,,,,,,,,,,,,
1992-03-24,,,,,,,,2443.41,,,,,,,,,,,,,
1992-03-25,,,,,,,,2443.1,,,,,,,,,,,,,
1992-03-26,,,,,,,,2442.75,,,,,,,,,,,,,
1992-03-27,,,,,,,,2442.36,,,,,,,,,,,,,
1992-03-28,,,,,,,,2441.94,,,,,,,,,,,,,
1992-03-29,,,,,,,,2441.52,,,,,,,,,,,,,
1992-03-30,,,,,,,,2441.1,,,,,,,,,,,,,
1992-03-31,,,,,,,,2440.68,,,,,,,,,,,,,
1992-04-01,,,,,,,,2440.36,,,,,,,,,,,,,
1992-04-02,,,,,,,,2439.86,,,,,,,,,,,,,
1992-04-03,,,,,,,,2439.44,,,,,,,,,,,,,
1992-04-04,,,,,,,,2439.04,,,,,,,,,,,,,
1992-04-05,,,,,,,,2438.65,,,,,,,,,,,,,
1992-04-06,,,,,,,,2438.26,,,,,,,,,,,,,
1992-04-07,,,,,,,,2437.86,,,,,,,,,,,,,
1992-04-08,,,,,,,,2437.44,,,,,,,,,,,,,
1992-04-09,,,,,,,,2437.02,,,,,,,,,,,,,
1992-04-10,,,,,,,,2436.59,,,,,,,,,,,,,
1992-04-11,,,,,,,,2436.16,,,,,,,,,,,,,
1992-04-12,,,,,,,,2436.08,,,,,,,,,,,,,
1992-04-13,,,,,,,,2435.93,,,,,,,,,,,,,
1992-04-14,,,,,,,,2435.89,,,,,,,,,,,,,
1992-04-15,,,,,,,,2435.81,,,,,,,,,,,,,
1992-04-16,,,,,,,,2435.75,,,,,,,,,,,,,
1992-04-17,,,,,,,,2435.68,,,,,,,,,,,,,
1992-04-18,,,,,,,,2435.6,,,,,,,,,,,,,
1992-04-19,,,,,,,,2435.28,,,,,,,,,,,,,
1992-04-20,,,,,,,,2434.95,,,,,,,,,,,,,
1992-04-21,,,,,,,,2434.62,,,,,,,,,,,,,
1992-04-22,,,,,,,,2434.4,,,,,,,,,,,,,
1992-04-23,,,,,,,,2434.0,,,,,,,,,,,,,
1992-04-24,,,,,,,,2433.68,,,,,,,,,,,,,
1992-04-25,,,,,,,,2433.27,,,,,,,,,,,,,
1992-04-26,,,,,,,,2432.97,,,,,,,,,,,,,
1992-04-27,,,,,,,,2432.62,,,,,,,,,,,,,
1992-04-28,,,,,,,,2432.37,,,,,,,,,,,,,
1992-04-29,,,,,,,,2432.07,,,,,,,,,,,,,
1992-04-30,,,,,,,,2432.77,,,,,,,,,,,,,
1992-05-01,,,,,,,,2431.42,,,,,,,,,,,,,
1992-05-02,,,,,,,,2431.07,,,,,,,,,,,,,
1992-05-03,,,,,,,,2430.57,,,,,,,,,,,,,
1992-05-04,,,,,,,,2430.12,,,,,,,,,,,,,
1992-05-05,,,,,,,,2429.72,,,,,,,,,,,,,
1992-05-06,,,,,,,,2429.22,,,,,,,,,,,,,
1992-05-07,,,,,,,,2428.62,,,,,,,,,,,,,
1992-05-08,,,,,,,,2428.2,,,,,,,,,,,,,
1992-05-09,,,,,,,,2428.0,,,,,,,,,,,,,
1992-05-10,,,,,,,,2428.0,,,,,,,,,,,,,
1992-05-11,,,,,,,,2428.0,,,,,,,,,,,,,
1992-05-12,,,,,,,,2428.05,,,,,,,,,,,,,
1992-05-13,,,,,,,,2428.27,,,,,,,,,,,,,
1992-05-14,,,,,,,,2428.47,,,,,,,,,,,,,
1992-05-15,,,,,,,,2428.67,,,,,,,,,,,,,
1992-05-16,,,,,,,,2429.12,,,,,,,,,,,,,
1992-05-17,,,,,,,,2429.42,,,,,,,,,,,,,
1992-05-18,,,,,,,,2429.37,,,,,,,,,,,,,
1992-05-19,,,,,,,,2429.32,,,,,,,,,,,,,
1992-05-20,,,,,,,,2429.22,,,,,,,,,,,,,
1992-05-21,,,,,,,,2429.07,,,,,,,,,,,,,
1992-05-22,,,,,,,,2428.92,,,,,,,,,,,,,
1992-05-23,,,,,,,,2428.52,,,,,,,,,,,,,
1992-05-24,,,,,,,,2428.12,,,,,,,,,,,,,
1992-05-25,,,,,,,,2427.75,,,,,,,,,,,,,
1992-05-26,,,,,,,,2427.45,,,,,,,,,,,,,
1992-05-27,,,,,,,,2427.05,,,,,,,,,,,,,
1992-05-28,,,,,,,,2426.75,,,,,,,,,,,,,
1992-05-29,,,,,,,,2426.4,,,,,,,,,,,,,
1992-05-30,,,,,,,,2426.05,,,,,,,,,,,,,
1992-05-31,,,,,,,,2425.5,,,,,,,,,,,,,
1992-06-01,,,,,,,,2425.0,,,,,,,,,,,,,
1992-06-02,,,,,,,,2424.5,,,,,,,,,,,,,
1992-06-03,,,,,,,,2424.0,,,,,,,,,,,,,
1992-06-04,,,,,,,,2423.4,,,,,,,,,,,,,
1992-06-05,,,,,,,,2423.35,,,,,,,,,,,,,
1992-06-06,,,,,,,,2423.2,,,,,,,,,,,,,
1992-06-07,,,,,,,,2423.1,,,,,,,,,,,,,
1992-06-08,,,,,,,,2422.95,,,,,,,,,,,,,
1992-06-09,,,,,,,,2422.85,,,,,,,,,,,,,
1992-06-10,,,,,,,,2423.3,,,,,,,,,,,,,
1992-06-11,,,,,,,,2423.7,,,,,,,,,,,,,
1992-06-12,,,,,,,,2424.05,,,,,,,,,,,,,
1992-06-13,,,,,,,,2424.3,,,,,,,,,,,,,
1992-06-14,,,,,,,,2424.65,,,,,,,,,,,,,
1992-06-15,,,,,,,,2425.05,,,,,,,,,,,,,
1992-06-16,,,,,,,,2425.4,,,,,,,,,,,,,
1992-06-17,,,,,,,,2425.7,,,,,,,,,,,,,
1992-06-18,,,,,,,,2426.1,,,,,,,,,,,,,
1992-06-19,,,,,,,,2426.6,,,,,,,,,,,,,
1992-06-20,,,,,,,,2428.0,,,,,,,,,,,,,
1992-06-21,,,,,,,,2432.07,,,,,,,,,,,,,
1992-06-22,,,,,,,,2436.6,,,,,,,,,,,,,
1992-06-23,,,,,,,,2442.0,,,,,,,,,,,,,
1992-06-24,,,,,,,,2446.38,,,,,,,,,,,,,
1992-06-25,,,,,,,,2449.1,,,,,,,,,,,,,
1992-06-26,,,,,,,,2450.55,,,,,,,,,,,,,
1992-06-27,,,,,,,,2451.28,,,,,,,,,,,,,
1992-06-28,,,,,,,,2451.64,,,,,,,,,,,,,
1992-06-29,,,,,,,,2452.0,,,,,,,,,,,,,
1992-06-30,,,,,,,,2452.55,,,,,,,,,,,,,
1992-07-01,,,,,,,,2453.72,,,,,,,,,,,,,
1992-07-02,,,,,,,,2454.62,,,,,,,,,,,,,
1992-07-03,,,,,,,,2455.3,,,,,,,,,,,,,
1992-07-04,,,,,,,,2455.8,,,,,,,,,,,,,
1992-07-05,,,,,,,,2456.15,,,,,,,,,,,,,
1992-07-06,,,,,,,,2456.36,,,,,,,,,,,,,
1992-07-07,,,,,,,,2456.9,,,,,,,,,,,,,
1992-07-08,,,,,,,,2457.88,,,,,,,,,,,,,
1992-07-09,,,,,,,,2458.6,,,,,,,,,,,,,
1992-07-10,,,,,,,,2459.0,,,,,,,,,,,,,
1992-07-11,,,,,,,,2459.1,,,,,,,,,,,,,
1992-07-12,,,,,,,,2459.22,,,,,,,,,,,,,
1992-07-13,,,,,,,,2459.26,,,,,,,,,,,,,
1992-07-14,,,,,,,,2459.24,,,,,,,,,,,,,
1992-07-15,,,,,,,,2459.18,,,,,,,,,,,,,
1992-07-16,,,,,,,,2459.16,,,,,,,,,,,,,
1992-07-17,,,,,,,,2459.17,,,,,,,,,,,,,
1992-07-18,,,,,,,,2459.23,,,,,,,,,,,,,
1992-07-19,,,,,,,,2459.95,,,,,,,,,,,,,
1992-07-20,,,,,,,,2461.15,,,,,,,,,,,,,
1992-07-21,,,,,,,,2462.45,,,,,,,,,,,,,
1992-07-22,,,,,,,,2463.75,,,,,,,,,,,,,
1992-07-23,,,,,,,,2464.65,,,,,,,,,,,,,
1992-07-24,,,,,,,,2465.26,,,,,,,,,,,,,
1992-07-25,,,,,,,,2466.0,,,,,,,,,,,,,
1992-07-26,,,,,,,,2466.82,,,,,,,,,,,,,
1992-07-27,,,,,,,,2467.47,,,,,,,,,,,,,
1992-07-28,,,,,,,,2467.53,,,,,,,,,,,,,
1992-07-29,,,,,,,,2467.5,,,,,,,,,,,,,
1992-07-30,,,,,,,,2467.45,,,,,,,,,,,,,
1992-07-31,,,,,,,,2467.51,,,,,,,,,,,,,
1992-08-01,,,,,,,,2467.61,,,,,,,,,,,,,
1992-08-02,,,,,,,,2467.69,,,,,,,,,,,,,
1992-08-03,,,,,,,,2467.6,,,,,,,,,,,,,
1992-08-04,,,,,,,,2467.94,,,,,,,,,,,,,
1992-08-05,,,,,,,,2467.94,,,,,,,,,,,,,
1992-08-06,,,,,,,,2468.0,,,,,,,,,,,,,
1992-08-07,,,,,,,,2468.0,,,,,,,,,,,,,
1992-08-08,,,,,,,,2468.0,,,,,,,,,,,,,
1992-08-09,,,,,,,,2468.0,,,,,,,,,,,,,
1992-08-10,,,,,,,,2468.0,,,,,,,,,,,,,
1992-08-11,,,,,,,,2468.0,,,,,,,,,,,,,
1992-08-12,,,,,,,,2467.83,,,,,,,,,,,,,
1992-08-13,,,,,,,,2467.72,,,,,,,,,,,,,
1992-08-14,,,,,,,,2467.85,,,,,,,,,,,,,
1992-08-15,,,,,,,,2467.83,,,,,,,,,,,,,
1992-08-16,,,,,,,,2467.93,,,,,,,,,,,,,
1992-08-17,,,,,,,,2467.6,,,,,,,,,,,,,
1992-08-18,,,,,,,,2467.93,,,,,,,,,,,,,
1992-08-19,,,,,,,,2467.95,,,,,,,,,,,,,
1992-08-20,,,,,,,,2467.42,,,,,,,,,,,,,
1992-08-21,,,,,,,,2467.73,,,,,,,,,,,,,
1992-08-22,,,,,,,,2467.68,,,,,,,,,,,,,
1992-08-23,,,,,,,,2467.82,,,,,,,,,,,,,
1992-08-24,,,,,,,,2468.01,,,,,,,,,,,,,
1992-08-25,,,,,,,,2468.03,,,,,,,,,,,,,
1992-08-26,,,,,,,,2468.38,,,,,,,,,,,,,
1992-08-27,,,,,,,,2468.43,,,,,,,,,,,,,
1992-08-28,,,,,,,,14782.0,,,,,,,,,,,,,
1992-08-29,,,,,,,,2468.51,,,,,,,,,,,,,
1992-08-30,,,,,,,,2468.54,,,,,,,,,,,,,
1992-08-31,,,,,,,,2468.48,,,,,,,,,,,,,
1992-09-01,,,,,,,,2468.44,,,,,,,,,,,,,
1992-09-02,,,,,,,,2468.38,,,,,,,,,,,,,
1992-09-03,,,,,,,,2468.53,,,,,,,,,,,,,
1992-09-04,,,,,,,,2468.65,,,,,,,,,,,,,
1992-09-05,,,,,,,,2468.56,,,,,,,,,,,,,
1992-09-06,,,,,,,,2468.53,,,,,,,,,,,,,
1992-09-07,,,,,,,,2468.65,,,,,,,,,,,,,
1992-09-08,,,,,,,,2468.61,,,,,,,,,,,,,
1992-09-09,,,,,,,,2468.6,,,,,,,,,,,,,
1992-09-10,,,,,,,,2468.5,,,,,,,,,,,,,
1992-09-11,,,,,,,,2468.59,,,,,,,,,,,,,
1992-09-12,,,,,,,,2468.74,,,,,,,,,,,,,
1992-09-13,,,,,,,,2468.5,,,,,,,,,,,,,
1992-09-14,,,,,,,,2468.65,,,,,,,,,,,,,
1992-09-15,,,,,,,,2468.71,,,,,,,,,,,,,
1992-09-16,,,,,,,,2468.67,,,,,,,,,,,,,
1992-09-17,,,,,,,,2468.72,,,,,,,,,,,,,
1992-09-18,,,,,,,,2468.68,,,,,,,,,,,,,
1992-09-19,,,,,,,,2468.64,,,,,,,,,,,,,
1992-09-20,,,,,,,,2468.7,,,,,,,,,,,,,
1992-09-21,,,,,,,,2468.8,,,,,,,,,,,,,
1992-09-22,,,,,,,,2468.8,,,,,,,,,,,,,
1992-09-23,,,,,,,,2468.73,,,,,,,,,,,,,
1992-09-24,,,,,,,,2468.8,,,,,,,,,,,,,
1992-09-25,,,,,,,,2468.7,,,,,,,,,,,,,
1992-09-26,,,,,,,,2468.78,,,,,,,,,,,,,
1992-09-27,,,,,,,,2468.77,,,,,,,,,,,,,
1992-09-28,,,,,,,,2468.77,,,,,,,,,,,,,
1992-09-29,,,,,,,,2468.8,,,,,,,,,,,,,
1992-09-30,,,,,,,,2468.65,,,,,,,,,,,,,
1992-10-01,,,,,,,,2468.6,,,,,,,,,,,,,
1992-10-02,,,,,,,,2468.75,,,,,,,,,,,,,
1992-10-03,,,,,,,,2468.73,,,,,,,,,,,,,
1992-10-04,,,,,,,,2468.8,,,,,,,,,,,,,
1992-10-05,,,,,,,,2468.8,,,,,,,,,,,,,
1992-10-06,,,,,,,,2468.76,,,,,,,,,,,,,
1992-10-07,,,,,,,,2468.8,,,,,,,,,,,,,
1992-10-08,,,,,,,,2468.53,,,,,,,,,,,,,
1992-10-09,,,,,,,,2468.76,,,,,,,,,,,,,
1992-10-10,,,,,,,,2468.75,,,,,,,,,,,,,
1992-10-11,,,,,,,,2468.8,,,,,,,,,,,,,
1992-10-12,,,,,,,,2468.77,,,,,,,,,,,,,
1992-10-13,,,,,,,,2468.76,,,,,,,,,,,,,
1992-10-14,,,,,,,,2468.73,,,,,,,,,,,,,
1992-10-15,,,,,,,,2468.63,,,,,,,,,,,,,
1992-10-16,,,,,,,,2468.52,,,,,,,,,,,,,
1992-10-17,,,,,,,,2468.4,,,,,,,,,,,,,
1992-10-18,,,,,,,,2468.28,,,,,,,,,,,,,
1992-10-19,,,,,,,,2468.15,,,,,,,,,,,,,
1992-10-20,,,,,,,,2468.02,,,,,,,,,,,,,
1992-10-21,,,,,,,,2468.05,,,,,,,,,,,,,
1992-10-22,,,,,,,,2468.0,,,,,,,,,,,,,
1992-10-23,,,,,,,,2467.91,,,,,,,,,,,,,
1992-10-24,,,,,,,,2467.86,,,,,,,,,,,,,
1992-10-25,,,,,,,,2467.82,,,,,,,,,,,,,
1992-10-26,,,,,,,,2467.81,,,,,,,,,,,,,
1992-10-27,,,,,,,,2467.76,,,,,,,,,,,,,
1992-10-28,,,,,,,,2467.65,,,,,,,,,,,,,
1992-10-29,,,,,,,,2467.55,,,,,,,,,,,,,
1992-10-30,,,,,,,,2467.35,,,,,,,,,,,,,
1992-10-31,,,,,,,,2467.18,,,,,,,,,,,,,
1992-11-01,,,,,,,,2466.98,,,,,,,,,,,,,
1992-11-02,,,,,,,,2466.78,,,,,,,,,,,,,
1992-11-03,,,,,,,,2466.58,,,,,,,,,,,,,
1992-11-04,,,,,,,,2466.35,,,,,,,,,,,,,
1992-11-05,,,,,,,,2466.23,,,,,,,,,,,,,
1992-11-06,,,,,,,,2466.08,,,,,,,,,,,,,
1992-11-07,,,,,,,,2465.92,,,,,,,,,,,,,
1992-11-08,,,,,,,,2465.78,,,,,,,,,,,,,
1992-11-09,,,,,,,,2465.62,,,,,,,,,,,,,
1992-11-10,,,,,,,,2465.73,,,,,,,,,,,,,
1992-11-11,,,,,,,,2466.03,,,,,,,,,,,,,
1992-11-12,,,,,,,,2466.0,,,,,,,,,,,,,
1992-11-13,,,,,,,,2465.88,,,,,,,,,,,,,
1992-11-14,,,,,,,,2465.69,,,,,,,,,,,,,
1992-11-15,,,,,,,,2465.56,,,,,,,,,,,,,
1992-11-16,,,,,,,,2465.6,,,,,,,,,,,,,
1992-11-17,,,,,,,,2466.35,,,,,,,,,,,,,
1992-11-18,,,,,,,,2468.4,,,,,,,,,,,,,
1992-11-19,,,,,,,,2468.8,,,,,,,,,,,,,
1992-11-20,,,,,,,,2468.8,,,,,,,,,,,,,
1992-11-21,,,,,,,,2468.79,,,,,,,,,,,,,
1992-11-22,,,,,,,,2468.8,,,,,,,,,,,,,
1992-11-23,,,,,,,,2468.75,,,,,,,,,,,,,
1992-11-24,,,,,,,,2468.79,,,,,,,,,,,,,
1992-11-25,,,,,,,,2468.79,,,,,,,,,,,,,
1992-11-26,,,,,,,,2468.72,,,,,,,,,,,,,
1992-11-27,,,,,,,,2468.59,,,,,,,,,,,,,
1992-11-28,,,,,,,,2468.5,,,,,,,,,,,,,
1992-11-29,,,,,,,,2468.36,,,,,,,,,,,,,
1992-11-30,,,,,,,,2468.19,,,,,,,,,,,,,
1992-12-01,,,,,,,,2468.04,,,,,,,,,,,,,
1992-12-02,,,,,,,,2467.87,,,,,,,,,,,,,
1992-12-03,,,,,,,,2467.74,,,,,,,,,,,,,
1992-12-04,,,,,,,,2467.6,,,,,,,,,,,,,
1992-12-05,,,,,,,,2467.46,,,,,,,,,,,,,
1992-12-06,,,,,,,,2467.4,,,,,,,,,,,,,
1992-12-07,,,,,,,,2467.2,,,,,,,,,,,,,
1992-12-08,,,,,,,,2467.05,,,,,,,,,,,,,
1992-12-09,,,,,,,,2466.9,,,,,,,,,,,,,
1992-12-10,,,,,,,,2466.76,,,,,,,,,,,,,
1992-12-11,,,,,,,,2466.6,,,,,,,,,,,,,
1992-12-12,,,,,,,,2466.43,,,,,,,,,,,,,
1992-12-13,,,,,,,,2466.27,,,,,,,,,,,,,
1992-12-14,,,,,,,,2466.14,,,,,,,,,,,,,
1992-12-15,,,,,,,,2466.0,,,,,,,,,,,,,
1992-12-16,,,,,,,,2465.88,,,,,,,,,,,,,
1992-12-17,,,,,,,,2465.75,,,,,,,,,,,,,
1992-12-18,,,,,,,,2465.6,,,,,,,,,,,,,
1992-12-19,,,,,,,,2465.46,,,,,,,,,,,,,
1992-12-20,,,,,,,,2465.2,,,,,,,,,,,,,
1992-12-21,,,,,,,,2464.95,,,,,,,,,,,,,
1992-12-22,,,,,,,,2464.75,,,,,,,,,,,,,
1992-12-23,,,,,,,,2464.55,,,,,,,,,,,,,
1992-12-24,,,,,,,,2464.38,,,,,,,,,,,,,
1992-12-25,,,,,,,,2464.02,,,,,,,,,,,,,
1992-12-26,,,,,,,,2463.75,,,,,,,,,,,,,
1992-12-27,,,,,,,,2463.48,,,,,,,,,,,,,
1992-12-28,,,,,,,,2463.23,,,,,,,,,,,,,
1992-12-29,,,,,,,,2462.95,,,,,,,,,,,,,
1992-12-30,,,,,,,,2462.7,,,,,,,,,,,,,
1992-12-31,,,,,,,,2462.47,,,,,,,,,,,,,
1993-01-01,,,,,,,,2462.25,,,,,,,,,,,,,
1993-01-02,,,,,,,,2462.04,,,,,,,,,,,,,
1993-01-03,,,,,,,,2461.84,,,,,,,,,,,,,
1993-01-04,,,,,,,,2461.75,,,,,,,,,,,,,
1993-01-05,,,,,,,,2461.58,,,,,,,,,,,,,
1993-01-06,,,,,,,,2461.38,,,,,,,,,,,,,
1993-01-07,,,,,,,,2461.27,,,,,,,,,,,,,
1993-01-08,,,,,,,,2461.1,,,,,,,,,,,,,
1993-01-09,,,,,,,,2460.98,,,,,,,,,,,,,
1993-01-10,,,,,,,,2460.82,,,,,,,,,,,,,
1993-01-11,,,,,,,,2460.65,,,,,,,,,,,,,
1993-01-12,,,,,,,,2460.44,,,,,,,,,,,,,
1993-01-13,,,,,,,,2460.31,,,,,,,,,,,,,
1993-01-14,,,,,,,,2460.05,,,,,,,,,,,,,
1993-01-15,,,,,,,,2459.8,,,,,,,,,,,,,
1993-01-16,,,,,,,,2459.6,,,,,,,,,,,,,
1993-01-17,,,,,,,,2459.38,,,,,,,,,,,,,
1993-01-18,,,,,,,,2459.1,,,,,,,,,,,,,
1993-01-19,,,,,,,,2458.85,,,,,,,,,,,,,
1993-01-20,,,,,,,,2458.58,,,,,,,,,,,,,
1993-01-21,,,,,,,,2458.3,,,,,,,,,,,,,
1993-01-22,,,,,,,,2457.93,,,,,,,,,,,,,
1993-01-23,,,,,,,,2457.8,,,,,,,,,,,,,
1993-01-24,,,,,,,,2457.56,,,,,,,,,,,,,
1993-01-25,,,,,,,,2457.27,,,,,,,,,,,,,
1993-01-26,,,,,,,,2457.04,,,,,,,,,,,,,
1993-01-27,,,,,,,,2456.8,,,,,,,,,,,,,
1993-01-28,,,,,,,,2456.63,,,,,,,,,,,,,
1993-01-29,,,,,,,,2456.45,,,,,,,,,,,,,
1993-01-30,,,,,,,,2456.24,,,,,,,,,,,,,
1993-01-31,,,,,,,,2456.0,,,,,,,,,,,,,
1993-02-01,,,,,,,,2455.76,,,,,,,,,,,,,
1993-02-02,,,,,,,,2455.52,,,,,,,,,,,,,
1993-02-03,,,,,,,,2455.28,,,,,,,,,,,,,
1993-02-04,,,,,,,,2455.02,,,,,,,,,,,,,
1993-02-05,,,,,,,,2454.73,,,,,,,,,,,,,
1993-02-06,,,,,,,,2454.47,,,,,,,,,,,,,
1993-02-07,,,,,,,,2454.2,,,,,,,,,,,,,
1993-02-08,,,,,,,,2453.95,,,,,,,,,,,,,
1993-02-09,,,,,,,,2453.69,,,,,,,,,,,,,
1993-02-10,,,,,,,,2453.48,,,,,,,,,,,,,
1993-02-11,,,,,,,,2453.26,,,,,,,,,,,,,
1993-02-12,,,,,,,,2452.95,,,,,,,,,,,,,
1993-02-13,,,,,,,,2452.62,,,,,,,,,,,,,
1993-02-14,,,,,,,,2452.3,,,,,,,,,,,,,
1993-02-15,,,,,,,,2452.0,,,,,,,,,,,,,
1993-02-16,,,,,,,,2451.7,,,,,,,,,,,,,
1993-02-17,,,,,,,,2451.4,,,,,,,,,,,,,
1993-02-18,,,,,,,,2451.3,,,,,,,,,,,,,
1993-02-19,,,,,,,,2451.06,,,,,,,,,,,,,
1993-02-20,,,,,,,,2450.85,,,,,,,,,,,,,
1993-02-21,,,,,,,,2450.64,,,,,,,,,,,,,
1993-02-22,,,,,,,,2450.4,,,,,,,,,,,,,
1993-02-23,,,,,,,,2450.17,,,,,,,,,,,,,
1993-02-24,,,,,,,,2449.93,,,,,,,,,,,,,
1993-02-25,,,,,,,,2449.7,,,,,,,,,,,,,
1993-02-26,,,,,,,,2449.46,,,,,,,,,,,,,
1993-02-27,,,,,,,,2449.22,,,,,,,,,,,,,
1993-02-28,,,,,,,,2449.0,,,,,,,,,,,,,
1993-03-01,,,,,,,,2448.73,,,,,,,,,,,,,
1993-03-02,,,,,,,,2448.48,,,,,,,,,,,,,
1993-03-03,,,,,,,,2448.25,,,,,,,,,,,,,
1993-03-04,,,,,,,,2448.0,,,,,,,,,,,,,
1993-03-05,,,,,,,,2447.77,,,,,,,,,,,,,
1993-03-06,,,,,,,,2447.54,,,,,,,,,,,,,
1993-03-07,,,,,,,,2447.28,,,,,,,,,,,,,
1993-03-08,,,,,,,,2447.0,,,,,,,,,,,,,
1993-03-09,,,,,,,,2446.5,,,,,,,,,,,,,
1993-03-10,,,,,,,,2446.25,,,,,,,,,,,,,
1993-03-11,,,,,,,,2446.0,,,,,,,,,,,,,
1993-03-12,,,,,,,,2446.0,,,,,,,,,,,,,
1993-03-13,,,,,,,,2445.76,,,,,,,,,,,,,
1993-03-14,,,,,,,,2445.5,,,,,,,,,,,,,
1993-03-15,,,,,,,,2445.22,,,,,,,,,,,,,
1993-03-16,,,,,,,,2444.95,,,,,,,,,,,,,
1993-03-17,,,,,,,,2444.69,,,,,,,,,,,,,
1993-03-18,,,,,,,,2444.39,,,,,,,,,,,,,
1993-03-19,,,,,,,,2444.13,,,,,,,,,,,,,
1993-03-20,,,,,,,,2443.92,,,,,,,,,,,,,
1993-03-21,,,,,,,,2443.63,,,,,,,,,,,,,
1993-03-22,,,,,,,,2443.34,,,,,,,,,,,,,
1993-03-23,,,,,,,,2443.03,,,,,,,,,,,,,
1993-03-24,,,,,,,,2442.7,,,,,,,,,,,,,
1993-03-25,,,,,,,,2442.15,,,,,,,,,,,,,
1993-03-26,,,,,,,,2441.6,,,,,,,,,,,,,
1993-03-27,,,,,,,,2441.15,,,,,,,,,,,,,
1993-03-28,,,,,,,,2440.78,,,,,,,,,,,,,
1993-03-29,,,,,,,,2440.4,,,,,,,,,,,,,
1993-03-30,,,,,,,,2440.07,,,,,,,,,,,,,
1993-03-31,,,,,,,,2439.75,,,,,,,,,,,,,
1993-04-01,,,,,,,,2439.42,,,,,,,,,,,,,
1993-04-02,,,,,,,,2439.18,,,,,,,,,,,,,
1993-04-03,,,,,,,,2439.38,,,,,,,,,,,,,
1993-04-04,,,,,,,,2439.6,,,,,,,,,,,,,
1993-04-05,,,,,,,,2439.9,,,,,,,,,,,,,
1993-04-06,,,,,,,,2440.2,,,,,,,,,,,,,
1993-04-07,,,,,,,,2440.52,,,,,,,,,,,,,
1993-04-08,,,,,,,,2440.7,,,,,,,,,,,,,
1993-04-09,,,,,,,,2440.42,,,,,,,,,,,,,
1993-04-10,,,,,,,,2440.22,,,,,,,,,,,,,
1993-04-11,,,,,,,,2439.78,,,,,,,,,,,,,
1993-04-12,,,,,,,,2439.45,,,,,,,,,,,,,
1993-04-13,,,,,,,,2439.17,,,,,,,,,,,,,
1993-04-14,,,,,,,,2438.85,,,,,,,,,,,,,
1993-04-15,,,,,,,,2438.45,,,,,,,,,,,,,
1993-04-16,,,,,,,,2438.05,,,,,,,,,,,,,
1993-04-17,,,,,,,,2437.6,,,,,,,,,,,,,
1993-04-18,,,,,,,,2437.18,,,,,,,,,,,,,
1993-04-19,,,,,,,,2436.7,,,,,,,,,,,,,
1993-04-20,,,,,,,,2436.28,,,,,,,,,,,,,
1993-04-21,,,,,,,,2436.7,,,,,,,,,,,,,
1993-04-22,,,,,,,,2436.95,,,,,,,,,,,,,
1993-04-23,,,,,,,,2437.03,,,,,,,,,,,,,
1993-04-24,,,,,,,,2437.3,,,,,,,,,,,,,
1993-04-25,,,,,,,,2437.45,,,,,,,,,,,,,
1993-04-26,,,,,,,,2437.62,,,,,,,,,,,,,
1993-04-27,,,,,,,,2437.73,,,,,,,,,,,,,
1993-04-28,,,,,,,,2437.8,,,,,,,,,,,,,
1993-04-29,,,,,,,,2437.9,,,,,,,,,,,,,
1993-04-30,,,,,,,,2438.05,,,,,,,,,,,,,
1993-05-01,,,,,,,,2438.2,,,,,,,,,,,,,
1993-05-02,,,,,,,,2438.29,,,,,,,,,,,,,
1993-05-03,,,,,,,,2438.33,,,,,,,,,,,,,
1993-05-04,,,,,,,,2437.85,,,,,,,,,,,,,
1993-05-05,,,,,,,,2437.4,,,,,,,,,,,,,
1993-05-06,,,,,,,,2436.92,,,,,,,,,,,,,
1993-05-07,,,,,,,,2436.3,,,,,,,,,,,,,
1993-05-08,,,,,,,,2435.64,,,,,,,,,,,,,
1993-05-09,,,,,,,,2435.3,,,,,,,,,,,,,
1993-05-10,,,,,,,,2434.8,,,,,,,,,,,,,
1993-05-11,,,,,,,,2434.3,,,,,,,,,,,,,
1993-05-12,,,,,,,,2434.0,,,,,,,,,,,,,
1993-05-13,,,,,,,,2433.87,,,,,,,,,,,,,
1993-05-14,,,,,,,,2433.5,,,,,,,,,,,,,
1993-05-15,,,,,,,,2433.0,,,,,,,,,,,,,
1993-05-16,,,,,,,,2432.67,,,,,,,,,,,,,
1993-05-17,,,,,,,,2432.3,,,,,,,,,,,,,
1993-05-18,,,,,,,,2432.1,,,,,,,,,,,,,
1993-05-19,,,,,,,,2431.87,,,,,,,,,,,,,
1993-05-20,,,,,,,,2431.57,,,,,,,,,,,,,
1993-05-21,,,,,,,,2431.37,,,,,,,,,,,,,
1993-05-22,,,,,,,,2431.2,,,,,,,,,,,,,
1993-05-23,,,,,,,,2431.02,,,,,,,,,,,,,
1993-05-24,,,,,,,,2430.92,,,,,,,,,,,,,
1993-05-25,,,,,,,,2430.71,,,,,,,,,,,,,
1993-05-26,,,,,,,,2430.7,,,,,,,,,,,,,
1993-05-27,,,,,,,,2430.58,,,,,,,,,,,,,
1993-05-28,,,,,,,,2430.48,,,,,,,,,,,,,
1993-05-29,,,,,,,,2430.3,,,,,,,,,,,,,
1993-05-30,,,,,,,,2429.96,,,,,,,,,,,,,
1993-05-31,,,,,,,,2429.27,,,,,,,,,,,,,
1993-06-01,,,,,,,,2428.97,,,,,,,,,,,,,
1993-06-02,,,,,,,,2428.97,,,,,,,,,,,,,
1993-06-03,,,,,,,,2428.97,,,,,,,,,,,,,
1993-06-04,,,,,,,,2429.17,,,,,,,,,,,,,
1993-06-05,,,,,,,,2429.44,,,,,,,,,,,,,
1993-06-06,,,,,,,,2429.97,,,,,,,,,,,,,
1993-06-07,,,,,,,,2430.17,,,,,,,,,,,,,
1993-06-08,,,,,,,,2430.39,,,,,,,,,,,,,
1993-06-09,,,,,,,,2430.57,,,,,,,,,,,,,
1993-06-10,,,,,,,,2430.77,,,,,,,,,,,,,
1993-06-11,,,,,,,,2430.92,,,,,,,,,,,,,
1993-06-12,,,,,,,,2431.07,,,,,,,,,,,,,
1993-06-13,,,,,,,,2431.22,,,,,,,,,,,,,
1993-06-14,,,,,,,,2431.47,,,,,,,,,,,,,
1993-06-15,,,,,,,,2431.67,,,,,,,,,,,,,
1993-06-16,,,,,,,,2431.92,,,,,,,,,,,,,
1993-06-17,,,,,,,,2432.57,,,,,,,,,,,,,
1993-06-18,,,,,,,,2433.17,,,,,,,,,,,,,
1993-06-19,,,,,,,,2434.0,,,,,,,,,,,,,
1993-06-20,,,,,,,,2435.65,,,,,,,,,,,,,
1993-06-21,,,,,,,,2437.45,,,,,,,,,,,,,
1993-06-22,,,,,,,,2438.42,,,,,,,,,,,,,
1993-06-23,,,,,,,,2438.93,,,,,,,,,,,,,
1993-06-24,,,,,,,,2439.2,,,,,,,,,,,,,
1993-06-25,,,,,,,,2439.35,,,,,,,,,,,,,
1993-06-26,,,,,,,,2439.25,,,,,,,,,,,,,
1993-06-27,,,,,,,,2439.0,,,,,,,,,,,,,
1993-06-28,,,,,,,,2438.78,,,,,,,,,,,,,
1993-06-29,,,,,,,,2438.5,,,,,,,,,,,,,
1993-06-30,,,,,,,,2438.25,,,,,,,,,,,,,
1993-07-01,,,,,,,,2438.0,,,,,,,,,,,,,
1993-07-02,,,,,,,,2437.65,,,,,,,,,,,,,
1993-07-03,,,,,,,,2437.35,,,,,,,,,,,,,
1993-07-04,,,,,,,,2437.36,,,,,,,,,,,,,
1993-07-05,,,,,,,,2438.0,,,,,,,,,,,,,
1993-07-06,,,,,,,,2438.97,,,,,,,,,,,,,
1993-07-07,,,,,,,,2439.5,,,,,,,,,,,,,
1993-07-08,,,,,,,,2439.8,,,,,,,,,,,,,
1993-07-09,,,,,,,,2439.95,,,,,,,,,,,,,
1993-07-10,,,,,,,,2440.05,,,,,,,,,,,,,
1993-07-11,,,,,,,,2440.1,,,,,,,,,,,,,
1993-07-12,,,,,,,,2440.55,,,,,,,,,,,,,
1993-07-13,,,,,,,,2441.25,,,,,,,,,,,,,
1993-07-14,,,,,,,,2442.65,,,,,,,,,,,,,
1993-07-15,,,,,,,,2443.72,,,,,,,,,,,,,
1993-07-16,,,,,,,,2444.6,,,,,,,,,,,,,
1993-07-17,,,,,,,,2445.62,,,,,,,,,,,,,
1993-07-18,,,,,,,,2447.0,,,,,,,,,,,,,
1993-07-19,,,,,,,,2447.9,,,,,,,,,,,,,
1993-07-20,,,,,,,,2448.38,,,,,,,,,,,,,
1993-07-21,,,,,,,,2448.58,,,,,,,,,,,,,
1993-07-22,,,,,,,,2448.7,,,,,,,,,,,,,
1993-07-23,,,,,,,,2448.7,,,,,,,,,,,,,
1993-07-24,,,,,,,,2448.63,,,,,,,,,,,,,
1993-07-25,,,,,,,,2448.55,,,,,,,,,,,,,
1993-07-26,,,,,,,,2448.55,,,,,,,,,,,,,
1993-07-27,,,,,,,,2448.8,,,,,,,,,,,,,
1993-07-28,,,,,,,,2448.35,,,,,,,,,,,,,
1993-07-29,,,,,,,,2450.1,,,,,,,,,,,,,
1993-07-30,,,,,,,,2450.85,,,,,,,,,,,,,
1993-07-31,,,,,,,,2451.55,,,,,,,,,,,,,
1993-08-01,,,,,,,,2452.27,,,,,,,,,,,,,
1993-08-02,,,,,,,,2454.0,,,,,,,,,,,,,
1993-08-03,,,,,,,,2455.87,,,,,,,,,,,,,
1993-08-04,,,,,,,,2457.87,,,,,,,,,,,,,
1993-08-05,,,,,,,,2460.1,,,,,,,,,,,,,
1993-08-06,,,,,,,,2462.38,,,,,,,,,,,,,
1993-08-07,,,,,,,,2463.69,,,,,,,,,,,,,
1993-08-08,,,,,,,,2464.26,,,,,,,,,,,,,
1993-08-09,,,,,,,,2464.6,,,,,,,,,,,,,
1993-08-10,,,,,,,,2464.72,,,,,,,,,,,,,
1993-08-11,,,,,,,,2464.73,,,,,,,,,,,,,
1993-08-12,,,,,,,,2464.93,,,,,,,,,,,,,
1993-08-13,,,,,,,,2466.05,,,,,,,,,,,,,
1993-08-14,,,,,,,,2467.05,,,,,,,,,,,,,
1993-08-15,,,,,,,,2467.87,,,,,,,,,,,,,
1993-08-16,,,,,,,,2467.85,,,,,,,,,,,,,
1993-08-17,,,,,,,,2467.78,,,,,,,,,,,,,
1993-08-18,,,,,,,,2467.8,,,,,,,,,,,,,
1993-08-19,,,,,,,,2467.68,,,,,,,,,,,,,
1993-08-20,,,,,,,,2467.73,,,,,,,,,,,,,
1993-08-21,,,,,,,,2468.0,,,,,,,,,,,,,
1993-08-22,,,,,,,,2467.85,,,,,,,,,,,,,
1993-08-23,,,,,,,,2467.5,,,,,,,,,,,,,
1993-08-24,,,,,,,,2467.68,,,,,,,,,,,,,
1993-08-25,,,,,,,,2467.66,,,,,,,,,,,,,
1993-08-26,,,,,,,,2467.63,,,,,,,,,,,,,
1993-08-27,,,,,,,,2467.71,,,,,,,,,,,,,
1993-08-28,,,,,,,,2467.53,,,,,,,,,,,,,
1993-08-29,,,,,,,,2467.27,,,,,,,,,,,,,
1993-08-30,,,,,,,,2467.22,,,,,,,,,,,,,
1993-08-31,,,,,,,,2467.02,,,,,,,,,,,,,
1993-09-01,,,,,,,,2467.05,,,,,,,,,,,,,
1993-09-02,,,,,,,,2467.07,,,,,,,,,,,,,
1993-09-03,,,,,,,,2467.15,,,,,,,,,,,,,
1993-09-04,,,,,,,,2467.1,,,,,,,,,,,,,
1993-09-05,,,,,,,,2467.11,,,,,,,,,,,,,
1993-09-06,,,,,,,,2467.2,,,,,,,,,,,,,
1993-09-07,,,,,,,,2467.3,,,,,,,,,,,,,
1993-09-08,,,,,,,,2467.4,,,,,,,,,,,,,
1993-09-09,,,,,,,,2467.44,,,,,,,,,,,,,
1993-09-10,,,,,,,,2467.47,,,,,,,,,,,,,
1993-09-11,,,,,,,,2467.45,,,,,,,,,,,,,
1993-09-12,,,,,,,,2467.44,,,,,,,,,,,,,
1993-09-13,,,,,,,,2467.43,,,,,,,,,,,,,
1993-09-14,,,,,,,,2467.36,,,,,,,,,,,,,
1993-09-15,,,,,,,,2467.24,,,,,,,,,,,,,
1993-09-16,,,,,,,,2467.1,,,,,,,,,,,,,
1993-09-17,,,,,,,,2466.95,,,,,,,,,,,,,
1993-09-18,,,,,,,,2466.79,,,,,,,,,,,,,
1993-09-19,,,,,,,,2466.65,,,,,,,,,,,,,
1993-09-20,,,,,,,,2466.46,,,,,,,,,,,,,
1993-09-21,,,,,,,,2466.29,,,,,,,,,,,,,
1993-09-22,,,,,,,,2466.12,,,,,,,,,,,,,
1993-09-23,,,,,,,,2465.93,,,,,,,,,,,,,
1993-09-24,,,,,,,,2465.75,,,,,,,,,,,,,
1993-09-25,,,,,,,,2465.57,,,,,,,,,,,,,
1993-09-26,,,,,,,,2465.4,,,,,,,,,,,,,
1993-09-27,,,,,,,,2465.22,,,,,,,,,,,,,
1993-09-28,,,,,,,,2465.03,,,,,,,,,,,,,
1993-09-29,,,,,,,,2464.85,,,,,,,,,,,,,
1993-09-30,,,,,,,,2464.67,,,,,,,,,,,,,
1993-10-01,,,,,,,,2464.48,,,,,,,,,,,,,
1993-10-02,,,,,,,,2464.55,,,,,,,,,,,,,
1993-10-03,,,,,,,,2464.61,,,,,,,,,,,,,
1993-10-04,,,,,,,,2464.71,,,,,,,,,,,,,
1993-10-05,,,,,,,,2465.2,,,,,,,,,,,,,
1993-10-06,,,,,,,,2465.62,,,,,,,,,,,,,
1993-10-07,,,,,,,,2465.75,,,,,,,,,,,,,
1993-10-08,,,,,,,,2465.92,,,,,,,,,,,,,
1993-10-09,,,,,,,,2466.3,,,,,,,,,,,,,
1993-10-10,,,,,,,,2466.64,,,,,,,,,,,,,
1993-10-11,,,,,,,,2466.8,,,,,,,,,,,,,
1993-10-12,,,,,,,,2466.75,,,,,,,,,,,,,
1993-10-13,,,,,,,,2466.78,,,,,,,,,,,,,
1993-10-14,,,,,,,,2467.2,,,,,,,,,,,,,
1993-10-15,,,,,,,,2467.68,,,,,,,,,,,,,
1993-10-16,,,,,,,,2468.25,,,,,,,,,,,,,
1993-10-17,,,,,,,,2468.55,,,,,,,,,,,,,
1993-10-18,,,,,,,,2468.78,,,,,,,,,,,,,
1993-10-19,,,,,,,,2468.75,,,,,,,,,,,,,
1993-10-20,,,,,,,,2468.8,,,,,,,,,,,,,
1993-10-21,,,,,,,,2468.8,,,,,,,,,,,,,
1993-10-22,,,,,,,,2468.8,,,,,,,,,,,,,
1993-10-23,,,,,,,,2468.8,,,,,,,,,,,,,
1993-10-24,,,,,,,,2468.79,,,,,,,,,,,,,
1993-10-25,,,,,,,,2468.79,,,,,,,,,,,,,
1993-10-26,,,,,,,,2468.8,,,,,,,,,,,,,
1993-10-27,,,,,,,,2468.7,,,,,,,,,,,,,
1993-10-28,,,,,,,,2468.51,,,,,,,,,,,,,
1993-10-29,,,,,,,,2468.31,,,,,,,,,,,,,
1993-10-30,,,,,,,,2468.13,,,,,,,,,,,,,
1993-10-31,,,,,,,,2467.95,,,,,,,,,,,,,
1993-11-01,,,,,,,,2467.86,,,,,,,,,,,,,
1993-11-02,,,,,,,,2467.73,,,,,,,,,,,,,
1993-11-03,,,,,,,,2467.6,,,,,,,,,,,,,
1993-11-04,,,,,,,,2467.46,,,,,,,,,,,,,
1993-11-05,,,,,,,,2467.28,,,,,,,,,,,,,
1993-11-06,,,,,,,,2467.1,,,,,,,,,,,,,
1993-11-07,,,,,,,,2466.86,,,,,,,,,,,,,
1993-11-08,,,,,,,,2466.72,,,,,,,,,,,,,
1993-11-09,,,,,,,,2466.57,,,,,,,,,,,,,
1993-11-10,,,,,,,,2466.42,,,,,,,,,,,,,
1993-11-11,,,,,,,,2466.34,,,,,,,,,,,,,
1993-11-12,,,,,,,,2466.25,,,,,,,,,,,,,
1993-11-13,,,,,,,,2466.19,,,,,,,,,,,,,
1993-11-14,,,,,,,,2466.12,,,,,,,,,,,,,
1993-11-15,,,,,,,,2466.02,,,,,,,,,,,,,
1993-11-16,,,,,,,,2465.9,,,,,,,,,,,,,
1993-11-17,,,,,,,,2465.78,,,,,,,,,,,,,
1993-11-18,,,,,,,,2465.64,,,,,,,,,,,,,
1993-11-19,,,,,,,,2465.5,,,,,,,,,,,,,
1993-11-20,,,,,,,,2465.36,,,,,,,,,,,,,
1993-11-21,,,,,,,,2465.27,,,,,,,,,,,,,
1993-11-22,,,,,,,,2465.12,,,,,,,,,,,,,
1993-11-23,,,,,,,,2464.95,,,,,,,,,,,,,
1993-11-24,,,,,,,,2464.76,,,,,,,,,,,,,
1993-11-25,,,,,,,,2464.55,,,,,,,,,,,,,
1993-11-26,,,,,,,,2464.35,,,,,,,,,,,,,
1993-11-27,,,,,,,,2464.19,,,,,,,,,,,,,
1993-11-28,,,,,,,,2464.0,,,,,,,,,,,,,
1993-11-29,,,,,,,,2463.76,,,,,,,,,,,,,
1993-11-30,,,,,,,,2463.58,,,,,,,,,,,,,
1993-12-01,,,,,,,,2463.42,,,,,,,,,,,,,
1993-12-02,,,,,,,,2463.23,,,,,,,,,,,,,
1993-12-03,,,,,,,,2463.1,,,,,,,,,,,,,
1993-12-04,,,,,,,,2462.95,,,,,,,,,,,,,
1993-12-05,,,,,,,,2462.95,,,,,,,,,,,,,
1993-12-06,,,,,,,,2462.97,,,,,,,,,,,,,
1993-12-07,,,,,,,,2462.95,,,,,,,,,,,,,
1993-12-08,,,,,,,,2462.9,,,,,,,,,,,,,
1993-12-09,,,,,,,,2462.84,,,,,,,,,,,,,
1993-12-10,,,,,,,,2462.8,,,,,,,,,,,,,
1993-12-11,,,,,,,,2462.7,,,,,,,,,,,,,
1993-12-12,,,,,,,,2462.62,,,,,,,,,,,,,
1993-12-13,,,,,,,,2462.57,,,,,,,,,,,,,
1993-12-14,,,,,,,,2462.55,,,,,,,,,,,,,
1993-12-15,,,,,,,,2462.4,,,,,,,,,,,,,
1993-12-16,,,,,,,,2462.25,,,,,,,,,,,,,
1993-12-17,,,,,,,,2462.1,,,,,,,,,,,,,
1993-12-18,,,,,,,,2461.95,,,,,,,,,,,,,
1993-12-19,,,,,,,,2461.79,,,,,,,,,,,,,
1993-12-20,,,,,,,,2461.62,,,,,,,,,,,,,
1993-12-21,,,,,,,,2461.45,,,,,,,,,,,,,
1993-12-22,,,,,,,,2461.32,,,,,,,,,,,,,
1993-12-23,,,,,,,,2461.12,,,,,,,,,,,,,
1993-12-24,,,,,,,,2460.88,,,,,,,,,,,,,
1993-12-25,,,,,,,,2460.8,,,,,,,,,,,,,
1993-12-26,,,,,,,,2460.6,,,,,,,,,,,,,
1993-12-27,,,,,,,,2460.45,,,,,,,,,,,,,
1993-12-28,,,,,,,,2460.26,,,,,,,,,,,,,
1993-12-29,,,,,,,,2460.1,,,,,,,,,,,,,
1993-12-30,,,,,,,,2459.95,,,,,,,,,,,,,
1993-12-31,,,,,,,,2459.8,,,,,,,,,,,,,
1994-01-01,,,,,,,,2459.57,,,,,,,,,,,,,
1994-01-02,,,,,,,,2459.43,,,,,,,,,,,,,
1994-01-03,,,,,,,,2459.49,,,,,,,,,,,,,
1994-01-04,,,,,,,,2459.43,,,,,,,,,,,,,
1994-01-05,,,,,,,,2459.4,,,,,,,,,,,,,
1994-01-06,,,,,,,,2459.37,,,,,,,,,,,,,
1994-01-07,,,,,,,,2459.33,,,,,,,,,,,,,
1994-01-08,,,,,,,,2459.29,,,,,,,,,,,,,
1994-01-09,,,,,,,,2459.25,,,,,,,,,,,,,
1994-01-10,,,,,,,,2459.21,,,,,,,,,,,,,
1994-01-11,,,,,,,,2459.17,,,,,,,,,,,,,
1994-01-12,,,,,,,,2459.13,,,,,,,,,,,,,
1994-01-13,,,,,,,,2459.07,,,,,,,,,,,,,
1994-01-14,,,,,,,,2458.92,,,,,,,,,,,,,
1994-01-15,,,,,,,,2458.68,,,,,,,,,,,,,
1994-01-16,,,,,,,,2458.45,,,,,,,,,,,,,
1994-01-17,,,,,,,,2458.2,,,,,,,,,,,,,
1994-01-18,,,,,,,,2457.93,,,,,,,,,,,,,
1994-01-19,,,,,,,,2458.0,,,,,,,,,,,,,
1994-01-20,,,,,,,,2457.8,,,,,,,,,,,,,
1994-01-21,,,,,,,,2457.6,,,,,,,,,,,,,
1994-01-22,,,,,,,,2457.35,,,,,,,,,,,,,
1994-01-23,,,,,,,,2457.1,,,,,,,,,,,,,
1994-01-24,,,,,,,,2456.9,,,,,,,,,,,,,
1994-01-25,,,,,,,,2456.66,,,,,,,,,,,,,
1994-01-26,,,,,,,,2456.42,,,,,,,,,,,,,
1994-01-27,,,,,,,,2456.21,,,,,,,,,,,,,
1994-01-28,,,,,,,,2456.0,,,,,,,,,,,,,
1994-01-29,,,,,,,,2455.85,,,,,,,,,,,,,
1994-01-30,,,,,,,,2455.68,,,,,,,,,,,,,
1994-01-31,,,,,,,,2455.48,,,,,,,,,,,,,
1994-02-01,,,,,,,,2455.27,,,,,,,,,,,,,
1994-02-02,,,,,,,,2455.03,,,,,,,,,,,,,
1994-02-03,,,,,,,,2454.85,,,,,,,,,,,,,
1994-02-04,,,,,,,,2454.64,,,,,,,,,,,,,
1994-02-05,,,,,,,,2454.44,,,,,,,,,,,,,
1994-02-06,,,,,,,,2454.23,,,,,,,,,,,,,
1994-02-07,,,,,,,,2454.03,,,,,,,,,,,,,
1994-02-08,,,,,,,,2453.82,,,,,,,,,,,,,
1994-02-09,,,,,,,,2453.62,,,,,,,,,,,,,
1994-02-10,,,,,,,,2453.41,,,,,,,,,,,,,
1994-02-11,,,,,,,,2453.19,,,,,,,,,,,,,
1994-02-12,,,,,,,,2452.95,,,,,,,,,,,,,
1994-02-13,,,,,,,,2452.72,,,,,,,,,,,,,
1994-02-14,,,,,,,,2452.46,,,,,,,,,,,,,
1994-02-15,,,,,,,,2452.2,,,,,,,,,,,,,
1994-02-16,,,,,,,,2451.95,,,,,,,,,,,,,
1994-02-17,,,,,,,,2451.72,,,,,,,,,,,,,
1994-02-18,,,,,,,,2451.48,,,,,,,,,,,,,
1994-02-19,,,,,,,,2451.24,,,,,,,,,,,,,
1994-02-20,,,,,,,,2451.0,,,,,,,,,,,,,
1994-02-21,,,,,,,,2450.75,,,,,,,,,,,,,
1994-02-22,,,,,,,,2450.5,,,,,,,,,,,,,
1994-02-23,,,,,,,,2450.24,,,,,,,,,,,,,
1994-02-24,,,,,,,,2449.95,,,,,,,,,,,,,
1994-02-25,,,,,,,,2449.68,,,,,,,,,,,,,
1994-02-26,,,,,,,,2449.38,,,,,,,,,,,,,
1994-02-27,,,,,,,,2449.07,,,,,,,,,,,,,
1994-02-28,,,,,,,,2448.76,,,,,,,,,,,,,
1994-03-01,,,,,,,,2448.43,,,,,,,,,,,,,
1994-03-02,,,,,,,,2448.12,,,,,,,,,,,,,
1994-03-03,,,,,,,,2447.8,,,,,,,,,,,,,
1994-03-04,,,,,,,,2447.49,,,,,,,,,,,,,
1994-03-05,,,,,,,,2447.22,,,,,,,,,,,,,
1994-03-06,,,,,,,,2446.95,,,,,,,,,,,,,
1994-03-07,,,,,,,,2446.76,,,,,,,,,,,,,
1994-03-08,,,,,,,,2446.52,,,,,,,,,,,,,
1994-03-09,,,,,,,,2446.25,,,,,,,,,,,,,
1994-03-10,,,,,,,,2445.98,,,,,,,,,,,,,
1994-03-11,,,,,,,,2445.74,,,,,,,,,,,,,
1994-03-12,,,,,,,,2445.45,,,,,,,,,,,,,
1994-03-13,,,,,,,,2445.2,,,,,,,,,,,,,
1994-03-14,,,,,,,,2444.95,,,,,,,,,,,,,
1994-03-15,,,,,,,,2444.62,,,,,,,,,,,,,
1994-03-16,,,,,,,,2444.3,,,,,,,,,,,,,
1994-03-17,,,,,,,,2444.02,,,,,,,,,,,,,
1994-03-18,,,,,,,,2443.78,,,,,,,,,,,,,
1994-03-19,,,,,,,,2443.47,,,,,,,,,,,,,
1994-03-20,,,,,,,,2443.15,,,,,,,,,,,,,
1994-03-21,,,,,,,,2442.83,,,,,,,,,,,,,
1994-03-22,,,,,,,,2442.51,,,,,,,,,,,,,
1994-03-23,,,,,,,,2442.15,,,,,,,,,,,,,
1994-03-24,,,,,,,,2441.81,,,,,,,,,,,,,
1994-03-25,,,,,,,,2441.46,,,,,,,,,,,,,
1994-03-26,,,,,,,,2441.15,,,,,,,,,,,,,
1994-03-27,,,,,,,,2440.82,,,,,,,,,,,,,
1994-03-28,,,,,,,,2440.52,,,,,,,,,,,,,
1994-03-29,,,,,,,,2440.21,,,,,,,,,,,,,
1994-03-30,,,,,,,,2439.9,,,,,,,,,,,,,
1994-03-31,,,,,,,,2439.76,,,,,,,,,,,,,
1994-04-01,,,,,,,,2439.48,,,,,,,,,,,,,
1994-04-02,,,,,,,,2439.18,,,,,,,,,,,,,
1994-04-03,,,,,,,,2438.89,,,,,,,,,,,,,
1994-04-04,,,,,,,,2438.6,,,,,,,,,,,,,
1994-04-05,,,,,,,,2438.36,,,,,,,,,,,,,
1994-04-06,,,,,,,,2438.08,,,,,,,,,,,,,
1994-04-07,,,,,,,,2437.8,,,,,,,,,,,,,
1994-04-08,,,,,,,,2437.51,,,,,,,,,,,,,
1994-04-09,,,,,,,,2437.22,,,,,,,,,,,,,
1994-04-10,,,,,,,,2436.91,,,,,,,,,,,,,
1994-04-11,,,,,,,,2436.62,,,,,,,,,,,,,
1994-04-12,,,,,,,,2436.76,,,,,,,,,,,,,
1994-04-13,,,,,,,,2436.6,,,,,,,,,,,,,
1994-04-14,,,,,,,,2436.38,,,,,,,,,,,,,
1994-04-15,,,,,,,,2436.08,,,,,,,,,,,,,
1994-04-16,,,,,,,,2435.76,,,,,,,,,,,,,
1994-04-17,,,,,,,,2435.45,,,,,,,,,,,,,
1994-04-18,,,,,,,,2435.13,,,,,,,,,,,,,
1994-04-19,,,,,,,,2434.85,,,,,,,,,,,,,
1994-04-20,,,,,,,,2434.52,,,,,,,,,,,,,
1994-04-21,,,,,,,,2434.24,,,,,,,,,,,,,
1994-04-22,,,,,,,,2434.0,,,,,,,,,,,,,
1994-04-23,,,,,,,,2433.75,,,,,,,,,,,,,
1994-04-24,,,,,,,,2433.5,,,,,,,,,,,,,
1994-04-25,,,,,,,,2433.3,,,,,,,,,,,,,
1994-04-26,,,,,,,,2433.0,,,,,,,,,,,,,
1994-04-27,,,,,,,,2432.65,,,,,,,,,,,,,
1994-04-28,,,,,,,,2432.3,,,,,,,,,,,,,
1994-04-29,,,,,,,,2432.0,,,,,,,,,,,,,
1994-04-30,,,,,,,,2431.65,,,,,,,,,,,,,
1994-05-01,,,,,,,,2431.28,,,,,,,,,,,,,
1994-05-02,,,,,,,,2430.9,,,,,,,,,,,,,
1994-05-03,,,,,,,,2430.5,,,,,,,,,,,,,
1994-05-04,,,,,,,,2430.1,,,,,,,,,,,,,
1994-05-05,,,,,,,,2429.7,,,,,,,,,,,,,
1994-05-06,,,,,,,,2429.3,,,,,,,,,,,,,
1994-05-07,,,,,,,,2429.3,,,,,,,,,,,,,
1994-05-08,,,,,,,,2429.6,,,,,,,,,,,,,
1994-05-09,,,,,,,,2429.97,,,,,,,,,,,,,
1994-05-10,,,,,,,,2430.27,,,,,,,,,,,,,
1994-05-11,,,,,,,,2430.57,,,,,,,,,,,,,
1994-05-12,,,,,,,,2430.87,,,,,,,,,,,,,
1994-05-13,,,,,,,,2431.17,,,,,,,,,,,,,
1994-05-14,,,,,,,,2431.37,,,,,,,,,,,,,
1994-05-15,,,,,,,,2431.67,,,,,,,,,,,,,
1994-05-16,,,,,,,,2431.77,,,,,,,,,,,,,
1994-05-17,,,,,,,,2431.52,,,,,,,,,,,,,
1994-05-18,,,,,,,,2431.12,,,,,,,,,,,,,
1994-05-19,,,,,,,,2430.77,,,,,,,,,,,,,
1994-05-20,,,,,,,,2430.37,,,,,,,,,,,,,
1994-05-21,,,,,,,,2430.22,,,,,,,,,,,,,
1994-05-22,,,,,,,,2430.02,,,,,,,,,,,,,
1994-05-23,,,,,,,,2429.87,,,,,,,,,,,,,
1994-05-24,,,,,,,,2429.62,,,,,,,,,,,,,
1994-05-25,,,,,,,,2429.27,,,,,,,,,,,,,
1994-05-26,,,,,,,,2429.0,,,,,,,,,,,,,
1994-05-27,,,,,,,,2428.65,,,,,,,,,,,,,
1994-05-28,,,,,,,,2428.39,,,,,,,,,,,,,
1994-05-29,,,,,,,,2428.34,,,,,,,,,,,,,
1994-05-30,,,,,,,,2428.31,,,,,,,,,,,,,
1994-05-31,,,,,,,,2428.12,,,,,,,,,,,,,
1994-06-01,,,,,,,,2428.02,,,,,,,,,,,,,
1994-06-02,,,,,,,,2427.9,,,,,,,,,,,,,
1994-06-03,,,,,,,,2427.6,,,,,,,,,,,,,
1994-06-04,,,,,,,,2427.25,,,,,,,,,,,,,
1994-06-05,,,,,,,,2426.9,,,,,,,,,,,,,
1994-06-06,,,,,,,,2426.55,,,,,,,,,,,,,
1994-06-07,,,,,,,,2426.3,,,,,,,,,,,,,
1994-06-08,,,,,,,,2427.45,,,,,,,,,,,,,
1994-06-09,,,,,,,,2427.8,,,,,,,,,,,,,
1994-06-10,,,,,,,,2427.95,,,,,,,,,,,,,
1994-06-11,,,,,,,,2428.05,,,,,,,,,,,,,
1994-06-12,,,,,,,,2428.2,,,,,,,,,,,,,
1994-06-13,,,,,,,,2428.37,,,,,,,,,,,,,
1994-06-14,,,,,,,,2429.27,,,,,,,,,,,,,
1994-06-15,,,,,,,,2430.92,,,,,,,,,,,,,
1994-06-16,,,,,,,,2432.62,,,,,,,,,,,,,
1994-06-17,,,,,,,,2433.97,,,,,,,,,,,,,
1994-06-18,,,,,,,,2435.13,,,,,,,,,,,,,
1994-06-19,,,,,,,,2436.0,,,,,,,,,,,,,
1994-06-20,,,,,,,,2436.76,,,,,,,,,,,,,
1994-06-21,,,,,,,,2437.4,,,,,,,,,,,,,
1994-06-22,,,,,,,,2437.92,,,,,,,,,,,,,
1994-06-23,,,,,,,,2438.31,,,,,,,,,,,,,
1994-06-24,,,,,,,,2438.6,,,,,,,,,,,,,
1994-06-25,,,,,,,,2438.68,,,,,,,,,,,,,
1994-06-26,,,,,,,,2438.62,,,,,,,,,,,,,
1994-06-27,,,,,,,,2438.65,,,,,,,,,,,,,
1994-06-28,,,,,,,,2438.91,,,,,,,,,,,,,
1994-06-29,,,,,,,,2439.32,,,,,,,,,,,,,
1994-06-30,,,,,,,,2440.23,,,,,,,,,,,,,
1994-07-01,,,,,,,,2442.15,,,,,,,,,,,,,
1994-07-02,,,,,,,,2444.75,,,,,,,,,,,,,
1994-07-03,,,,,,,,2446.64,,,,,,,,,,,,,
1994-07-04,,,,,,,,2447.52,,,,,,,,,,,,,
1994-07-05,,,,,,,,2448.03,,,,,,,,,,,,,
1994-07-06,,,,,,,,2448.4,,,,,,,,,,,,,
1994-07-07,,,,,,,,2448.76,,,,,,,,,,,,,
1994-07-08,,,,,,,,2449.02,,,,,,,,,,,,,
1994-07-09,,,,,,,,2449.18,,,,,,,,,,,,,
1994-07-10,,,,,,,,2449.25,,,,,,,,,,,,,
1994-07-11,,,,,,,,2449.32,,,,,,,,,,,,,
1994-07-12,,,,,,,,2449.64,,,,,,,,,,,,,
1994-07-13,,,,,,,,2452.2,,,,,,,,,,,,,
1994-07-14,,,,,,,,2456.35,,,,,,,,,,,,,
1994-07-15,,,,,,,,2462.0,,,,,,,,,,,,,
1994-07-16,,,,,,,,2466.02,,,,,,,,,,,,,
1994-07-17,,,,,,,,2466.4,,,,,,,,,,,,,
1994-07-18,,,,,,,,2464.7,,,,,,,,,,,,,
1994-07-19,,,,,,,,2464.44,,,,,,,,,,,,,
1994-07-20,,,,,,,,2464.8,,,,,,,,,,,,,
1994-07-21,,,,,,,,2465.38,,,,,,,,,,,,,
1994-07-22,,,,,,,,2466.46,,,,,,,,,,,,,
1994-07-23,,,,,,,,2466.52,,,,,,,,,,,,,
1994-07-24,,,,,,,,2465.99,,,,,,,,,,,,,
1994-07-25,,,,,,,,2465.8,,,,,,,,,,,,,
1994-07-26,,,,,,,,2465.54,,,,,,,,,,,,,
1994-07-27,,,,,,,,2465.9,,,,,,,,,,,,,
1994-07-28,,,,,,,,2466.78,,,,,,,,,,,,,
1994-07-29,,,,,,,,2467.4,,,,,,,,,,,,,
1994-07-30,,,,,,,,2466.2,,,,,,,,,,,,,
1994-07-31,,,,,,,,2465.77,,,,,,,,,,,,,
1994-08-01,,,,,,,,2465.75,,,,,,,,,,,,,
1994-08-02,,,,,,,,2465.79,,,,,,,,,,,,,
1994-08-03,,,,,,,,2466.13,,,,,,,,,,,,,
1994-08-04,,,,,,,,2466.45,,,,,,,,,,,,,
1994-08-05,,,,,,,,2466.47,,,,,,,,,,,,,
1994-08-06,,,,,,,,2466.4,,,,,,,,,,,,,
1994-08-07,,,,,,,,2466.77,,,,,,,,,,,,,
1994-08-08,,,,,,,,2466.89,,,,,,,,,,,,,
1994-08-09,,,,,,,,2467.21,,,,,,,,,,,,,
1994-08-10,,,,,,,,2467.4,,,,,,,,,,,,,
1994-08-11,,,,,,,,2467.44,,,,,,,,,,,,,
1994-08-12,,,,,,,,2467.45,,,,,,,,,,,,,
1994-08-13,,,,,,,,2467.45,,,,,,,,,,,,,
1994-08-14,,,,,,,,2467.62,,,,,,,,,,,,,
1994-08-15,,,,,,,,2467.71,,,,,,,,,,,,,
1994-08-16,,,,,,,,2467.78,,,,,,,,,,,,,
1994-08-17,,,,,,,,2467.76,,,,,,,,,,,,,
1994-08-18,,,,,,,,2467.64,,,,,,,,,,,,,
1994-08-19,,,,,,,,2467.53,,,,,,,,,,,,,
1994-08-20,,,,,,,,2467.6,,,,,,,,,,,,,
1994-08-21,,,,,,,,2467.95,,,,,,,,,,,,,
1994-08-22,,,,,,,,2468.22,,,,,,,,,,,,,
1994-08-23,,,,,,,,2468.4,,,,,,,,,,,,,
1994-08-24,,,,,,,,2468.59,,,,,,,,,,,,,
1994-08-25,,,,,,,,2468.73,,,,,,,,,,,,,
1994-08-26,,,,,,,,2468.8,,,,,,,,,,,,,
1994-08-27,,,,,,,,2468.65,,,,,,,,,,,,,
1994-08-28,,,,,,,,2468.68,,,,,,,,,,,,,
1994-08-29,,,,,,,,2468.68,,,,,,,,,,,,,
1994-08-30,,,,,,,,2468.46,,,,,,,,,,,,,
1994-08-31,,,,,,,,2468.17,,,,,,,,,,,,,
1994-09-01,,,,,,,,2468.49,,,,,,,,,,,,,
1994-09-02,,,,,,,,2468.5,,,,,,,,,,,,,
1994-09-03,,,,,,,,2468.05,,,,,,,,,,,,,
1994-09-04,,,,,,,,2467.85,,,,,,,,,,,,,
1994-09-05,,,,,,,,2468.03,,,,,,,,,,,,,
1994-09-06,,,,,,,,2468.3,,,,,,,,,,,,,
1994-09-07,,,,,,,,2468.26,,,,,,,,,,,,,
1994-09-08,,,,,,,,2468.26,,,,,,,,,,,,,
1994-09-09,,,,,,,,2468.21,,,,,,,,,,,,,
1994-09-10,,,,,,,,2468.45,,,,,,,,,,,,,
1994-09-11,,,,,,,,2468.48,,,,,,,,,,,,,
1994-09-12,,,,,,,,2468.53,,,,,,,,,,,,,
1994-09-13,,,,,,,,2468.52,,,,,,,,,,,,,
1994-09-14,,,,,,,,2468.43,,,,,,,,,,,,,
1994-09-15,,,,,,,,2468.32,,,,,,,,,,,,,
1994-09-16,,,,,,,,2468.19,,,,,,,,,,,,,
1994-09-17,,,,,,,,2468.05,,,,,,,,,,,,,
1994-09-18,,,,,,,,2467.9,,,,,,,,,,,,,
1994-09-19,,,,,,,,2467.7,,,,,,,,,,,,,
1994-09-20,,,,,,,,2467.56,,,,,,,,,,,,,
1994-09-21,,,,,,,,2467.4,,,,,,,,,,,,,
1994-09-22,,,,,,,,2467.24,,,,,,,,,,,,,
1994-09-23,,,,,,,,2467.05,,,,,,,,,,,,,
1994-09-24,,,,,,,,2466.86,,,,,,,,,,,,,
1994-09-25,,,,,,,,2466.65,,,,,,,,,,,,,
1994-09-26,,,,,,,,2466.49,,,,,,,,,,,,,
1994-09-27,,,,,,,,2466.37,,,,,,,,,,,,,
1994-09-28,,,,,,,,2466.32,,,,,,,,,,,,,
1994-09-29,,,,,,,,2466.36,,,,,,,,,,,,,
1994-09-30,,,,,,,,2466.33,,,,,,,,,,,,,
1994-10-01,,,,,,,,2466.36,,,,,,,,,,,,,
1994-10-02,,,,,,,,2466.75,,,,,,,,,,,,,
1994-10-03,,,,,,,,2467.48,,,,,,,,,,,,,
1994-10-04,,,,,,,,2468.13,,,,,,,,,,,,,
1994-10-05,,,,,,,,2468.55,,,,,,,,,,,,,
1994-10-06,,,,,,,,2468.8,,,,,,,,,,,,,
1994-10-07,,,,,,,,2468.46,,,,,,,,,,,,,
1994-10-08,,,,,,,,2468.43,,,,,,,,,,,,,
1994-10-09,,,,,,,,2468.41,,,,,,,,,,,,,
1994-10-10,,,,,,,,2468.39,,,,,,,,,,,,,
1994-10-11,,,,,,,,2468.51,,,,,,,,,,,,,
1994-10-12,,,,,,,,2468.6,,,,,,,,,,,,,
1994-10-13,,,,,,,,2468.7,,,,,,,,,,,,,
1994-10-14,,,,,,,,2468.8,,,,,,,,,,,,,
1994-10-15,,,,,,,,2468.65,,,,,,,,,,,,,
1994-10-16,,,,,,,,2468.53,,,,,,,,,,,,,
1994-10-17,,,,,,,,2468.72,,,,,,,,,,,,,
1994-10-18,,,,,,,,2468.8,,,,,,,,,,,,,
1994-10-19,,,,,,,,2468.72,,,,,,,,,,,,,
1994-10-20,,,,,,,,2468.65,,,,,,,,,,,,,
1994-10-21,,,,,,,,2468.59,,,,,,,,,,,,,
1994-10-22,,,,,,,,2468.53,,,,,,,,,,,,,
1994-10-23,,,,,,,,2468.52,,,,,,,,,,,,,
1994-10-24,,,,,,,,2468.6,,,,,,,,,,,,,
1994-10-25,,,,,,,,2468.8,,,,,,,,,,,,,
1994-10-26,,,,,,,,2468.56,,,,,,,,,,,,,
1994-10-27,,,,,,,,2468.8,,,,,,,,,,,,,
1994-10-28,,,,,,,,2468.8,,,,,,,,,,,,,
1994-10-29,,,,,,,,2468.45,,,,,,,,,,,,,
1994-10-30,,,,,,,,2468.25,,,,,,,,,,,,,
1994-10-31,,,,,,,,2468.55,,,,,,,,,,,,,
1994-11-01,,,,,,,,2468.51,,,,,,,,,,,,,
1994-11-02,,,,,,,,2468.25,,,,,,,,,,,,,
1994-11-03,,,,,,,,2468.25,,,,,,,,,,,,,
1994-11-04,,,,,,,,2468.47,,,,,,,,,,,,,
1994-11-05,,,,,,,,2468.8,,,,,,,,,,,,,
1994-11-06,,,,,,,,2468.1,,,,,,,,,,,,,
1994-11-07,,,,,,,,2468.4,,,,,,,,,,,,,
1994-11-08,,,,,,,,2468.44,,,,,,,,,,,,,
1994-11-09,,,,,,,,2468.44,,,,,,,,,,,,,
1994-11-10,,,,,,,,2468.38,,,,,,,,,,,,,
1994-11-11,,,,,,,,2468.32,,,,,,,,,,,,,
1994-11-12,,,,,,,,2468.32,,,,,,,,,,,,,
1994-11-13,,,,,,,,2468.28,,,,,,,,,,,,,
1994-11-14,,,,,,,,2468.2,,,,,,,,,,,,,
1994-11-15,,,,,,,,2468.1,,,,,,,,,,,,,
1994-11-16,,,,,,,,2468.0,,,,,,,,,,,,,
1994-11-17,,,,,,,,2467.9,,,,,,,,,,,,,
1994-11-18,,,,,,,,2467.76,,,,,,,,,,,,,
1994-11-19,,,,,,,,2467.6,,,,,,,,,,,,,
1994-11-20,,,,,,,,2467.44,,,,,,,,,,,,,
1994-11-21,,,,,,,,2467.28,,,,,,,,,,,,,
1994-11-22,,,,,,,,2467.15,,,,,,,,,,,,,
1994-11-23,,,,,,,,2467.0,,,,,,,,,,,,,
1994-11-24,,,,,,,,2466.85,,,,,,,,,,,,,
1994-11-25,,,,,,,,2466.7,,,,,,,,,,,,,
1994-11-26,,,,,,,,2466.55,,,,,,,,,,,,,
1994-11-27,,,,,,,,2466.38,,,,,,,,,,,,,
1994-11-28,,,,,,,,2466.2,,,,,,,,,,,,,
1994-11-29,,,,,,,,2466.02,,,,,,,,,,,,,
1994-11-30,,,,,,,,2465.85,,,,,,,,,,,,,
1994-12-01,,,,,,,,2465.67,,,,,,,,,,,,,
1994-12-02,,,,,,,,2465.5,,,,,,,,,,,,,
1994-12-03,,,,,,,,2465.3,,,,,,,,,,,,,
1994-12-04,,,,,,,,2465.1,,,,,,,,,,,,,
1994-12-05,,,,,,,,2464.89,,,,,,,,,,,,,
1994-12-06,,,,,,,,2464.67,,,,,,,,,,,,,
1994-12-07,,,,,,,,2464.45,,,,,,,,,,,,,
1994-12-08,,,,,,,,2464.25,,,,,,,,,,,,,
1994-12-09,,,,,,,,2464.05,,,,,,,,,,,,,
1994-12-10,,,,,,,,2463.83,,,,,,,,,,,,,
1994-12-11,,,,,,,,2463.61,,,,,,,,,,,,,
1994-12-12,,,,,,,,2463.41,,,,,,,,,,,,,
1994-12-13,,,,,,,,2463.22,,,,,,,,,,,,,
1994-12-14,,,,,,,,2463.04,,,,,,,,,,,,,
1994-12-15,,,,,,,,2462.85,,,,,,,,,,,,,
1994-12-16,,,,,,,,2462.66,,,,,,,,,,,,,
1994-12-17,,,,,,,,2462.47,,,,,,,,,,,,,
1994-12-18,,,,,,,,2462.3,,,,,,,,,,,,,
1994-12-19,,,,,,,,2462.14,,,,,,,,,,,,,
1994-12-20,,,,,,,,2461.98,,,,,,,,,,,,,
1994-12-21,,,,,,,,2461.87,,,,,,,,,,,,,
1994-12-22,,,,,,,,2461.78,,,,,,,,,,,,,
1994-12-23,,,,,,,,2461.72,,,,,,,,,,,,,
1994-12-24,,,,,,,,2461.6,,,,,,,,,,,,,
1994-12-25,,,,,,,,2461.47,,,,,,,,,,,,,
1994-12-26,,,,,,,,2461.34,,,,,,,,,,,,,
1994-12-27,,,,,,,,2461.22,,,,,,,,,,,,,
1994-12-28,,,,,,,,2461.06,,,,,,,,,,,,,
1994-12-29,,,,,,,,2460.92,,,,,,,,,,,,,
1994-12-30,,,,,,,,2460.78,,,,,,,,,,,,,
1994-12-31,,,,,,,,2460.63,,,,,,,,,,,,,
1995-01-01,,,,,,,,2460.54,,,,,,,,,,,,,
1995-01-02,,,,,,,,2460.48,,,,,,,,,,,,,
1995-01-03,,,,,,,,2460.45,,,,,,,,,,,,,
1995-01-04,,,,,,,,2460.41,,,,,,,,,,,,,
1995-01-05,,,,,,,,2460.37,,,,,,,,,,,,,
1995-01-06,,,,,,,,2460.33,,,,,,,,,,,,,
1995-01-07,,,,,,,,2460.3,,,,,,,,,,,,,
1995-01-08,,,,,,,,2460.26,,,,,,,,,,,,,
1995-01-09,,,,,,,,2460.23,,,,,,,,,,,,,
1995-01-10,,,,,,,,2460.23,,,,,,,,,,,,,
1995-01-11,,,,,,,,2460.2,,,,,,,,,,,,,
1995-01-12,,,,,,,,2460.04,,,,,,,,,,,,,
1995-01-13,,,,,,,,2459.83,,,,,,,,,,,,,
1995-01-14,,,,,,,,2459.62,,,,,,,,,,,,,
1995-01-15,,,,,,,,2459.4,,,,,,,,,,,,,
1995-01-16,,,,,,,,2459.2,,,,,,,,,,,,,
1995-01-17,,,,,,,,2458.97,,,,,,,,,,,,,
1995-01-18,,,,,,,,2458.7,,,,,,,,,,,,,
1995-01-19,,,,,,,,2458.38,,,,,,,,,,,,,
1995-01-20,,,,,,,,2458.08,,,,,,,,,,,,,
1995-01-21,,,,,,,,2457.8,,,,,,,,,,,,,
1995-01-22,,,,,,,,2457.5,,,,,,,,,,,,,
1995-01-23,,,,,,,,2457.24,,,,,,,,,,,,,
1995-01-24,,,,,,,,2457.0,,,,,,,,,,,,,
1995-01-25,,,,,,,,2456.78,,,,,,,,,,,,,
1995-01-26,,,,,,,,2456.57,,,,,,,,,,,,,
1995-01-27,,,,,,,,2456.33,,,,,,,,,,,,,
1995-01-28,,,,,,,,2456.1,,,,,,,,,,,,,
1995-01-29,,,,,,,,2455.88,,,,,,,,,,,,,
1995-01-30,,,,,,,,2455.65,,,,,,,,,,,,,
1995-01-31,,,,,,,,2455.4,,,,,,,,,,,,,
1995-02-01,,,,,,,,2455.14,,,,,,,,,,,,,
1995-02-02,,,,,,,,2454.88,,,,,,,,,,,,,
1995-02-03,,,,,,,,2454.64,,,,,,,,,,,,,
1995-02-04,,,,,,,,2454.38,,,,,,,,,,,,,
1995-02-05,,,,,,,,2454.12,,,,,,,,,,,,,
1995-02-06,,,,,,,,2453.86,,,,,,,,,,,,,
1995-02-07,,,,,,,,2453.69,,,,,,,,,,,,,
1995-02-08,,,,,,,,2453.4,,,,,,,,,,,,,
1995-02-09,,,,,,,,2453.12,,,,,,,,,,,,,
1995-02-10,,,,,,,,2452.7,,,,,,,,,,,,,
1995-02-11,,,,,,,,2452.42,,,,,,,,,,,,,
1995-02-12,,,,,,,,2452.16,,,,,,,,,,,,,
1995-02-13,,,,,,,,2451.85,,,,,,,,,,,,,
1995-02-14,,,,,,,,2451.62,,,,,,,,,,,,,
1995-02-15,,,,,,,,2451.38,,,,,,,,,,,,,
1995-02-16,,,,,,,,2451.13,,,,,,,,,,,,,
1995-02-17,,,,,,,,2450.9,,,,,,,,,,,,,
1995-02-18,,,,,,,,2450.67,,,,,,,,,,,,,
1995-02-19,,,,,,,,2450.43,,,,,,,,,,,,,
1995-02-20,,,,,,,,2450.2,,,,,,,,,,,,,
1995-02-21,,,,,,,,2449.96,,,,,,,,,,,,,
1995-02-22,,,,,,,,2449.71,,,,,,,,,,,,,
1995-02-23,,,,,,,,2449.45,,,,,,,,,,,,,
1995-02-24,,,,,,,,2449.2,,,,,,,,,,,,,
1995-02-25,,,,,,,,2448.96,,,,,,,,,,,,,
1995-02-26,,,,,,,,2448.71,,,,,,,,,,,,,
1995-02-27,,,,,,,,2448.45,,,,,,,,,,,,,
1995-02-28,,,,,,,,2448.2,,,,,,,,,,,,,
1995-03-01,,,,,,,,2447.95,,,,,,,,,,,,,
1995-03-02,,,,,,,,2447.7,,,,,,,,,,,,,
1995-03-03,,,,,,,,2447.45,,,,,,,,,,,,,
1995-03-04,,,,,,,,2447.18,,,,,,,,,,,,,
1995-03-05,,,,,,,,2446.92,,,,,,,,,,,,,
1995-03-06,,,,,,,,2446.65,,,,,,,,,,,,,
1995-03-07,,,,,,,,2446.38,,,,,,,,,,,,,
1995-03-08,,,,,,,,2446.12,,,,,,,,,,,,,
1995-03-09,,,,,,,,2445.86,,,,,,,,,,,,,
1995-03-10,,,,,,,,2445.6,,,,,,,,,,,,,
1995-03-11,,,,,,,,2445.34,,,,,,,,,,,,,
1995-03-12,,,,,,,,2445.04,,,,,,,,,,,,,
1995-03-13,,,,,,,,2444.74,,,,,,,,,,,,,
1995-03-14,,,,,,,,2444.6,,,,,,,,,,,,,
1995-03-15,,,,,,,,2444.3,,,,,,,,,,,,,
1995-03-16,,,,,,,,2444.02,,,,,,,,,,,,,
1995-03-17,,,,,,,,2443.72,,,,,,,,,,,,,
1995-03-18,,,,,,,,2443.41,,,,,,,,,,,,,
1995-03-19,,,,,,,,2443.1,,,,,,,,,,,,,
1995-03-20,,,,,,,,2442.8,,,,,,,,,,,,,
1995-03-21,,,,,,,,2442.5,,,,,,,,,,,,,
1995-03-22,,,,,,,,2442.18,,,,,,,,,,,,,
1995-03-23,,,,,,,,2441.87,,,,,,,,,,,,,
1995-03-24,,,,,,,,2441.55,,,,,,,,,,,,,
1995-03-25,,,,,,,,2441.23,,,,,,,,,,,,,
1995-03-26,,,,,,,,2440.9,,,,,,,,,,,,,
1995-03-27,,,,,,,,2440.58,,,,,,,,,,,,,
1995-03-28,,,,,,,,2440.25,,,,,,,,,,,,,
1995-03-29,,,,,,,,2439.92,,,,,,,,,,,,,
1995-03-30,,,,,,,,2439.72,,,,,,,,,,,,,
1995-03-31,,,,,,,,2439.45,,,,,,,,,,,,,
1995-04-01,,,,,,,,2439.13,,,,,,,,,,,,,
1995-04-02,,,,,,,,2438.9,,,,,,,,,,,,,
1995-04-03,,,,,,,,2438.58,,,,,,,,,,,,,
1995-04-04,,,,,,,,2438.2,,,,,,,,,,,,,
1995-04-05,,,,,,,,2437.92,,,,,,,,,,,,,
1995-04-06,,,,,,,,2437.64,,,,,,,,,,,,,
1995-04-07,,,,,,,,2437.3,,,,,,,,,,,,,
1995-04-08,,,,,,,,2436.94,,,,,,,,,,,,,
1995-04-09,,,,,,,,2436.6,,,,,,,,,,,,,
1995-04-10,,,,,,,,2436.26,,,,,,,,,,,,,
1995-04-11,,,,,,,,2435.9,,,,,,,,,,,,,
1995-04-12,,,,,,,,2435.51,,,,,,,,,,,,,
1995-04-13,,,,,,,,2435.14,,,,,,,,,,,,,
1995-04-14,,,,,,,,2434.78,,,,,,,,,,,,,
1995-04-15,,,,,,,,2434.7,,,,,,,,,,,,,
1995-04-16,,,,,,,,2434.44,,,,,,,,,,,,,
1995-04-17,,,,,,,,2434.15,,,,,,,,,,,,,
1995-04-18,,,,,,,,2434.0,,,,,,,,,,,,,
1995-04-19,,,,,,,,2433.9,,,,,,,,,,,,,
1995-04-20,,,,,,,,2433.97,,,,,,,,,,,,,
1995-04-21,,,,,,,,2434.05,,,,,,,,,,,,,
1995-04-22,,,,,,,,2433.97,,,,,,,,,,,,,
1995-04-23,,,,,,,,2433.87,,,,,,,,,,,,,
1995-04-24,,,,,,,,2433.6,,,,,,,,,,,,,
1995-04-25,,,,,,,,2433.27,,,,,,,,,,,,,
1995-04-26,,,,,,,,2432.95,,,,,,,,,,,,,
1995-04-27,,,,,,,,2432.49,,,,,,,,,,,,,
1995-04-28,,,,,,,,2432.07,,,,,,,,,,,,,
1995-04-29,,,,,,,,2431.77,,,,,,,,,,,,,
1995-04-30,,,,,,,,2431.42,,,,,,,,,,,,,
1995-05-01,,,,,,,,2431.14,,,,,,,,,,,,,
1995-05-02,,,,,,,,2430.72,,,,,,,,,,,,,
1995-05-03,,,,,,,,2430.32,,,,,,,,,,,,,
1995-05-04,,,,,,,,2429.92,,,,,,,,,,,,,
1995-05-05,,,,,,,,2429.52,,,,,,,,,,,,,
1995-05-06,,,,,,,,2429.07,,,,,,,,,,,,,
1995-05-07,,,,,,,,2428.82,,,,,,,,,,,,,
1995-05-08,,,,,,,,2428.57,,,,,,,,,,,,,
1995-05-09,,,,,,,,2428.32,,,,,,,,,,,,,
1995-05-10,,,,,,,,2428.17,,,,,,,,,,,,,
1995-05-11,,,,,,,,2427.97,,,,,,,,,,,,,
1995-05-12,,,,,,,,2427.82,,,,,,,,,,,,,
1995-05-13,,,,,,,,2427.7,,,,,,,,,,,,,
1995-05-14,,,,,,,,2427.7,,,,,,,,,,,,,
1995-05-15,,,,,,,,2427.45,,,,,,,,,,,,,
1995-05-16,,,,,,,,2427.1,,,,,,,,,,,,,
1995-05-17,,,,,,,,2426.65,,,,,,,,,,,,,
1995-05-18,,,,,,,,2426.05,,,,,,,,,,,,,
1995-05-19,,,,,,,,2425.55,,,,,,,,,,,,,
1995-05-20,,,,,,,,2425.05,,,,,,,,,,,,,
1995-05-21,,,,,,,,2424.65,,,,,,,,,,,,,
1995-05-22,,,,,,,,2424.25,,,,,,,,,,,,,
1995-05-23,,,,,,,,2423.85,,,,,,,,,,,,,
1995-05-24,,,,,,,,2423.45,,,,,,,,,,,,,
1995-05-25,,,,,,,,2423.05,,,,,,,,,,,,,
1995-05-26,,,,,,,,2422.6,,,,,,,,,,,,,
1995-05-27,,,,,,,,2422.1,,,,,,,,,,,,,
1995-05-28,,,,,,,,2421.6,,,,,,,,,,,,,
1995-05-29,,,,,,,,2421.1,,,,,,,,,,,,,
1995-05-30,,,,,,,,2420.6,,,,,,,,,,,,,
1995-05-31,,,,,,,,2420.1,,,,,,,,,,,,,
1995-06-01,,,,,,,,2419.6,,,,,,,,,,,,,
1995-06-02,,,,,,,,2419.05,,,,,,,,,,,,,
1995-06-03,,,,,,,,2418.9,,,,,,,,,,,,,
1995-06-04,,,,,,,,2418.7,,,,,,,,,,,,,
1995-06-05,,,,,,,,2418.7,,,,,,,,,,,,,
1995-06-06,,,,,,,,2418.72,,,,,,,,,,,,,
1995-06-07,,,,,,,,2418.73,,,,,,,,,,,,,
1995-06-08,,,,,,,,2418.9,,,,,,,,,,,,,
1995-06-09,,,,,,,,2419.15,,,,,,,,,,,,,
1995-06-10,,,,,,,,2419.35,,,,,,,,,,,,,
1995-06-11,,,,,,,,2419.55,,,,,,,,,,,,,
1995-06-12,,,,,,,,2419.85,,,,,,,,,,,,,
1995-06-13,,,,,,,,2420.0,,,,,,,,,,,,,
1995-06-14,,,,,,,,2420.25,,,,,,,,,,,,,
1995-06-15,,,,,,,,2420.5,,,,,,,,,,,,,
1995-06-16,,,,,,,,2420.75,,,,,,,,,,,,,
1995-06-17,,,,,,,,2421.0,,,,,,,,,,,,,
1995-06-18,,,,,,,,2421.6,,,,,,,,,,,,,
1995-06-19,,,,,,,,2422.05,,,,,,,,,,,,,
1995-06-20,,,,,,,,2422.35,,,,,,,,,,,,,
1995-06-21,,,,,,,,2422.4,,,,,,,,,,,,,
1995-06-22,,,,,,,,2422.1,,,,,,,,,,,,,
1995-06-23,,,,,,,,2421.7,,,,,,,,,,,,,
1995-06-24,,,,,,,,2421.4,,,,,,,,,,,,,
1995-06-25,,,,,,,,2421.25,,,,,,,,,,,,,
1995-06-26,,,,,,,,2420.85,,,,,,,,,,,,,
1995-06-27,,,,,,,,2420.65,,,,,,,,,,,,,
1995-06-28,,,,,,,,2420.42,,,,,,,,,,,,,
1995-06-29,,,,,,,,2420.28,,,,,,,,,,,,,
1995-06-30,,,,,,,,2420.1,,,,,,,,,,,,,
1995-07-01,,,,,,,,2420.25,,,,,,,,,,,,,
1995-07-02,,,,,,,,2421.42,,,,,,,,,,,,,
1995-07-03,,,,,,,,2422.3,,,,,,,,,,,,,
1995-07-04,,,,,,,,2424.2,,,,,,,,,,,,,
1995-07-05,,,,,,,,2425.7,,,,,,,,,,,,,
1995-07-06,,,,,,,,2426.8,,,,,,,,,,,,,
1995-07-07,,,,,,,,2427.05,,,,,,,,,,,,,
1995-07-08,,,,,,,,2427.15,,,,,,,,,,,,,
1995-07-09,,,,,,,,2427.6,,,,,,,,,,,,,
1995-07-10,,,,,,,,2427.9,,,,,,,,,,,,,
1995-07-11,,,,,,,,2428.1,,,,,,,,,,,,,
1995-07-12,,,,,,,,2428.15,,,,,,,,,,,,,
1995-07-13,,,,,,,,2430.37,,,,,,,,,,,,,
1995-07-14,,,,,,,,2433.77,,,,,,,,,,,,,
1995-07-15,,,,,,,,2435.1,,,,,,,,,,,,,
1995-07-16,,,,,,,,2437.7,,,,,,,,,,,,,
1995-07-17,,,,,,,,2438.55,,,,,,,,,,,,,
1995-07-18,,,,,,,,2439.55,,,,,,,,,,,,,
1995-07-19,,,,,,,,2440.88,,,,,,,,,,,,,
1995-07-20,,,,,,,,2442.68,,,,,,,,,,,,,
1995-07-21,,,,,,,,2444.75,,,,,,,,,,,,,
1995-07-22,,,,,,,,2446.55,,,,,,,,,,,,,
1995-07-23,,,,,,,,2448.55,,,,,,,,,,,,,
1995-07-24,,,,,,,,2450.0,,,,,,,,,,,,,
1995-07-25,,,,,,,,2451.4,,,,,,,,,,,,,
1995-07-26,,,,,,,,2452.1,,,,,,,,,,,,,
1995-07-27,,,,,,,,2452.52,,,,,,,,,,,,,
1995-07-28,,,,,,,,2452.8,,,,,,,,,,,,,
1995-07-29,,,,,,,,2452.98,,,,,,,,,,,,,
1995-07-30,,,,,,,,2453.32,,,,,,,,,,,,,
1995-07-31,,,,,,,,2453.47,,,,,,,,,,,,,
1995-08-01,,,,,,,,2453.6,,,,,,,,,,,,,
1995-08-02,,,,,,,,2453.95,,,,,,,,,,,,,
1995-08-03,,,,,,,,2454.05,,,,,,,,,,,,,
1995-08-04,,,,,,,,2454.18,,,,,,,,,,,,,
1995-08-05,,,,,,,,2454.4,,,,,,,,,,,,,
1995-08-06,,,,,,,,2454.58,,,,,,,,,,,,,
1995-08-07,,,,,,,,2454.65,,,,,,,,,,,,,
1995-08-08,,,,,,,,2454.7,,,,,,,,,,,,,
1995-08-09,,,,,,,,2454.75,,,,,,,,,,,,,
1995-08-10,,,,,,,,2454.87,,,,,,,,,,,,,
1995-08-11,,,,,,,,2455.1,,,,,,,,,,,,,
1995-08-12,,,,,,,,2455.34,,,,,,,,,,,,,
1995-08-13,,,,,,,,2455.65,,,,,,,,,,,,,
1995-08-14,,,,,,,,2455.66,,,,,,,,,,,,,
1995-08-15,,,,,,,,2455.58,,,,,,,,,,,,,
1995-08-16,,,,,,,,2455.5,,,,,,,,,,,,,
1995-08-17,,,,,,,,2455.44,,,,,,,,,,,,,
1995-08-18,,,,,,,,2455.35,,,,,,,,,,,,,
1995-08-19,,,,,,,,2455.3,,,,,,,,,,,,,
1995-08-20,,,,,,,,2455.3,,,,,,,,,,,,,
1995-08-21,,,,,,,,2455.46,,,,,,,,,,,,,
1995-08-22,,,,,,,,2455.6,,,,,,,,,,,,,
1995-08-23,,,,,,,,2455.78,,,,,,,,,,,,,
1995-08-24,,,,,,,,2455.89,,,,,,,,,,,,,
1995-08-25,,,,,,,,2455.92,,,,,,,,,,,,,
1995-08-26,,,,,,,,2455.85,,,,,,,,,,,,,
1995-08-27,,,,,,,,2455.92,,,,,,,,,,,,,
1995-08-28,,,,,,,,2455.65,,,,,,,,,,,,,
1995-08-29,,,,,,,,2455.66,,,,,,,,,,,,,
1995-08-30,,,,,,,,2455.94,,,,,,,,,,,,,
1995-08-31,,,,,,,,2456.36,,,,,,,,,,,,,
1995-09-01,,,,,,,,2458.45,,,,,,,,,,,,,
1995-09-02,,,,,,,,2460.85,,,,,,,,,,,,,
1995-09-03,,,,,,,,2463.46,,,,,,,,,,,,,
1995-09-04,,,,,,,,2466.0,,,,,,,,,,,,,
1995-09-05,,,,,,,,2467.46,,,,,,,,,,,,,
1995-09-06,,,,,,,,2467.99,,,,,,,,,,,,,
1995-09-07,,,,,,,,2467.64,,,,,,,,,,,,,
1995-09-08,,,,,,,,2467.5,,,,,,,,,,,,,
1995-09-09,,,,,,,,2468.15,,,,,,,,,,,,,
1995-09-10,,,,,,,,2468.36,,,,,,,,,,,,,
1995-09-11,,,,,,,,2468.4,,,,,,,,,,,,,
1995-09-12,,,,,,,,2468.38,,,,,,,,,,,,,
1995-09-13,,,,,,,,2468.39,,,,,,,,,,,,,
1995-09-14,,,,,,,,2468.35,,,,,,,,,,,,,
1995-09-15,,,,,,,,2468.31,,,,,,,,,,,,,
1995-09-16,,,,,,,,2468.26,,,,,,,,,,,,,
1995-09-17,,,,,,,,2468.19,,,,,,,,,,,,,
1995-09-18,,,,,,,,2468.11,,,,,,,,,,,,,
1995-09-19,,,,,,,,2468.42,,,,,,,,,,,,,
1995-09-20,,,,,,,,2468.42,,,,,,,,,,,,,
1995-09-21,,,,,,,,2468.31,,,,,,,,,,,,,
1995-09-22,,,,,,,,2468.25,,,,,,,,,,,,,
1995-09-23,,,,,,,,2468.15,,,,,,,,,,,,,
1995-09-24,,,,,,,,2467.98,,,,,,,,,,,,,
1995-09-25,,,,,,,,2467.8,,,,,,,,,,,,,
1995-09-26,,,,,,,,2467.63,,,,,,,,,,,,,
1995-09-27,,,,,,,,2467.43,,,,,,,,,,,,,
1995-09-28,,,,,,,,2467.22,,,,,,,,,,,,,
1995-09-29,,,,,,,,2467.04,,,,,,,,,,,,,
1995-09-30,,,,,,,,2467.05,,,,,,,,,,,,,
1995-10-01,,,,,,,,2467.34,,,,,,,,,,,,,
1995-10-02,,,,,,,,2467.75,,,,,,,,,,,,,
1995-10-03,,,,,,,,2467.88,,,,,,,,,,,,,
1995-10-04,,,,,,,,2468.1,,,,,,,,,,,,,
1995-10-05,,,,,,,,2468.24,,,,,,,,,,,,,
1995-10-06,,,,,,,,2468.3,,,,,,,,,,,,,
1995-10-07,,,,,,,,2468.26,,,,,,,,,,,,,
1995-10-08,,,,,,,,2468.19,,,,,,,,,,,,,
1995-10-09,,,,,,,,2468.11,,,,,,,,,,,,,
1995-10-10,,,,,,,,2467.96,,,,,,,,,,,,,
1995-10-11,,,,,,,,2467.82,,,,,,,,,,,,,
1995-10-12,,,,,,,,2467.62,,,,,,,,,,,,,
1995-10-13,,,,,,,,2467.44,,,,,,,,,,,,,
1995-10-14,,,,,,,,2467.25,,,,,,,,,,,,,
1995-10-15,,,,,,,,2467.05,,,,,,,,,,,,,
1995-10-16,,,,,,,,2466.82,,,,,,,,,,,,,
1995-10-17,,,,,,,,2466.64,,,,,,,,,,,,,
1995-10-18,,,,,,,,2466.42,,,,,,,,,,,,,
1995-10-19,,,,,,,,2466.18,,,,,,,,,,,,,
1995-10-20,,,,,,,,2465.94,,,,,,,,,,,,,
1995-10-21,,,,,,,,2465.8,,,,,,,,,,,,,
1995-10-22,,,,,,,,2465.74,,,,,,,,,,,,,
1995-10-23,,,,,,,,2465.66,,,,,,,,,,,,,
1995-10-24,,,,,,,,2465.58,,,,,,,,,,,,,
1995-10-25,,,,,,,,2465.55,,,,,,,,,,,,,
1995-10-26,,,,,,,,2465.5,,,,,,,,,,,,,
1995-10-27,,,,,,,,2465.45,,,,,,,,,,,,,
1995-10-28,,,,,,,,2465.38,,,,,,,,,,,,,
1995-10-29,,,,,,,,2465.3,,,,,,,,,,,,,
1995-10-30,,,,,,,,2465.15,,,,,,,,,,,,,
1995-10-31,,,,,,,,2465.0,,,,,,,,,,,,,
1995-11-01,,,,,,,,2464.83,,,,,,,,,,,,,
1995-11-02,,,,,,,,2464.63,,,,,,,,,,,,,
1995-11-03,,,,,,,,2464.45,,,,,,,,,,,,,
1995-11-04,,,,,,,,2464.31,,,,,,,,,,,,,
1995-11-05,,,,,,,,2464.13,,,,,,,,,,,,,
1995-11-06,,,,,,,,2464.25,,,,,,,,,,,,,
1995-11-07,,,,,,,,2464.75,,,,,,,,,,,,,
1995-11-08,,,,,,,,2465.0,,,,,,,,,,,,,
1995-11-09,,,,,,,,2465.15,,,,,,,,,,,,,
1995-11-10,,,,,,,,2465.1,,,,,,,,,,,,,
1995-11-11,,,,,,,,2465.0,,,,,,,,,,,,,
1995-11-12,,,,,,,,2464.86,,,,,,,,,,,,,
1995-11-13,,,,,,,,2464.72,,,,,,,,,,,,,
1995-11-14,,,,,,,,2464.65,,,,,,,,,,,,,
1995-11-15,,,,,,,,2464.53,,,,,,,,,,,,,
1995-11-16,,,,,,,,2464.39,,,,,,,,,,,,,
1995-11-17,,,,,,,,2464.2,,,,,,,,,,,,,
1995-11-18,,,,,,,,2464.0,,,,,,,,,,,,,
1995-11-19,,,,,,,,2463.8,,,,,,,,,,,,,
1995-11-20,,,,,,,,2463.6,,,,,,,,,,,,,
1995-11-21,,,,,,,,2463.4,,,,,,,,,,,,,
1995-11-22,,,,,,,,2463.2,,,,,,,,,,,,,
1995-11-23,,,,,,,,2463.0,,,,,,,,,,,,,
1995-11-24,,,,,,,,2462.91,,,,,,,,,,,,,
1995-11-25,,,,,,,,2462.8,,,,,,,,,,,,,
1995-11-26,,,,,,,,2462.7,,,,,,,,,,,,,
1995-11-27,,,,,,,,2462.56,,,,,,,,,,,,,
1995-11-28,,,,,,,,2462.42,,,,,,,,,,,,,
1995-11-29,,,,,,,,2462.3,,,,,,,,,,,,,
1995-11-30,,,,,,,,2462.16,,,,,,,,,,,,,
1995-12-01,,,,,,,,2462.0,,,,,,,,,,,,,
1995-12-02,,,,,,,,2461.85,,,,,,,,,,,,,
1995-12-03,,,,,,,,2461.7,,,,,,,,,,,,,
1995-12-04,,,,,,,,2461.55,,,,,,,,,,,,,
1995-12-05,,,,,,,,2461.4,,,,,,,,,,,,,
1995-12-06,,,,,,,,2461.26,,,,,,,,,,,,,
1995-12-07,,,,,,,,2461.12,,,,,,,,,,,,,
1995-12-08,,,,,,,,2461.0,,,,,,,,,,,,,
1995-12-09,,,,,,,,2460.88,,,,,,,,,,,,,
1995-12-10,,,,,,,,2460.76,,,,,,,,,,,,,
1995-12-11,,,,,,,,2460.63,,,,,,,,,,,,,
1995-12-12,,,,,,,,2460.5,,,,,,,,,,,,,
1995-12-13,,,,,,,,2460.37,,,,,,,,,,,,,
1995-12-14,,,,,,,,2460.23,,,,,,,,,,,,,
1995-12-15,,,,,,,,2460.08,,,,,,,,,,,,,
1995-12-16,,,,,,,,2459.94,,,,,,,,,,,,,
1995-12-17,,,,,,,,2459.81,,,,,,,,,,,,,
1995-12-18,,,,,,,,2459.67,,,,,,,,,,,,,
1995-12-19,,,,,,,,2459.52,,,,,,,,,,,,,
1995-12-20,,,,,,,,2459.36,,,,,,,,,,,,,
1995-12-21,,,,,,,,2459.2,,,,,,,,,,,,,
1995-12-22,,,,,,,,2459.03,,,,,,,,,,,,,
1995-12-23,,,,,,,,2458.86,,,,,,,,,,,,,
1995-12-24,,,,,,,,2458.67,,,,,,,,,,,,,
1995-12-25,,,,,,,,2458.49,,,,,,,,,,,,,
1995-12-26,,,,,,,,2458.3,,,,,,,,,,,,,
1995-12-27,,,,,,,,2458.1,,,,,,,,,,,,,
1995-12-28,,,,,,,,2457.9,,,,,,,,,,,,,
1995-12-29,,,,,,,,2457.72,,,,,,,,,,,,,
1995-12-30,,,,,,,,2457.53,,,,,,,,,,,,,
1995-12-31,,,,,,,,2457.3,,,,,,,,,,,,,
1996-01-01,,,,,,,,2457.08,,,,,,,,,,,,,
1996-01-02,,,,,,,,2456.9,,,,,,,,,,,,,
1996-01-03,,,,,,,,2456.73,,,,,,,,,,,,,
1996-01-04,,,,,,,,2456.54,,,,,,,,,,,,,
1996-01-05,,,,,,,,2456.5,,,,,,,,,,,,,
1996-01-06,,,,,,,,2456.42,,,,,,,,,,,,,
1996-01-07,,,,,,,,2455.92,,,,,,,,,,,,,
1996-01-08,,,,,,,,2454.25,,,,,,,,,,,,,
1996-01-09,,,,,,,,2453.64,,,,,,,,,,,,,
1996-01-10,,,,,,,,2454.06,,,,,,,,,,,,,
1996-01-11,,,,,,,,2454.48,,,,,,,,,,,,,
1996-01-12,,,,,,,,2454.55,,,,,,,,,,,,,
1996-01-13,,,,,,,,2454.57,,,,,,,,,,,,,
1996-01-14,,,,,,,,2454.44,,,,,,,,,,,,,
1996-01-15,,,,,,,,2454.19,,,,,,,,,,,,,
1996-01-16,,,,,,,,2453.97,,,,,,,,,,,,,
1996-01-17,,,,,,,,2453.86,,,,,,,,,,,,,
1996-01-18,,,,,,,,2453.54,,,,,,,,,,,,,
1996-01-19,,,,,,,,2453.3,,,,,,,,,,,,,
1996-01-20,,,,,,,,2453.05,,,,,,,,,,,,,
1996-01-21,,,,,,,,2452.79,,,,,,,,,,,,,
1996-01-22,,,,,,,,2452.55,,,,,,,,,,,,,
1996-01-23,,,,,,,,2452.28,,,,,,,,,,,,,
1996-01-24,,,,,,,,2452.02,,,,,,,,,,,,,
1996-01-25,,,,,,,,2451.74,,,,,,,,,,,,,
1996-01-26,,,,,,,,2451.46,,,,,,,,,,,,,
1996-01-27,,,,,,,,2451.18,,,,,,,,,,,,,
1996-01-28,,,,,,,,2450.83,,,,,,,,,,,,,
1996-01-29,,,,,,,,2450.48,,,,,,,,,,,,,
1996-01-30,,,,,,,,2450.17,,,,,,,,,,,,,
1996-01-31,,,,,,,,2449.87,,,,,,,,,,,,,
1996-02-01,,,,,,,,2449.56,,,,,,,,,,,,,
1996-02-02,,,,,,,,2449.28,,,,,,,,,,,,,
1996-02-03,,,,,,,,2449.04,,,,,,,,,,,,,
1996-02-04,,,,,,,,2448.77,,,,,,,,,,,,,
1996-02-05,,,,,,,,2448.5,,,,,,,,,,,,,
1996-02-06,,,,,,,,2448.22,,,,,,,,,,,,,
1996-02-07,,,,,,,,2447.92,,,,,,,,,,,,,
1996-02-08,,,,,,,,2447.55,,,,,,,,,,,,,
1996-02-09,,,,,,,,2447.18,,,,,,,,,,,,,
1996-02-10,,,,,,,,2446.9,,,,,,,,,,,,,
1996-02-11,,,,,,,,2446.57,,,,,,,,,,,,,
1996-02-12,,,,,,,,2446.22,,,,,,,,,,,,,
1996-02-13,,,,,,,,2445.88,,,,,,,,,,,,,
1996-02-14,,,,,,,,2445.58,,,,,,,,,,,,,
1996-02-15,,,,,,,,2445.27,,,,,,,,,,,,,
1996-02-16,,,,,,,,2445.05,,,,,,,,,,,,,
1996-02-17,,,,,,,,2444.8,,,,,,,,,,,,,
1996-02-18,,,,,,,,2444.5,,,,,,,,,,,,,
1996-02-19,,,,,,,,2444.2,,,,,,,,,,,,,
1996-02-20,,,,,,,,2443.9,,,,,,,,,,,,,
1996-02-21,,,,,,,,2443.57,,,,,,,,,,,,,
1996-02-22,,,,,,,,2443.28,,,,,,,,,,,,,
1996-02-23,,,,,,,,2442.97,,,,,,,,,,,,,
1996-02-24,,,,,,,,2442.65,,,,,,,,,,,,,
1996-02-25,,,,,,,,2442.33,,,,,,,,,,,,,
1996-02-26,,,,,,,,2442.0,,,,,,,,,,,,,
1996-02-27,,,,,,,,2441.68,,,,,,,,,,,,,
1996-02-28,,,,,,,,2441.32,,,,,,,,,,,,,
1996-02-29,,,,,,,,2440.95,,,,,,,,,,,,,
1996-03-01,,,,,,,,2440.6,,,,,,,,,,,,,
1996-03-02,,,,,,,,2440.25,,,,,,,,,,,,,
1996-03-03,,,,,,,,2439.88,,,,,,,,,,,,,
1996-03-04,,,,,,,,2439.55,,,,,,,,,,,,,
1996-03-05,,,,,,,,2439.38,,,,,,,,,,,,,
1996-03-06,,,,,,,,2439.25,,,,,,,,,,,,,
1996-03-07,,,,,,,,2439.12,,,,,,,,,,,,,
1996-03-08,,,,,,,,2438.97,,,,,,,,,,,,,
1996-03-09,,,,,,,,2438.82,,,,,,,,,,,,,
1996-03-10,,,,,,,,2438.68,,,,,,,,,,,,,
1996-03-11,,,,,,,,2438.53,,,,,,,,,,,,,
1996-03-12,,,,,,,,2438.42,,,,,,,,,,,,,
1996-03-13,,,,,,,,2438.33,,,,,,,,,,,,,
1996-03-14,,,,,,,,2438.09,,,,,,,,,,,,,
1996-03-15,,,,,,,,2437.78,,,,,,,,,,,,,
1996-03-16,,,,,,,,2437.44,,,,,,,,,,,,,
1996-03-17,,,,,,,,2437.09,,,,,,,,,,,,,
1996-03-18,,,,,,,,2436.7,,,,,,,,,,,,,
1996-03-19,,,,,,,,2436.31,,,,,,,,,,,,,
1996-03-20,,,,,,,,2435.85,,,,,,,,,,,,,
1996-03-21,,,,,,,,2435.44,,,,,,,,,,,,,
1996-03-22,,,,,,,,2435.02,,,,,,,,,,,,,
1996-03-23,,,,,,,,2434.6,,,,,,,,,,,,,
1996-03-24,,,,,,,,2434.17,,,,,,,,,,,,,
1996-03-25,,,,,,,,2433.77,,,,,,,,,,,,,
1996-03-26,,,,,,,,2433.42,,,,,,,,,,,,,
1996-03-27,,,,,,,,2433.07,,,,,,,,,,,,,
1996-03-28,,,,,,,,2432.67,,,,,,,,,,,,,
1996-03-29,,,,,,,,2432.27,,,,,,,,,,,,,
1996-03-30,,,,,,,,2431.87,,,,,,,,,,,,,
1996-03-31,,,,,,,,2431.46,,,,,,,,,,,,,
1996-04-01,,,,,,,,2431.05,,,,,,,,,,,,,
1996-04-02,,,,,,,,2430.64,,,,,,,,,,,,,
1996-04-03,,,,,,,,2430.23,,,,,,,,,,,,,
1996-04-04,,,,,,,,2429.9,,,,,,,,,,,,,
1996-04-05,,,,,,,,2429.4,,,,,,,,,,,,,
1996-04-06,,,,,,,,2429.1,,,,,,,,,,,,,
1996-04-07,,,,,,,,2428.7,,,,,,,,,,,,,
1996-04-08,,,,,,,,2428.3,,,,,,,,,,,,,
1996-04-09,,,,,,,,2427.9,,,,,,,,,,,,,
1996-04-10,,,,,,,,2427.5,,,,,,,,,,,,,
1996-04-11,,,,,,,,2427.1,,,,,,,,,,,,,
1996-04-12,,,,,,,,2426.7,,,,,,,,,,,,,
1996-04-13,,,,,,,,2426.3,,,,,,,,,,,,,
1996-04-14,,,,,,,,2426.0,,,,,,,,,,,,,
1996-04-15,,,,,,,,2426.0,,,,,,,,,,,,,
1996-04-16,,,,,,,,2426.4,,,,,,,,,,,,,
1996-04-17,,,,,,,,2426.55,,,,,,,,,,,,,
1996-04-18,,,,,,,,2426.5,,,,,,,,,,,,,
1996-04-19,,,,,,,,2426.35,,,,,,,,,,,,,
1996-04-20,,,,,,,,2426.1,,,,,,,,,,,,,
1996-04-21,,,,,,,,2425.8,,,,,,,,,,,,,
1996-04-22,,,,,,,,2425.65,,,,,,,,,,,,,
1996-04-23,,,,,,,,2425.5,,,,,,,,,,,,,
1996-04-24,,,,,,,,2425.38,,,,,,,,,,,,,
1996-04-25,,,,,,,,2425.23,,,,,,,,,,,,,
1996-04-26,,,,,,,,2424.9,,,,,,,,,,,,,
1996-04-27,,,,,,,,2424.45,,,,,,,,,,,,,
1996-04-28,,,,,,,,2423.9,,,,,,,,,,,,,
1996-04-29,,,,,,,,2423.38,,,,,,,,,,,,,
1996-04-30,,,,,,,,2422.85,,,,,,,,,,,,,
1996-05-01,,,,,,,,2422.32,,,,,,,,,,,,,
1996-05-02,,,,,,,,2421.78,,,,,,,,,,,,,
1996-05-03,,,,,,,,2421.23,,,,,,,,,,,,,
1996-05-04,,,,,,,,2420.68,,,,,,,,,,,,,
1996-05-05,,,,,,,,2420.13,,,,,,,,,,,,,
1996-05-06,,,,,,,,2419.53,,,,,,,,,,,,,
1996-05-07,,,,,,,,2419.0,,,,,,,,,,,,,
1996-05-08,,,,,,,,2419.1,,,,,,,,,,,,,
1996-05-09,,,,,,,,2419.1,,,,,,,,,,,,,
1996-05-10,,,,,,,,2419.1,,,,,,,,,,,,,
1996-05-11,,,,,,,,2419.1,,,,,,,,,,,,,
1996-05-12,,,,,,,,2419.0,,,,,,,,,,,,,
1996-05-13,,,,,,,,2418.7,,,,,,,,,,,,,
1996-05-14,,,,,,,,2418.1,,,,,,,,,,,,,
1996-05-15,,,,,,,,2417.45,,,,,,,,,,,,,
1996-05-16,,,,,,,,2417.4,,,,,,,,,,,,,
1996-05-17,,,,,,,,2417.35,,,,,,,,,,,,,
1996-05-18,,,,,,,,2417.3,,,,,,,,,,,,,
1996-05-19,,,,,,,,2417.3,,,,,,,,,,,,,
1996-05-20,,,,,,,,2417.5,,,,,,,,,,,,,
1996-05-21,,,,,,,,2418.7,,,,,,,,,,,,,
1996-05-22,,,,,,,,2419.5,,,,,,,,,,,,,
1996-05-23,,,,,,,,2419.8,,,,,,,,,,,,,
1996-05-24,,,,,,,,2419.9,,,,,,,,,,,,,
1996-05-25,,,,,,,,2419.6,,,,,,,,,,,,,
1996-05-26,,,,,,,,2419.15,,,,,,,,,,,,,
1996-05-27,,,,,,,,2418.75,,,,,,,,,,,,,
1996-05-28,,,,,,,,2418.4,,,,,,,,,,,,,
1996-05-29,,,,,,,,2418.0,,,,,,,,,,,,,
1996-05-30,,,,,,,,2417.7,,,,,,,,,,,,,
1996-05-31,,,,,,,,2417.35,,,,,,,,,,,,,
1996-06-01,,,,,,,,2417.15,,,,,,,,,,,,,
1996-06-02,,,,,,,,2416.95,,,,,,,,,,,,,
1996-06-03,,,,,,,,2416.95,,,,,,,,,,,,,
1996-06-04,,,,,,,,2416.95,,,,,,,,,,,,,
1996-06-05,,,,,,,,2417.1,,,,,,,,,,,,,
1996-06-06,,,,,,,,2417.18,,,,,,,,,,,,,
1996-06-07,,,,,,,,2417.25,,,,,,,,,,,,,
1996-06-08,,,,,,,,2417.32,,,,,,,,,,,,,
1996-06-09,,,,,,,,2417.34,,,,,,,,,,,,,
1996-06-10,,,,,,,,2417.36,,,,,,,,,,,,,
1996-06-11,,,,,,,,2417.38,,,,,,,,,,,,,
1996-06-12,,,,,,,,2417.4,,,,,,,,,,,,,
1996-06-13,,,,,,,,2417.43,,,,,,,,,,,,,
1996-06-14,,,,,,,,2417.5,,,,,,,,,,,,,
1996-06-15,,,,,,,,2418.0,,,,,,,,,,,,,
1996-06-16,,,,,,,,2418.3,,,,,,,,,,,,,
1996-06-17,,,,,,,,2419.0,,,,,,,,,,,,,
1996-06-18,,,,,,,,2420.9,,,,,,,,,,,,,
1996-06-19,,,,,,,,2424.5,,,,,,,,,,,,,
1996-06-20,,,,,,,,2428.25,,,,,,,,,,,,,
1996-06-21,,,,,,,,2431.6,,,,,,,,,,,,,
1996-06-22,,,,,,,,2433.7,,,,,,,,,,,,,
1996-06-23,,,,,,,,2434.65,,,,,,,,,,,,,
1996-06-24,,,,,,,,2435.52,,,,,,,,,,,,,
1996-06-25,,,,,,,,2436.07,,,,,,,,,,,,,
1996-06-26,,,,,,,,2436.48,,,,,,,,,,,,,
1996-06-27,,,,,,,,2436.78,,,,,,,,,,,,,
1996-06-28,,,,,,,,2436.95,,,,,,,,,,,,,
1996-06-29,,,,,,,,2437.15,,,,,,,,,,,,,
1996-06-30,,,,,,,,2437.25,,,,,,,,,,,,,
1996-07-01,,,,,,,,2437.32,,,,,,,,,,,,,
1996-07-02,,,,,,,,2437.32,,,,,,,,,,,,,
1996-07-03,,,,,,,,2437.22,,,,,,,,,,,,,
1996-07-04,,,,,,,,2436.91,,,,,,,,,,,,,
1996-07-05,,,,,,,,2436.55,,,,,,,,,,,,,
1996-07-06,,,,,,,,2436.12,,,,,,,,,,,,,
1996-07-07,,,,,,,,2435.73,,,,,,,,,,,,,
1996-07-08,,,,,,,,2435.38,,,,,,,,,,,,,
1996-07-09,,,,,,,,2435.1,,,,,,,,,,,,,
1996-07-10,,,,,,,,2434.68,,,,,,,,,,,,,
1996-07-11,,,,,,,,2434.28,,,,,,,,,,,,,
1996-07-12,,,,,,,,2434.0,,,,,,,,,,,,,
1996-07-13,,,,,,,,2433.6,,,,,,,,,,,,,
1996-07-14,,,,,,,,2433.2,,,,,,,,,,,,,
1996-07-15,,,,,,,,2432.78,,,,,,,,,,,,,
1996-07-16,,,,,,,,2432.45,,,,,,,,,,,,,
1996-07-17,,,,,,,,2432.2,,,,,,,,,,,,,
1996-07-18,,,,,,,,2432.15,,,,,,,,,,,,,
1996-07-19,,,,,,,,2432.75,,,,,,,,,,,,,
1996-07-20,,,,,,,,2434.0,,,,,,,,,,,,,
1996-07-21,,,,,,,,2435.4,,,,,,,,,,,,,
1996-07-22,,,,,,,,2437.1,,,,,,,,,,,,,
1996-07-23,,,,,,,,2439.55,,,,,,,,,,,,,
1996-07-24,,,,,,,,2441.72,,,,,,,,,,,,,
1996-07-25,,,,,,,,2444.25,,,,,,,,,,,,,
1996-07-26,,,,,,,,2446.92,,,,,,,,,,,,,
1996-07-27,,,,,,,,2449.45,,,,,,,,,,,,,
1996-07-28,,,,,,,,2451.64,,,,,,,,,,,,,
1996-07-29,,,,,,,,2453.35,,,,,,,,,,,,,
1996-07-30,,,,,,,,2454.5,,,,,,,,,,,,,
1996-07-31,,,,,,,,2455.72,,,,,,,,,,,,,
1996-08-01,,,,,,,,2456.7,,,,,,,,,,,,,
1996-08-02,,,,,,,,2457.34,,,,,,,,,,,,,
1996-08-03,,,,,,,,2458.1,,,,,,,,,,,,,
1996-08-04,,,,,,,,2458.65,,,,,,,,,,,,,
1996-08-05,,,,,,,,2458.95,,,,,,,,,,,,,
1996-08-06,,,,,,,,2459.05,,,,,,,,,,,,,
1996-08-07,,,,,,,,2459.25,,,,,,,,,,,,,
1996-08-08,,,,,,,,2459.9,,,,,,,,,,,,,
1996-08-09,,,,,,,,2460.22,,,,,,,,,,,,,
1996-08-10,,,,,,,,2460.41,,,,,,,,,,,,,
1996-08-11,,,,,,,,2460.58,,,,,,,,,,,,,
1996-08-12,,,,,,,,2460.84,,,,,,,,,,,,,
1996-08-13,,,,,,,,2461.2,,,,,,,,,,,,,
1996-08-14,,,,,,,,2461.9,,,,,,,,,,,,,
1996-08-15,,,,,,,,2462.65,,,,,,,,,,,,,
1996-08-16,,,,,,,,2463.35,,,,,,,,,,,,,
1996-08-17,,,,,,,,2464.0,,,,,,,,,,,,,
1996-08-18,,,,,,,,2464.25,,,,,,,,,,,,,
1996-08-19,,,,,,,,2464.5,,,,,,,,,,,,,
1996-08-20,,,,,,,,2464.59,,,,,,,,,,,,,
1996-08-21,,,,,,,,2464.65,,,,,,,,,,,,,
1996-08-22,,,,,,,,2464.73,,,,,,,,,,,,,
1996-08-23,,,,,,,,2464.85,,,,,,,,,,,,,
1996-08-24,,,,,,,,2465.3,,,,,,,,,,,,,
1996-08-25,,,,,,,,2465.6,,,,,,,,,,,,,
1996-08-26,,,,,,,,2465.8,,,,,,,,,,,,,
1996-08-27,,,,,,,,2466.13,,,,,,,,,,,,,
1996-08-28,,,,,,,,2466.37,,,,,,,,,,,,,
1996-08-29,,,,,,,,2466.58,,,,,,,,,,,,,
1996-08-30,,,,,,,,2466.74,,,,,,,,,,,,,
1996-08-31,,,,,,,,2466.8,,,,,,,,,,,,,
1996-09-01,,,,,,,,2466.82,,,,,,,,,,,,,
1996-09-02,,,,,,,,2466.89,,,,,,,,,,,,,
1996-09-03,,,,,,,,2467.13,,,,,,,,,,,,,
1996-09-04,,,,,,,,2467.68,,,,,,,,,,,,,
1996-09-05,,,,,,,,2467.98,,,,,,,,,,,,,
1996-09-06,,,,,,,,2468.2,,,,,,,,,,,,,
1996-09-07,,,,,,,,2468.28,,,,,,,,,,,,,
1996-09-08,,,,,,,,2468.3,,,,,,,,,,,,,
1996-09-09,,,,,,,,2468.3,,,,,,,,,,,,,
1996-09-10,,,,,,,,2468.23,,,,,,,,,,,,,
1996-09-11,,,,,,,,2468.24,,,,,,,,,,,,,
1996-09-12,,,,,,,,2468.24,,,,,,,,,,,,,
1996-09-13,,,,,,,,2468.18,,,,,,,,,,,,,
1996-09-14,,,,,,,,2468.11,,,,,,,,,,,,,
1996-09-15,,,,,,,,2468.05,,,,,,,,,,,,,
1996-09-16,,,,,,,,2467.92,,,,,,,,,,,,,
1996-09-17,,,,,,,,2467.76,,,,,,,,,,,,,
1996-09-18,,,,,,,,2467.61,,,,,,,,,,,,,
1996-09-19,,,,,,,,2467.46,,,,,,,,,,,,,
1996-09-20,,,,,,,,2467.32,,,,,,,,,,,,,
1996-09-21,,,,,,,,2467.17,,,,,,,,,,,,,
1996-09-22,,,,,,,,2467.03,,,,,,,,,,,,,
1996-09-23,,,,,,,,2466.9,,,,,,,,,,,,,
1996-09-24,,,,,,,,2466.93,,,,,,,,,,,,,
1996-09-25,,,,,,,,2467.37,,,,,,,,,,,,,
1996-09-26,,,,,,,,2467.7,,,,,,,,,,,,,
1996-09-27,,,,,,,,2467.86,,,,,,,,,,,,,
1996-09-28,,,,,,,,2467.84,,,,,,,,,,,,,
1996-09-29,,,,,,,,2467.78,,,,,,,,,,,,,
1996-09-30,,,,,,,,2467.9,,,,,,,,,,,,,
1996-10-01,,,,,,,,2468.2,,,,,,,,,,,,,
1996-10-02,,,,,,,,2468.3,,,,,,,,,,,,,
1996-10-03,,,,,,,,2468.36,,,,,,,,,,,,,
1996-10-04,,,,,,,,2468.19,,,,,,,,,,,,,
1996-10-05,,,,,,,,2468.23,,,,,,,,,,,,,
1996-10-06,,,,,,,,2468.21,,,,,,,,,,,,,
1996-10-07,,,,,,,,2468.14,,,,,,,,,,,,,
1996-10-08,,,,,,,,2468.02,,,,,,,,,,,,,
1996-10-09,,,,,,,,2467.85,,,,,,,,,,,,,
1996-10-10,,,,,,,,2467.75,,,,,,,,,,,,,
1996-10-11,,,,,,,,2468.35,,,,,,,,,,,,,
1996-10-12,,,,,,,,2468.15,,,,,,,,,,,,,
1996-10-13,,,,,,,,2468.06,,,,,,,,,,,,,
1996-10-14,,,,,,,,2468.04,,,,,,,,,,,,,
1996-10-15,,,,,,,,2468.18,,,,,,,,,,,,,
1996-10-16,,,,,,,,2468.0,,,,,,,,,,,,,
1996-10-17,,,,,,,,2468.1,,,,,,,,,,,,,
1996-10-18,,,,,,,,2468.11,,,,,,,,,,,,,
1996-10-19,,,,,,,,2468.12,,,,,,,,,,,,,
1996-10-20,,,,,,,,2468.08,,,,,,,,,,,,,
1996-10-21,,,,,,,,2468.08,,,,,,,,,,,,,
1996-10-22,,,,,,,,2468.05,,,,,,,,,,,,,
1996-10-23,,,,,,,,2468.02,,,,,,,,,,,,,
1996-10-24,,,,,,,,2467.94,,,,,,,,,,,,,
1996-10-25,,,,,,,,2467.82,,,,,,,,,,,,,
1996-10-26,,,,,,,,2467.65,,,,,,,,,,,,,
1996-10-27,,,,,,,,2467.48,,,,,,,,,,,,,
1996-10-28,,,,,,,,2467.29,,,,,,,,,,,,,
1996-10-29,,,,,,,,2467.1,,,,,,,,,,,,,
1996-10-30,,,,,,,,2466.92,,,,,,,,,,,,,
1996-10-31,,,,,,,,2466.74,,,,,,,,,,,,,
1996-11-01,,,,,,,,2466.57,,,,,,,,,,,,,
1996-11-02,,,,,,,,2466.42,,,,,,,,,,,,,
1996-11-03,,,,,,,,2466.4,,,,,,,,,,,,,
1996-11-04,,,,,,,,2466.32,,,,,,,,,,,,,
1996-11-05,,,,,,,,2466.2,,,,,,,,,,,,,
1996-11-06,,,,,,,,2466.02,,,,,,,,,,,,,
1996-11-07,,,,,,,,2465.83,,,,,,,,,,,,,
1996-11-08,,,,,,,,2465.64,,,,,,,,,,,,,
1996-11-09,,,,,,,,2465.45,,,,,,,,,,,,,
1996-11-10,,,,,,,,2465.26,,,,,,,,,,,,,
1996-11-11,,,,,,,,2465.06,,,,,,,,,,,,,
1996-11-12,,,,,,,,2464.86,,,,,,,,,,,,,
1996-11-13,,,,,,,,2464.68,,,,,,,,,,,,,
1996-11-14,,,,,,,,2464.49,,,,,,,,,,,,,
1996-11-15,,,,,,,,2464.31,,,,,,,,,,,,,
1996-11-16,,,,,,,,2464.18,,,,,,,,,,,,,
1996-11-17,,,,,,,,2464.02,,,,,,,,,,,,,
1996-11-18,,,,,,,,2463.84,,,,,,,,,,,,,
1996-11-19,,,,,,,,2463.66,,,,,,,,,,,,,
1996-11-20,,,,,,,,2463.49,,,,,,,,,,,,,
1996-11-21,,,,,,,,2463.32,,,,,,,,,,,,,
1996-11-22,,,,,,,,2463.22,,,,,,,,,,,,,
1996-11-23,,,,,,,,2463.07,,,,,,,,,,,,,
1996-11-24,,,,,,,,2462.92,,,,,,,,,,,,,
1996-11-25,,,,,,,,2462.77,,,,,,,,,,,,,
1996-11-26,,,,,,,,2462.64,,,,,,,,,,,,,
1996-11-27,,,,,,,,2462.54,,,,,,,,,,,,,
1996-11-28,,,,,,,,2462.43,,,,,,,,,,,,,
1996-11-29,,,,,,,,2462.29,,,,,,,,,,,,,
1996-11-30,,,,,,,,2462.14,,,,,,,,,,,,,
1996-12-01,,,,,,,,2461.98,,,,,,,,,,,,,
1996-12-02,,,,,,,,2461.83,,,,,,,,,,,,,
1996-12-03,,,,,,,,2461.66,,,,,,,,,,,,,
1996-12-04,,,,,,,,2461.48,,,,,,,,,,,,,
1996-12-05,,,,,,,,2461.32,,,,,,,,,,,,,
1996-12-06,,,,,,,,2461.16,,,,,,,,,,,,,
1996-12-07,,,,,,,,2461.04,,,,,,,,,,,,,
1996-12-08,,,,,,,,2460.93,,,,,,,,,,,,,
1996-12-09,,,,,,,,2460.95,,,,,,,,,,,,,
1996-12-10,,,,,,,,2460.97,,,,,,,,,,,,,
1996-12-11,,,,,,,,2461.02,,,,,,,,,,,,,
1996-12-12,,,,,,,,2461.05,,,,,,,,,,,,,
1996-12-13,,,,,,,,2461.03,,,,,,,,,,,,,
1996-12-14,,,,,,,,2461.02,,,,,,,,,,,,,
1996-12-15,,,,,,,,2461.02,,,,,,,,,,,,,
1996-12-16,,,,,,,,2461.08,,,,,,,,,,,,,
1996-12-17,,,,,,,,2461.26,,,,,,,,,,,,,
1996-12-18,,,,,,,,2461.73,,,,,,,,,,,,,
1996-12-19,,,,,,,,2462.04,,,,,,,,,,,,,
1996-12-20,,,,,,,,2462.2,,,,,,,,,,,,,
1996-12-21,,,,,,,,2462.3,,,,,,,,,,,,,
1996-12-22,,,,,,,,2462.33,,,,,,,,,,,,,
1996-12-23,,,,,,,,2462.35,,,,,,,,,,,,,
1996-12-24,,,,,,,,2462.36,,,,,,,,,,,,,
1996-12-25,,,,,,,,2462.37,,,,,,,,,,,,,
1996-12-26,,,,,,,,2462.34,,,,,,,,,,,,,
1996-12-27,,,,,,,,2462.3,,,,,,,,,,,,,
1996-12-28,,,,,,,,2462.23,,,,,,,,,,,,,
1996-12-29,,,,,,,,2462.0,,,,,,,,,,,,,
1996-12-30,,,,,,,,2461.78,,,,,,,,,,,,,
1996-12-31,,,,,,,,2461.54,,,,,,,,,,,,,
1997-01-01,,,,,,,,2461.31,,,,,,,,,,,,,
1997-01-02,,,,,,,,2461.06,,,,,,,,,,,,,
1997-01-03,,,,,,,,2460.8,,,,,,,,,,,,,
1997-01-04,,,,,,,,2460.54,,,,,,,,,,,,,
1997-01-05,,,,,,,,2460.26,,,,,,,,,,,,,
1997-01-06,,,,,,,,2460.0,,,,,,,,,,,,,
1997-01-07,,,,,,,,2459.75,,,,,,,,,,,,,
1997-01-08,,,,,,,,2459.5,,,,,,,,,,,,,
1997-01-09,,,,,,,,2459.23,,,,,,,,,,,,,
1997-01-10,,,,,,,,2458.95,,,,,,,,,,,,,
1997-01-11,,,,,,,,2458.68,,,,,,,,,,,,,
1997-01-12,,,,,,,,2458.4,,,,,,,,,,,,,
1997-01-13,,,,,,,,2458.14,,,,,,,,,,,,,
1997-01-14,,,,,,,,2457.86,,,,,,,,,,,,,
1997-01-15,,,,,,,,2457.6,,,,,,,,,,,,,
1997-01-16,,,,,,,,2457.35,,,,,,,,,,,,,
1997-01-17,,,,,,,,2457.07,,,,,,,,,,,,,
1997-01-18,,,,,,,,2456.8,,,,,,,,,,,,,
1997-01-19,,,,,,,,2456.52,,,,,,,,,,,,,
1997-01-20,,,,,,,,2456.24,,,,,,,,,,,,,
1997-01-21,,,,,,,,2456.0,,,,,,,,,,,,,
1997-01-22,,,,,,,,2455.98,,,,,,,,,,,,,
1997-01-23,,,,,,,,2455.96,,,,,,,,,,,,,
1997-01-24,,,,,,,,2455.94,,,,,,,,,,,,,
1997-01-25,,,,,,,,2455.93,,,,,,,,,,,,,
1997-01-26,,,,,,,,2455.83,,,,,,,,,,,,,
1997-01-27,,,,,,,,2455.73,,,,,,,,,,,,,
1997-01-28,,,,,,,,2455.65,,,,,,,,,,,,,
1997-01-29,,,,,,,,2455.57,,,,,,,,,,,,,
1997-01-30,,,,,,,,2455.48,,,,,,,,,,,,,
1997-01-31,,,,,,,,2455.4,,,,,,,,,,,,,
1997-02-01,,,,,,,,2455.33,,,,,,,,,,,,,
1997-02-02,,,,,,,,2455.25,,,,,,,,,,,,,
1997-02-03,,,,,,,,2455.2,,,,,,,,,,,,,
1997-02-04,,,,,,,,2455.14,,,,,,,,,,,,,
1997-02-05,,,,,,,,2455.07,,,,,,,,,,,,,
1997-02-06,,,,,,,,2454.96,,,,,,,,,,,,,
1997-02-07,,,,,,,,2454.85,,,,,,,,,,,,,
1997-02-08,,,,,,,,2454.74,,,,,,,,,,,,,
1997-02-09,,,,,,,,2454.63,,,,,,,,,,,,,
1997-02-10,,,,,,,,2454.53,,,,,,,,,,,,,
1997-02-11,,,,,,,,2454.42,,,,,,,,,,,,,
1997-02-12,,,,,,,,2454.27,,,,,,,,,,,,,
1997-02-13,,,,,,,,2454.09,,,,,,,,,,,,,
1997-02-14,,,,,,,,2453.9,,,,,,,,,,,,,
1997-02-15,,,,,,,,2453.7,,,,,,,,,,,,,
1997-02-16,,,,,,,,2453.55,,,,,,,,,,,,,
1997-02-17,,,,,,,,2453.42,,,,,,,,,,,,,
1997-02-18,,,,,,,,2453.28,,,,,,,,,,,,,
1997-02-19,,,,,,,,2453.13,,,,,,,,,,,,,
1997-02-20,,,,,,,,2452.97,,,,,,,,,,,,,
1997-02-21,,,,,,,,2452.81,,,,,,,,,,,,,
1997-02-22,,,,,,,,2452.65,,,,,,,,,,,,,
1997-02-23,,,,,,,,2452.48,,,,,,,,,,,,,
1997-02-24,,,,,,,,2452.31,,,,,,,,,,,,,
1997-02-25,,,,,,,,2452.14,,,,,,,,,,,,,
1997-02-26,,,,,,,,2451.96,,,,,,,,,,,,,
1997-02-27,,,,,,,,2451.78,,,,,,,,,,,,,
1997-02-28,,,,,,,,2451.62,,,,,,,,,,,,,
1997-03-01,,,,,,,,2451.46,,,,,,,,,,,,,
1997-03-02,,,,,,,,2451.31,,,,,,,,,,,,,
1997-03-03,,,,,,,,2451.16,,,,,,,,,,,,,
1997-03-04,,,,,,,,2451.0,,,,,,,,,,,,,
1997-03-05,,,,,,,,2450.85,,,,,,,,,,,,,
1997-03-06,,,,,,,,2450.7,,,,,,,,,,,,,
1997-03-07,,,,,,,,2450.55,,,,,,,,,,,,,
1997-03-08,,,,,,,,2450.4,,,,,,,,,,,,,
1997-03-09,,,,,,,,2450.24,,,,,,,,,,,,,
1997-03-10,,,,,,,,2450.08,,,,,,,,,,,,,
1997-03-11,,,,,,,,2449.95,,,,,,,,,,,,,
1997-03-12,,,,,,,,2449.83,,,,,,,,,,,,,
1997-03-13,,,,,,,,2449.72,,,,,,,,,,,,,
1997-03-14,,,,,,,,2449.58,,,,,,,,,,,,,
1997-03-15,,,,,,,,2449.44,,,,,,,,,,,,,
1997-03-16,,,,,,,,2449.3,,,,,,,,,,,,,
1997-03-17,,,,,,,,2449.15,,,,,,,,,,,,,
1997-03-18,,,,,,,,2449.0,,,,,,,,,,,,,
1997-03-19,,,,,,,,2448.85,,,,,,,,,,,,,
1997-03-20,,,,,,,,2448.69,,,,,,,,,,,,,
1997-03-21,,,,,,,,2448.6,,,,,,,,,,,,,
1997-03-22,,,,,,,,2448.52,,,,,,,,,,,,,
1997-03-23,,,,,,,,2448.45,,,,,,,,,,,,,
1997-03-24,,,,,,,,2448.33,,,,,,,,,,,,,
1997-03-25,,,,,,,,2448.19,,,,,,,,,,,,,
1997-03-26,,,,,,,,2448.04,,,,,,,,,,,,,
1997-03-27,,,,,,,,2447.87,,,,,,,,,,,,,
1997-03-28,,,,,,,,2447.7,,,,,,,,,,,,,
1997-03-29,,,,,,,,2447.54,,,,,,,,,,,,,
1997-03-30,,,,,,,,2447.36,,,,,,,,,,,,,
1997-03-31,,,,,,,,2447.18,,,,,,,,,,,,,
1997-04-01,,,,,,,,2447.01,,,,,,,,,,,,,
1997-04-02,,,,,,,,2446.86,,,,,,,,,,,,,
1997-04-03,,,,,,,,2446.76,,,,,,,,,,,,,
1997-04-04,,,,,,,,2446.67,,,,,,,,,,,,,
1997-04-05,,,,,,,,2446.54,,,,,,,,,,,,,
1997-04-06,,,,,,,,2446.39,,,,,,,,,,,,,
1997-04-07,,,,,,,,2446.22,,,,,,,,,,,,,
1997-04-08,,,,,,,,2446.05,,,,,,,,,,,,,
1997-04-09,,,,,,,,2445.88,,,,,,,,,,,,,
1997-04-10,,,,,,,,2445.71,,,,,,,,,,,,,
1997-04-11,,,,,,,,2445.61,,,,,,,,,,,,,
1997-04-12,,,,,,,,2445.5,,,,,,,,,,,,,
1997-04-13,,,,,,,,2445.42,,,,,,,,,,,,,
1997-04-14,,,,,,,,2445.34,,,,,,,,,,,,,
1997-04-15,,,,,,,,2445.25,,,,,,,,,,,,,
1997-04-16,,,,,,,,2445.15,,,,,,,,,,,,,
1997-04-17,,,,,,,,2445.03,,,,,,,,,,,,,
1997-04-18,,,,,,,,2444.9,,,,,,,,,,,,,
1997-04-19,,,,,,,,2444.76,,,,,,,,,,,,,
1997-04-20,,,,,,,,2444.65,,,,,,,,,,,,,
1997-04-21,,,,,,,,2444.51,,,,,,,,,,,,,
1997-04-22,,,,,,,,2444.4,,,,,,,,,,,,,
1997-04-23,,,,,,,,2444.29,,,,,,,,,,,,,
1997-04-24,,,,,,,,2444.19,,,,,,,,,,,,,
1997-04-25,,,,,,,,2444.1,,,,,,,,,,,,,
1997-04-26,,,,,,,,2444.03,,,,,,,,,,,,,
1997-04-27,,,,,,,,2443.98,,,,,,,,,,,,,
1997-04-28,,,,,,,,2443.93,,,,,,,,,,,,,
1997-04-29,,,,,,,,2443.88,,,,,,,,,,,,,
1997-04-30,,,,,,,,2443.83,,,,,,,,,,,,,
1997-05-01,,,,,,,,2443.78,,,,,,,,,,,,,
1997-05-02,,,,,,,,2443.75,,,,,,,,,,,,,
1997-05-03,,,,,,,,2443.73,,,,,,,,,,,,,
1997-05-04,,,,,,,,2443.71,,,,,,,,,,,,,
1997-05-05,,,,,,,,2443.68,,,,,,,,,,,,,
1997-05-06,,,,,,,,2443.63,,,,,,,,,,,,,
1997-05-07,,,,,,,,2443.59,,,,,,,,,,,,,
1997-05-08,,,,,,,,2443.49,,,,,,,,,,,,,
1997-05-09,,,,,,,,2443.4,,,,,,,,,,,,,
1997-05-10,,,,,,,,2443.28,,,,,,,,,,,,,
1997-05-11,,,,,,,,2443.15,,,,,,,,,,,,,
1997-05-12,,,,,,,,2443.02,,,,,,,,,,,,,
1997-05-13,,,,,,,,2442.86,,,,,,,,,,,,,
1997-05-14,,,,,,,,2442.74,,,,,,,,,,,,,
1997-05-15,,,,,,,,2442.64,,,,,,,,,,,,,
1997-05-16,,,,,,,,2442.54,,,,,,,,,,,,,
1997-05-17,,,,,,,,2442.5,,,,,,,,,,,,,
1997-05-18,,,,,,,,2442.45,,,,,,,,,,,,,
1997-05-19,,,,,,,,2442.39,,,,,,,,,,,,,
1997-05-20,,,,,,,,2442.33,,,,,,,,,,,,,
1997-05-21,,,,,,,,2442.28,,,,,,,,,,,,,
1997-05-22,,,,,,,,2442.24,,,,,,,,,,,,,
1997-05-23,,,,,,,,2442.2,,,,,,,,,,,,,
1997-05-24,,,,,,,,2442.15,,,,,,,,,,,,,
1997-05-25,,,,,,,,2442.1,,,,,,,,,,,,,
1997-05-26,,,,,,,,2442.05,,,,,,,,,,,,,
1997-05-27,,,,,,,,2441.98,,,,,,,,,,,,,
1997-05-28,,,,,,,,2441.87,,,,,,,,,,,,,
1997-05-29,,,,,,,,2441.77,,,,,,,,,,,,,
1997-05-30,,,,,,,,2441.66,,,,,,,,,,,,,
1997-05-31,,,,,,,,2441.54,,,,,,,,,,,,,
1997-06-01,,,,,,,,2441.41,,,,,,,,,,,,,
1997-06-02,,,,,,,,2441.28,,,,,,,,,,,,,
1997-06-03,,,,,,,,2441.15,,,,,,,,,,,,,
1997-06-04,,,,,,,,2441.03,,,,,,,,,,,,,
1997-06-05,,,,,,,,2440.88,,,,,,,,,,,,,
1997-06-06,,,,,,,,2440.74,,,,,,,,,,,,,
1997-06-07,,,,,,,,2440.58,,,,,,,,,,,,,
1997-06-08,,,,,,,,2440.4,,,,,,,,,,,,,
1997-06-09,,,,,,,,2440.22,,,,,,,,,,,,,
1997-06-10,,,,,,,,2440.06,,,,,,,,,,,,,
1997-06-11,,,,,,,,2439.9,,,,,,,,,,,,,
1997-06-12,,,,,,,,2439.77,,,,,,,,,,,,,
1997-06-13,,,,,,,,2439.63,,,,,,,,,,,,,
1997-06-14,,,,,,,,2439.48,,,,,,,,,,,,,
1997-06-15,,,,,,,,2439.33,,,,,,,,,,,,,
1997-06-16,,,,,,,,2439.18,,,,,,,,,,,,,
1997-06-17,,,,,,,,2439.04,,,,,,,,,,,,,
1997-06-18,,,,,,,,2438.9,,,,,,,,,,,,,
1997-06-19,,,,,,,,2438.77,,,,,,,,,,,,,
1997-06-20,,,,,,,,2438.64,,,,,,,,,,,,,
1997-06-21,,,,,,,,2438.5,,,,,,,,,,,,,
1997-06-22,,,,,,,,2438.37,,,,,,,,,,,,,
1997-06-23,,,,,,,,2438.37,,,,,,,,,,,,,
1997-06-24,,,,,,,,2438.38,,,,,,,,,,,,,
1997-06-25,,,,,,,,2438.4,,,,,,,,,,,,,
1997-06-26,,,,,,,,2438.43,,,,,,,,,,,,,
1997-06-27,,,,,,,,2438.45,,,,,,,,,,,,,
1997-06-28,,,,,,,,2438.7,,,,,,,,,,,,,
1997-06-29,,,,,,,,2439.4,,,,,,,,,,,,,
1997-06-30,,,,,,,,2440.35,,,,,,,,,,,,,
1997-07-01,,,,,,,,2442.45,,,,,,,,,,,,,
1997-07-02,,,,,,,,2444.5,,,,,,,,,,,,,
1997-07-03,,,,,,,,2446.52,,,,,,,,,,,,,
1997-07-04,,,,,,,,2447.87,,,,,,,,,,,,,
1997-07-05,,,,,,,,2448.73,,,,,,,,,,,,,
1997-07-06,,,,,,,,2449.3,,,,,,,,,,,,,
1997-07-07,,,,,,,,2449.69,,,,,,,,,,,,,
1997-07-08,,,,,,,,2450.34,,,,,,,,,,,,,
1997-07-09,,,,,,,,2451.14,,,,,,,,,,,,,
1997-07-10,,,,,,,,2451.8,,,,,,,,,,,,,
1997-07-11,,,,,,,,2453.0,,,,,,,,,,,,,
1997-07-12,,,,,,,,2454.8,,,,,,,,,,,,,
1997-07-13,,,,,,,,2456.38,,,,,,,,,,,,,
1997-07-14,,,,,,,,2457.24,,,,,,,,,,,,,
1997-07-15,,,,,,,,2457.62,,,,,,,,,,,,,
1997-07-16,,,,,,,,2457.81,,,,,,,,,,,,,
1997-07-17,,,,,,,,2458.17,,,,,,,,,,,,,
1997-07-18,,,,,,,,2458.73,,,,,,,,,,,,,
1997-07-19,,,,,,,,2459.25,,,,,,,,,,,,,
1997-07-20,,,,,,,,2459.93,,,,,,,,,,,,,
1997-07-21,,,,,,,,2460.25,,,,,,,,,,,,,
1997-07-22,,,,,,,,2460.52,,,,,,,,,,,,,
1997-07-23,,,,,,,,2460.5,,,,,,,,,,,,,
1997-07-24,,,,,,,,2460.46,,,,,,,,,,,,,
1997-07-25,,,,,,,,2460.44,,,,,,,,,,,,,
1997-07-26,,,,,,,,2460.58,,,,,,,,,,,,,
1997-07-27,,,,,,,,2461.36,,,,,,,,,,,,,
1997-07-28,,,,,,,,2462.42,,,,,,,,,,,,,
1997-07-29,,,,,,,,2463.27,,,,,,,,,,,,,
1997-07-30,,,,,,,,2464.12,,,,,,,,,,,,,
1997-07-31,,,,,,,,2465.05,,,,,,,,,,,,,
1997-08-01,,,,,,,,2465.97,,,,,,,,,,,,,
1997-08-02,,,,,,,,2467.37,,,,,,,,,,,,,
1997-08-03,,,,,,,,2467.18,,,,,,,,,,,,,
1997-08-04,,,,,,,,2467.05,,,,,,,,,,,,,
1997-08-05,,,,,,,,2467.23,,,,,,,,,,,,,
1997-08-06,,,,,,,,2467.22,,,,,,,,,,,,,
1997-08-07,,,,,,,,2467.28,,,,,,,,,,,,,
1997-08-08,,,,,,,,2467.32,,,,,,,,,,,,,
1997-08-09,,,,,,,,2466.9,,,,,,,,,,,,,
1997-08-10,,,,,,,,2466.6,,,,,,,,,,,,,
1997-08-11,,,,,,,,2467.36,,,,,,,,,,,,,
1997-08-12,,,,,,,,2467.54,,,,,,,,,,,,,
1997-08-13,,,,,,,,2467.53,,,,,,,,,,,,,
1997-08-14,,,,,,,,2467.5,,,,,,,,,,,,,
1997-08-15,,,,,,,,2467.5,,,,,,,,,,,,,
1997-08-16,,,,,,,,2467.4,,,,,,,,,,,,,
1997-08-17,,,,,,,,2467.33,,,,,,,,,,,,,
1997-08-18,,,,,,,,2467.31,,,,,,,,,,,,,
1997-08-19,,,,,,,,2467.36,,,,,,,,,,,,,
1997-08-20,,,,,,,,2467.46,,,,,,,,,,,,,
1997-08-21,,,,,,,,2467.5,,,,,,,,,,,,,
1997-08-22,,,,,,,,2467.66,,,,,,,,,,,,,
1997-08-23,,,,,,,,2467.54,,,,,,,,,,,,,
1997-08-24,,,,,,,,2467.21,,,,,,,,,,,,,
1997-08-25,,,,,,,,2467.24,,,,,,,,,,,,,
1997-08-26,,,,,,,,2467.58,,,,,,,,,,,,,
1997-08-27,,,,,,,,2467.6,,,,,,,,,,,,,
1997-08-28,,,,,,,,2467.3,,,,,,,,,,,,,
1997-08-29,,,,,,,,2467.3,,,,,,,,,,,,,
1997-08-30,,,,,,,,2467.31,,,,,,,,,,,,,
1997-08-31,,,,,,,,2467.3,,,,,,,,,,,,,
1997-09-01,,,,,,,,2467.29,,,,,,,,,,,,,
1997-09-02,,,,,,,,2467.24,,,,,,,,,,,,,
1997-09-03,,,,,,,,2467.38,,,,,,,,,,,,,
1997-09-04,,,,,,,,2467.53,,,,,,,,,,,,,
1997-09-05,,,,,,,,2467.53,,,,,,,,,,,,,
1997-09-06,,,,,,,,2467.51,,,,,,,,,,,,,
1997-09-07,,,,,,,,2467.48,,,,,,,,,,,,,
1997-09-08,,,,,,,,2467.42,,,,,,,,,,,,,
1997-09-09,,,,,,,,2467.39,,,,,,,,,,,,,
1997-09-10,,,,,,,,2467.38,,,,,,,,,,,,,
1997-09-11,,,,,,,,2467.33,,,,,,,,,,,,,
1997-09-12,,,,,,,,2467.23,,,,,,,,,,,,,
1997-09-13,,,,,,,,2467.18,,,,,,,,,,,,,
1997-09-14,,,,,,,,2467.12,,,,,,,,,,,,,
1997-09-15,,,,,,,,2467.13,,,,,,,,,,,,,
1997-09-16,,,,,,,,2467.25,,,,,,,,,,,,,
1997-09-17,,,,,,,,2467.25,,,,,,,,,,,,,
1997-09-18,,,,,,,,2467.21,,,,,,,,,,,,,
1997-09-19,,,,,,,,2467.24,,,,,,,,,,,,,
1997-09-20,,,,,,,,2467.21,,,,,,,,,,,,,
1997-09-21,,,,,,,,2467.13,,,,,,,,,,,,,
1997-09-22,,,,,,,,2466.99,,,,,,,,,,,,,
1997-09-23,,,,,,,,2466.91,,,,,,,,,,,,,
1997-09-24,,,,,,,,2466.78,,,,,,,,,,,,,
1997-09-25,,,,,,,,2466.62,,,,,,,,,,,,,
1997-09-26,,,,,,,,2466.43,,,,,,,,,,,,,
1997-09-27,,,,,,,,2466.24,,,,,,,,,,,,,
1997-09-28,,,,,,,,2466.03,,,,,,,,,,,,,
1997-09-29,,,,,,,,2465.83,,,,,,,,,,,,,
1997-09-30,,,,,,,,2465.7,,,,,,,,,,,,,
1997-10-01,,,,,,,,2465.55,,,,,,,,,,,,,
1997-10-02,,,,,,,,2465.5,,,,,,,,,,,,,
1997-10-03,,,,,,,,2465.73,,,,,,,,,,,,,
1997-10-04,,,,,,,,2466.03,,,,,,,,,,,,,
1997-10-05,,,,,,,,2466.07,,,,,,,,,,,,,
1997-10-06,,,,,,,,2466.04,,,,,,,,,,,,,
1997-10-07,,,,,,,,2466.1,,,,,,,,,,,,,
1997-10-08,,,,,,,,2466.4,,,,,,,,,,,,,
1997-10-09,,,,,,,,2466.8,,,,,,,,,,,,,
1997-10-10,,,,,,,,2466.95,,,,,,,,,,,,,
1997-10-11,,,,,,,,2466.92,,,,,,,,,,,,,
1997-10-12,,,,,,,,2466.85,,,,,,,,,,,,,
1997-10-13,,,,,,,,2466.68,,,,,,,,,,,,,
1997-10-14,,,,,,,,2466.42,,,,,,,,,,,,,
1997-10-15,,,,,,,,2466.15,,,,,,,,,,,,,
1997-10-16,,,,,,,,2465.9,,,,,,,,,,,,,
1997-10-17,,,,,,,,2465.63,,,,,,,,,,,,,
1997-10-18,,,,,,,,2465.37,,,,,,,,,,,,,
1997-10-19,,,,,,,,2465.1,,,,,,,,,,,,,
1997-10-20,,,,,,,,2464.83,,,,,,,,,,,,,
1997-10-21,,,,,,,,2464.56,,,,,,,,,,,,,
1997-10-22,,,,,,,,2464.28,,,,,,,,,,,,,
1997-10-23,,,,,,,,2464.0,,,,,,,,,,,,,
1997-10-24,,,,,,,,2463.9,,,,,,,,,,,,,
1997-10-25,,,,,,,,2463.85,,,,,,,,,,,,,
1997-10-26,,,,,,,,2463.8,,,,,,,,,,,,,
1997-10-27,,,,,,,,2463.9,,,,,,,,,,,,,
1997-10-28,,,,,,,,2464.25,,,,,,,,,,,,,
1997-10-29,,,,,,,,2464.57,,,,,,,,,,,,,
1997-10-30,,,,,,,,2464.75,,,,,,,,,,,,,
1997-10-31,,,,,,,,2464.95,,,,,,,,,,,,,
1997-11-01,,,,,,,,2465.32,,,,,,,,,,,,,
1997-11-02,,,,,,,,2465.75,,,,,,,,,,,,,
1997-11-03,,,,,,,,2465.93,,,,,,,,,,,,,
1997-11-04,,,,,,,,2465.97,,,,,,,,,,,,,
1997-11-05,,,,,,,,2465.96,,,,,,,,,,,,,
1997-11-06,,,,,,,,2465.97,,,,,,,,,,,,,
1997-11-07,,,,,,,,2465.9,,,,,,,,,,,,,
1997-11-08,,,,,,,,2465.77,,,,,,,,,,,,,
1997-11-09,,,,,,,,2465.69,,,,,,,,,,,,,
1997-11-10,,,,,,,,2465.63,,,,,,,,,,,,,
1997-11-11,,,,,,,,2465.59,,,,,,,,,,,,,
1997-11-12,,,,,,,,2465.56,,,,,,,,,,,,,
1997-11-13,,,,,,,,2465.6,,,,,,,,,,,,,
1997-11-14,,,,,,,,2465.66,,,,,,,,,,,,,
1997-11-15,,,,,,,,2465.73,,,,,,,,,,,,,
1997-11-16,,,,,,,,2465.75,,,,,,,,,,,,,
1997-11-17,,,,,,,,2465.78,,,,,,,,,,,,,
1997-11-18,,,,,,,,2465.8,,,,,,,,,,,,,
1997-11-19,,,,,,,,2465.86,,,,,,,,,,,,,
1997-11-20,,,,,,,,2465.89,,,,,,,,,,,,,
1997-11-21,,,,,,,,2465.97,,,,,,,,,,,,,
1997-11-22,,,,,,,,2466.02,,,,,,,,,,,,,
1997-11-23,,,,,,,,2466.03,,,,,,,,,,,,,
1997-11-24,,,,,,,,2466.03,,,,,,,,,,,,,
1997-11-25,,,,,,,,2466.33,,,,,,,,,,,,,
1997-11-26,,,,,,,,2466.82,,,,,,,,,,,,,
1997-11-27,,,,,,,,2467.14,,,,,,,,,,,,,
1997-11-28,,,,,,,,2467.58,,,,,,,,,,,,,
1997-11-29,,,,,,,,2467.856,,,,,,,,,,,,,
1997-11-30,,,,,,,,2468.0,,,,,,,,,,,,,
1997-12-01,,,,,,,,2468.05,,,,,,,,,,,,,
1997-12-02,,,,,,,,2468.0,,,,,,,,,,,,,
1997-12-03,,,,,,,,2467.93,,,,,,,,,,,,,
1997-12-04,,,,,,,,2467.86,,,,,,,,,,,,,
1997-12-05,,,,,,,,2467.75,,,,,,,,,,,,,
1997-12-06,,,,,,,,2467.63,,,,,,,,,,,,,
1997-12-07,,,,,,,,2467.51,,,,,,,,,,,,,
1997-12-08,,,,,,,,2467.41,,,,,,,,,,,,,
1997-12-09,,,,,,,,2467.34,,,,,,,,,,,,,
1997-12-10,,,,,,,,2467.5,,,,,,,,,,,,,
1997-12-11,,,,,,,,2467.56,,,,,,,,,,,,,
1997-12-12,,,,,,,,2467.56,,,,,,,,,,,,,
1997-12-13,,,,,,,,2467.52,,,,,,,,,,,,,
1997-12-14,,,,,,,,2467.38,,,,,,,,,,,,,
1997-12-15,,,,,,,,2467.27,,,,,,,,,,,,,
1997-12-16,,,,,,,,2467.13,,,,,,,,,,,,,
1997-12-17,,,,,,,,2466.97,,,,,,,,,,,,,
1997-12-18,,,,,,,,2466.85,,,,,,,,,,,,,
1997-12-19,,,,,,,,2466.69,,,,,,,,,,,,,
1997-12-20,,,,,,,,2466.53,,,,,,,,,,,,,
1997-12-21,,,,,,,,2466.37,,,,,,,,,,,,,
1997-12-22,,,,,,,,2466.2,,,,,,,,,,,,,
1997-12-23,,,,,,,,2465.98,,,,,,,,,,,,,
1997-12-24,,,,,,,,2465.76,,,,,,,,,,,,,
1997-12-25,,,,,,,,2465.62,,,,,,,,,,,,,
1997-12-26,,,,,,,,2465.37,,,,,,,,,,,,,
1997-12-27,,,,,,,,2465.13,,,,,,,,,,,,,
1997-12-28,,,,,,,,2464.85,,,,,,,,,,,,,
1997-12-29,,,,,,,,2464.59,,,,,,,,,,,,,
1997-12-30,,,,,,,,2464.3,,,,,,,,,,,,,
1997-12-31,,,,,,,,2464.02,,,,,,,,,,,,,
1998-01-01,,,,,,,,2463.72,,,,,,,,,,,,,
1998-01-02,,,,,,,,2463.48,,,,,,,,,,,,,
1998-01-03,,,,,,,,2463.27,,,,,,,,,,,,,
1998-01-04,,,,,,,,2463.0,,,,,,,,,,,,,
1998-01-05,,,,,,,,2462.69,,,,,,,,,,,,,
1998-01-06,,,,,,,,2462.5,,,,,,,,,,,,,
1998-01-07,,,,,,,,2462.21,,,,,,,,,,,,,
1998-01-08,,,,,,,,2461.93,,,,,,,,,,,,,
1998-01-09,,,,,,,,2461.65,,,,,,,,,,,,,
1998-01-10,,,,,,,,2461.36,,,,,,,,,,,,,
1998-01-11,,,,,,,,2461.07,,,,,,,,,,,,,
1998-01-12,,,,,,,,2460.78,,,,,,,,,,,,,
1998-01-13,,,,,,,,2460.47,,,,,,,,,,,,,
1998-01-14,,,,,,,,2460.18,,,,,,,,,,,,,
1998-01-15,,,,,,,,2459.89,,,,,,,,,,,,,
1998-01-16,,,,,,,,2459.59,,,,,,,,,,,,,
1998-01-17,,,,,,,,2459.28,,,,,,,,,,,,,
1998-01-18,,,,,,,,2459.04,,,,,,,,,,,,,
1998-01-19,,,,,,,,2458.92,,,,,,,,,,,,,
1998-01-20,,,,,,,,2458.83,,,,,,,,,,,,,
1998-01-21,,,,,,,,2458.7,,,,,,,,,,,,,
1998-01-22,,,,,,,,2458.58,,,,,,,,,,,,,
1998-01-23,,,,,,,,2458.46,,,,,,,,,,,,,
1998-01-24,,,,,,,,2458.33,,,,,,,,,,,,,
1998-01-25,,,,,,,,2458.22,,,,,,,,,,,,,
1998-01-26,,,,,,,,2458.11,,,,,,,,,,,,,
1998-01-27,,,,,,,,2458.01,,,,,,,,,,,,,
1998-01-28,,,,,,,,2457.9,,,,,,,,,,,,,
1998-01-29,,,,,,,,2457.8,,,,,,,,,,,,,
1998-01-30,,,,,,,,2457.55,,,,,,,,,,,,,
1998-01-31,,,,,,,,2457.28,,,,,,,,,,,,,
1998-02-01,,,,,,,,2447.45,,,,,,,,,,,,,
1998-02-02,,,,,,,,2456.72,,,,,,,,,,,,,
1998-02-03,,,,,,,,2456.43,,,,,,,,,,,,,
1998-02-04,,,,,,,,2456.12,,,,,,,,,,,,,
1998-02-05,,,,,,,,2455.8,,,,,,,,,,,,,
1998-02-06,,,,,,,,2455.48,,,,,,,,,,,,,
1998-02-07,,,,,,,,2455.17,,,,,,,,,,,,,
1998-02-08,,,,,,,,2454.85,,,,,,,,,,,,,
1998-02-09,,,,,,,,2454.52,,,,,,,,,,,,,
1998-02-10,,,,,,,,2454.16,,,,,,,,,,,,,
1998-02-11,,,,,,,,2453.789,,,,,,,,,,,,,
1998-02-12,,,,,,,,2453.41,,,,,,,,,,,,,
1998-02-13,,,,,,,,2453.03,,,,,,,,,,,,,
1998-02-14,,,,,,,,2452.67,,,,,,,,,,,,,
1998-02-15,,,,,,,,2452.4,,,,,,,,,,,,,
1998-02-16,,,,,,,,2452.11,,,,,,,,,,,,,
1998-02-17,,,,,,,,2451.75,,,,,,,,,,,,,
1998-02-18,,,,,,,,2451.38,,,,,,,,,,,,,
1998-02-19,,,,,,,,2451.01,,,,,,,,,,,,,
1998-02-20,,,,,,,,2450.64,,,,,,,,,,,,,
1998-02-21,,,,,,,,2450.26,,,,,,,,,,,,,
1998-02-22,,,,,,,,2449.94,,,,,,,,,,,,,
1998-02-23,,,,,,,,2449.59,,,,,,,,,,,,,
1998-02-24,,,,,,,,2449.22,,,,,,,,,,,,,
1998-02-25,,,,,,,,2448.85,,,,,,,,,,,,,
1998-02-26,,,,,,,,2448.47,,,,,,,,,,,,,
1998-02-27,,,,,,,,2448.11,,,,,,,,,,,,,
1998-02-28,,,,,,,,2447.8,,,,,,,,,,,,,
1998-03-01,,,,,,,,2447.45,,,,,,,,,,,,,
1998-03-02,,,,,,,,2447.13,,,,,,,,,,,,,
1998-03-03,,,,,,,,2446.8,,,,,,,,,,,,,
1998-03-04,,,,,,,,2446.48,,,,,,,,,,,,,
1998-03-05,,,,,,,,2446.14,,,,,,,,,,,,,
1998-03-06,,,,,,,,2445.84,,,,,,,,,,,,,
1998-03-07,,,,,,,,2445.54,,,,,,,,,,,,,
1998-03-08,,,,,,,,2445.28,,,,,,,,,,,,,
1998-03-09,,,,,,,,2445.23,,,,,,,,,,,,,
1998-03-10,,,,,,,,2445.18,,,,,,,,,,,,,
1998-03-11,,,,,,,,2445.12,,,,,,,,,,,,,
1998-03-12,,,,,,,,2445.0,,,,,,,,,,,,,
1998-03-13,,,,,,,,2444.68,,,,,,,,,,,,,
1998-03-14,,,,,,,,2444.32,,,,,,,,,,,,,
1998-03-15,,,,,,,,2444.0,,,,,,,,,,,,,
1998-03-16,,,,,,,,2443.68,,,,,,,,,,,,,
1998-03-17,,,,,,,,2443.34,,,,,,,,,,,,,
1998-03-18,,,,,,,,2443.04,,,,,,,,,,,,,
1998-03-19,,,,,,,,2442.73,,,,,,,,,,,,,
1998-03-20,,,,,,,,2442.4,,,,,,,,,,,,,
1998-03-21,,,,,,,,2442.02,,,,,,,,,,,,,
1998-03-22,,,,,,,,2441.63,,,,,,,,,,,,,
1998-03-23,,,,,,,,2441.05,,,,,,,,,,,,,
1998-03-24,,,,,,,,2440.69,,,,,,,,,,,,,
1998-03-25,,,,,,,,2440.27,,,,,,,,,,,,,
1998-03-26,,,,,,,,2439.82,,,,,,,,,,,,,
1998-03-27,,,,,,,,2439.38,,,,,,,,,,,,,
1998-03-28,,,,,,,,2439.0,,,,,,,,,,,,,
1998-03-29,,,,,,,,2438.61,,,,,,,,,,,,,
1998-03-30,,,,,,,,2438.21,,,,,,,,,,,,,
1998-03-31,,,,,,,,2437.85,,,,,,,,,,,,,
1998-04-01,,,,,,,,2437.46,,,,,,,,,,,,,
1998-04-02,,,,,,,,2437.02,,,,,,,,,,,,,
1998-04-03,,,,,,,,2436.57,,,,,,,,,,,,,
1998-04-04,,,,,,,,2436.12,,,,,,,,,,,,,
1998-04-05,,,,,,,,2435.66,,,,,,,,,,,,,
1998-04-06,,,,,,,,2435.36,,,,,,,,,,,,,
1998-04-07,,,,,,,,2434.87,,,,,,,,,,,,,
1998-04-08,,,,,,,,2434.32,,,,,,,,,,,,,
1998-04-09,,,,,,,,2433.97,,,,,,,,,,,,,
1998-04-10,,,,,,,,2433.5,,,,,,,,,,,,,
1998-04-11,,,,,,,,2432.92,,,,,,,,,,,,,
1998-04-12,,,,,,,,2432.37,,,,,,,,,,,,,
1998-04-13,,,,,,,,2431.82,,,,,,,,,,,,,
1998-04-14,,,,,,,,2431.25,,,,,,,,,,,,,
1998-04-15,,,,,,,,2430.62,,,,,,,,,,,,,
1998-04-16,,,,,,,,2430.05,,,,,,,,,,,,,
1998-04-17,,,,,,,,2430.52,,,,,,,,,,,,,
1998-04-18,,,,,,,,2429.0,,,,,,,,,,,,,
1998-04-19,,,,,,,,2428.52,,,,,,,,,,,,,
1998-04-20,,,,,,,,2427.98,,,,,,,,,,,,,
1998-04-21,,,,,,,,2427.5,,,,,,,,,,,,,
1998-04-22,,,,,,,,2427.1,,,,,,,,,,,,,
1998-04-23,,,,,,,,2426.7,,,,,,,,,,,,,
1998-04-24,,,,,,,,2426.6,,,,,,,,,,,,,
1998-04-25,,,,,,,,2426.7,,,,,,,,,,,,,
1998-04-26,,,,,,,,2426.85,,,,,,,,,,,,,
1998-04-27,,,,,,,,2427.0,,,,,,,,,,,,,
1998-04-28,,,,,,,,2427.2,,,,,,,,,,,,,
1998-04-29,,,,,,,,2427.4,,,,,,,,,,,,,
1998-04-30,,,,,,,,2427.65,,,,,,,,,,,,,
1998-05-01,,,,,,,,2427.8,,,,,,,,,,,,,
1998-05-02,,,,,,,,2428.05,,,,,,,,,,,,,
1998-05-03,,,,,,,,2428.27,,,,,,,,,,,,,
1998-05-04,,,,,,,,2428.47,,,,,,,,,,,,,
1998-05-05,,,,,,,,2428.57,,,,,,,,,,,,,
1998-05-06,,,,,,,,2428.5,,,,,,,,,,,,,
1998-05-07,,,,,,,,2428.4,,,,,,,,,,,,,
1998-05-08,,,,,,,,2428.3,,,,,,,,,,,,,
1998-05-09,,,,,,,,2428.1,,,,,,,,,,,,,
1998-05-10,,,,,,,,2427.55,,,,,,,,,,,,,
1998-05-11,,,,,,,,2427.0,,,,,,,,,,,,,
1998-05-12,,,,,,,,2426.7,,,,,,,,,,,,,
1998-05-13,,,,,,,,2426.3,,,,,,,,,,,,,
1998-05-14,,,,,,,,2425.8,,,,,,,,,,,,,
1998-05-15,,,,,,,,2425.4,,,,,,,,,,,,,
1998-05-16,,,,,,,,2424.8,,,,,,,,,,,,,
1998-05-17,,,,,,,,2424.4,,,,,,,,,,,,,
1998-05-18,,,,,,,,2423.8,,,,,,,,,,,,,
1998-05-19,,,,,,,,2423.1,,,,,,,,,,,,,
1998-05-20,,,,,,,,2422.5,,,,,,,,,,,,,
1998-05-21,,,,,,,,2421.85,,,,,,,,,,,,,
1998-05-22,,,,,,,,2421.2,,,,,,,,,,,,,
1998-05-23,,,,,,,,2420.7,,,,,,,,,,,,,
1998-05-24,,,,,,,,2420.05,,,,,,,,,,,,,
1998-05-25,,,,,,,,2419.5,,,,,,,,,,,,,
1998-05-26,,,,,,,,2419.0,,,,,,,,,,,,,
1998-05-27,,,,,,,,2418.6,,,,,,,,,,,,,
1998-05-28,,,,,,,,2418.3,,,,,,,,,,,,,
1998-05-29,,,,,,,,2418.2,,,,,,,,,,,,,
1998-05-30,,,,,,,,2418.1,,,,,,,,,,,,,
1998-05-31,,,,,,,,2418.0,,,,,,,,,,,,,
1998-06-01,,,,,,,,2417.9,,,,,,,,,,,,,
1998-06-02,,,,,,,,2417.8,,,,,,,,,,,,,
1998-06-03,,,,,,,,2417.7,,,,,,,,,,,,,
1998-06-04,,,,,,,,2417.53,,,,,,,,,,,,,
1998-06-05,,,,,,,,2417.48,,,,,,,,,,,,,
1998-06-06,,,,,,,,2417.5,,,,,,,,,,,,,
1998-06-07,,,,,,,,2417.51,,,,,,,,,,,,,
1998-06-08,,,,,,,,2417.52,,,,,,,,,,,,,
1998-06-09,,,,,,,,2417.54,,,,,,,,,,,,,
1998-06-10,,,,,,,,2417.55,,,,,,,,,,,,,
1998-06-11,,,,,,,,2417.8,,,,,,,,,,,,,
1998-06-12,,,,,,,,2418.1,,,,,,,,,,,,,
1998-06-13,,,,,,,,2418.3,,,,,,,,,,,,,
1998-06-14,,,,,,,,2418.5,,,,,,,,,,,,,
1998-06-15,,,,,,,,2418.75,,,,,,,,,,,,,
1998-06-16,,,,,,,,2418.9,,,,,,,,,,,,,
1998-06-17,,,,,,,,2418.8,,,,,,,,,,,,,
1998-06-18,,,,,,,,2418.6,,,,,,,,,,,,,
1998-06-19,,,,,,,,2418.45,,,,,,,,,,,,,
1998-06-20,,,,,,,,2418.35,,,,,,,,,,,,,
1998-06-21,,,,,,,,2418.25,,,,,,,,,,,,,
1998-06-22,,,,,,,,2418.25,,,,,,,,,,,,,
1998-06-23,,,,,,,,2418.2,,,,,,,,,,,,,
1998-06-24,,,,,,,,2418.15,,,,,,,,,,,,,
1998-06-25,,,,,,,,2418.15,,,,,,,,,,,,,
1998-06-26,,,,,,,,2418.4,,,,,,,,,,,,,
1998-06-27,,,,,,,,2418.8,,,,,,,,,,,,,
1998-06-28,,,,,,,,2419.3,,,,,,,,,,,,,
1998-06-29,,,,,,,,2421.3,,,,,,,,,,,,,
1998-06-30,,,,,,,,2425.9,,,,,,,,,,,,,
1998-07-01,,,,,,,,2429.8,,,,,,,,,,,,,
1998-07-02,,,,,,,,2433.5,,,,,,,,,,,,,
1998-07-03,,,,,,,,2437.4,,,,,,,,,,,,,
1998-07-04,,,,,,,,2440.65,,,,,,,,,,,,,
1998-07-05,,,,,,,,2443.46,,,,,,,,,,,,,
1998-07-06,,,,,,,,2445.76,,,,,,,,,,,,,
1998-07-07,,,,,,,,2447.47,,,,,,,,,,,,,
1998-07-08,,,,,,,,2449.6,,,,,,,,,,,,,
1998-07-09,,,,,,,,2450.72,,,,,,,,,,,,,
1998-07-10,,,,,,,,2451.45,,,,,,,,,,,,,
1998-07-11,,,,,,,,2452.35,,,,,,,,,,,,,
1998-07-12,,,,,,,,2453.1,,,,,,,,,,,,,
1998-07-13,,,,,,,,2453.83,,,,,,,,,,,,,
1998-07-14,,,,,,,,2454.57,,,,,,,,,,,,,
1998-07-15,,,,,,,,2455.18,,,,,,,,,,,,,
1998-07-16,,,,,,,,2455.49,,,,,,,,,,,,,
1998-07-17,,,,,,,,2455.64,,,,,,,,,,,,,
1998-07-18,,,,,,,,2455.78,,,,,,,,,,,,,
1998-07-19,,,,,,,,2455.92,,,,,,,,,,,,,
1998-07-20,,,,,,,,2456.03,,,,,,,,,,,,,
1998-07-21,,,,,,,,2456.25,,,,,,,,,,,,,
1998-07-22,,,,,,,,2456.42,,,,,,,,,,,,,
1998-07-23,,,,,,,,2456.5,,,,,,,,,,,,,
1998-07-24,,,,,,,,2456.52,,,,,,,,,,,,,
1998-07-25,,,,,,,,2456.53,,,,,,,,,,,,,
1998-07-26,,,,,,,,2456.48,,,,,,,,,,,,,
1998-07-27,,,,,,,,2456.45,,,,,,,,,,,,,
1998-07-28,,,,,,,,2456.55,,,,,,,,,,,,,
1998-07-29,,,,,,,,2456.74,,,,,,,,,,,,,
1998-07-30,,,,,,,,2458.08,,,,,,,,,,,,,
1998-07-31,,,,,,,,2459.4,,,,,,,,,,,,,
1998-08-01,,,,,,,,2460.7,,,,,,,,,,,,,
1998-08-02,,,,,,,,2461.65,,,,,,,,,,,,,
1998-08-03,,,,,,,,2462.1,,,,,,,,,,,,,
1998-08-04,,,,,,,,2462.3,,,,,,,,,,,,,
1998-08-05,,,,,,,,2462.35,,,,,,,,,,,,,
1998-08-06,,,,,,,,2462.35,,,,,,,,,,,,,
1998-08-07,,,,,,,,2462.34,,,,,,,,,,,,,
1998-08-08,,,,,,,,2462.33,,,,,,,,,,,,,
1998-08-09,,,,,,,,2462.3,,,,,,,,,,,,,
1998-08-10,,,,,,,,2462.3,,,,,,,,,,,,,
1998-08-11,,,,,,,,2462.95,,,,,,,,,,,,,
1998-08-12,,,,,,,,2463.45,,,,,,,,,,,,,
1998-08-13,,,,,,,,2464.0,,,,,,,,,,,,,
1998-08-14,,,,,,,,2464.3,,,,,,,,,,,,,
1998-08-15,,,,,,,,2464.43,,,,,,,,,,,,,
1998-08-16,,,,,,,,2464.53,,,,,,,,,,,,,
1998-08-17,,,,,,,,2464.75,,,,,,,,,,,,,
1998-08-18,,,,,,,,2464.88,,,,,,,,,,,,,
1998-08-19,,,,,,,,2465.1,,,,,,,,,,,,,
1998-08-20,,,,,,,,2465.45,,,,,,,,,,,,,
1998-08-21,,,,,,,,2465.67,,,,,,,,,,,,,
1998-08-22,,,,,,,,2465.72,,,,,,,,,,,,,
1998-08-23,,,,,,,,2465.75,,,,,,,,,,,,,
1998-08-24,,,,,,,,2466.02,,,,,,,,,,,,,
1998-08-25,,,,,,,,2466.25,,,,,,,,,,,,,
1998-08-26,,,,,,,,2466.35,,,,,,,,,,,,,
1998-08-27,,,,,,,,2466.8,,,,,,,,,,,,,
1998-08-28,,,,,,,,2467.15,,,,,,,,,,,,,
1998-08-29,,,,,,,,2467.42,,,,,,,,,,,,,
1998-08-30,,,,,,,,2467.62,,,,,,,,,,,,,
1998-08-31,,,,,,,,2467.67,,,,,,,,,,,,,
1998-09-01,,,,,,,,2467.7,,,,,,,,,,,,,
1998-09-02,,,,,,,,2467.75,,,,,,,,,,,,,
1998-09-03,,,,,,,,2467.83,,,,,,,,,,,,,
1998-09-04,,,,,,,,2467.8,,,,,,,,,,,,,
1998-09-05,,,,,,,,2467.68,,,,,,,,,,,,,
1998-09-06,,,,,,,,2467.78,,,,,,,,,,,,,
1998-09-07,,,,,,,,2467.77,,,,,,,,,,,,,
1998-09-08,,,,,,,,2467.75,,,,,,,,,,,,,
1998-09-09,,,,,,,,2467.75,,,,,,,,,,,,,
1998-09-10,,,,,,,,2467.72,,,,,,,,,,,,,
1998-09-11,,,,,,,,2467.65,,,,,,,,,,,,,
1998-09-12,,,,,,,,2467.72,,,,,,,,,,,,,
1998-09-13,,,,,,,,2467.73,,,,,,,,,,,,,
1998-09-14,,,,,,,,2467.86,,,,,,,,,,,,,
1998-09-15,,,,,,,,2467.77,,,,,,,,,,,,,
1998-09-16,,,,,,,,2467.6,,,,,,,,,,,,,
1998-09-17,,,,,,,,2467.71,,,,,,,,,,,,,
1998-09-18,,,,,,,,2467.9,,,,,,,,,,,,,
1998-09-19,,,,,,,,2467.69,,,,,,,,,,,,,
1998-09-20,,,,,,,,2467.73,,,,,,,,,,,,,
1998-09-21,,,,,,,,2467.68,,,,,,,,,,,,,
1998-09-22,,,,,,,,2467.57,,,,,,,,,,,,,
1998-09-23,,,,,,,,2467.4,,,,,,,,,,,,,
1998-09-24,,,,,,,,2467.33,,,,,,,,,,,,,
1998-09-25,,,,,,,,2467.45,,,,,,,,,,,,,
1998-09-26,,,,,,,,2467.63,,,,,,,,,,,,,
1998-09-27,,,,,,,,2467.97,,,,,,,,,,,,,
1998-09-28,,,,,,,,2467.9,,,,,,,,,,,,,
1998-09-29,,,,,,,,2467.91,,,,,,,,,,,,,
1998-09-30,,,,,,,,2467.85,,,,,,,,,,,,,
1998-10-01,,,,,,,,2467.84,,,,,,,,,,,,,
1998-10-02,,,,,,,,2467.97,,,,,,,,,,,,,
1998-10-03,,,,,,,,2468.05,,,,,,,,,,,,,
1998-10-04,,,,,,,,2467.97,,,,,,,,,,,,,
1998-10-05,,,,,,,,2467.97,,,,,,,,,,,,,
1998-10-06,,,,,,,,2467.95,,,,,,,,,,,,,
1998-10-07,,,,,,,,2467.94,,,,,,,,,,,,,
1998-10-08,,,,,,,,2468.0,,,,,,,,,,,,,
1998-10-09,,,,,,,,2468.0,,,,,,,,,,,,,
1998-10-10,,,,,,,,2467.93,,,,,,,,,,,,,
1998-10-11,,,,,,,,2467.83,,,,,,,,,,,,,
1998-10-12,,,,,,,,2467.9,,,,,,,,,,,,,
1998-10-13,,,,,,,,2468.0,,,,,,,,,,,,,
1998-10-14,,,,,,,,2468.1,,,,,,,,,,,,,
1998-10-15,,,,,,,,2467.95,,,,,,,,,,,,,
1998-10-16,,,,,,,,2468.02,,,,,,,,,,,,,
1998-10-17,,,,,,,,2468.05,,,,,,,,,,,,,
1998-10-18,,,,,,,,2468.06,,,,,,,,,,,,,
1998-10-19,,,,,,,,2468.0,,,,,,,,,,,,,
1998-10-20,,,,,,,,2467.97,,,,,,,,,,,,,
1998-10-21,,,,,,,,2468.01,,,,,,,,,,,,,
1998-10-22,,,,,,,,2467.95,,,,,,,,,,,,,
1998-10-23,,,,,,,,2467.83,,,,,,,,,,,,,
1998-10-24,,,,,,,,2467.68,,,,,,,,,,,,,
1998-10-25,,,,,,,,2467.52,,,,,,,,,,,,,
1998-10-26,,,,,,,,2467.53,,,,,,,,,,,,,
1998-10-27,,,,,,,,2467.9,,,,,,,,,,,,,
1998-10-28,,,,,,,,2468.13,,,,,,,,,,,,,
1998-10-29,,,,,,,,2468.2,,,,,,,,,,,,,
1998-10-30,,,,,,,,2468.1,,,,,,,,,,,,,
1998-10-31,,,,,,,,2467.94,,,,,,,,,,,,,
1998-11-01,,,,,,,,2467.74,,,,,,,,,,,,,
1998-11-02,,,,,,,,2467.64,,,,,,,,,,,,,
1998-11-03,,,,,,,,2467.63,,,,,,,,,,,,,
1998-11-04,,,,,,,,2467.7,,,,,,,,,,,,,
1998-11-05,,,,,,,,2467.72,,,,,,,,,,,,,
1998-11-06,,,,,,,,2467.69,,,,,,,,,,,,,
1998-11-07,,,,,,,,2467.65,,,,,,,,,,,,,
1998-11-08,,,,,,,,2467.73,,,,,,,,,,,,,
1998-11-09,,,,,,,,2467.85,,,,,,,,,,,,,
1998-11-10,,,,,,,,2467.97,,,,,,,,,,,,,
1998-11-11,,,,,,,,2468.02,,,,,,,,,,,,,
1998-11-12,,,,,,,,2467.97,,,,,,,,,,,,,
1998-11-13,,,,,,,,2467.87,,,,,,,,,,,,,
1998-11-14,,,,,,,,2467.71,,,,,,,,,,,,,
1998-11-15,,,,,,,,2467.51,,,,,,,,,,,,,
1998-11-16,,,,,,,,2467.31,,,,,,,,,,,,,
1998-11-17,,,,,,,,2467.1,,,,,,,,,,,,,
1998-11-18,,,,,,,,2466.9,,,,,,,,,,,,,
1998-11-19,,,,,,,,2466.71,,,,,,,,,,,,,
1998-11-20,,,,,,,,2466.51,,,,,,,,,,,,,
1998-11-21,,,,,,,,2466.32,,,,,,,,,,,,,
1998-11-22,,,,,,,,2466.15,,,,,,,,,,,,,
1998-11-23,,,,,,,,2465.96,,,,,,,,,,,,,
1998-11-24,,,,,,,,2465.85,,,,,,,,,,,,,
1998-11-25,,,,,,,,2465.68,,,,,,,,,,,,,
1998-11-26,,,,,,,,2465.51,,,,,,,,,,,,,
1998-11-27,,,,,,,,2465.36,,,,,,,,,,,,,
1998-11-28,,,,,,,,2465.2,,,,,,,,,,,,,
1998-11-29,,,,,,,,2465.04,,,,,,,,,,,,,
1998-11-30,,,,,,,,2464.88,,,,,,,,,,,,,
1998-12-01,,,,,,,,2464.7,,,,,,,,,,,,,
1998-12-02,,,,,,,,2464.52,,,,,,,,,,,,,
1998-12-03,,,,,,,,2464.35,,,,,,,,,,,,,
1998-12-04,,,,,,,,2464.19,,,,,,,,,,,,,
1998-12-05,,,,,,,,2464.1,,,,,,,,,,,,,
1998-12-06,,,,,,,,2463.98,,,,,,,,,,,,,
1998-12-07,,,,,,,,2463.83,,,,,,,,,,,,,
1998-12-08,,,,,,,,2463.69,,,,,,,,,,,,,
1998-12-09,,,,,,,,2463.54,,,,,,,,,,,,,
1998-12-10,,,,,,,,2463.4,,,,,,,,,,,,,
1998-12-11,,,,,,,,2463.29,,,,,,,,,,,,,
1998-12-12,,,,,,,,2463.37,,,,,,,,,,,,,
1998-12-13,,,,,,,,2463.45,,,,,,,,,,,,,
1998-12-14,,,,,,,,2463.52,,,,,,,,,,,,,
1998-12-15,,,,,,,,2463.54,,,,,,,,,,,,,
1998-12-16,,,,,,,,2463.58,,,,,,,,,,,,,
1998-12-17,,,,,,,,2463.64,,,,,,,,,,,,,
1998-12-18,,,,,,,,2463.8,,,,,,,,,,,,,
1998-12-19,,,,,,,,2463.94,,,,,,,,,,,,,
1998-12-20,,,,,,,,2463.83,,,,,,,,,,,,,
1998-12-21,,,,,,,,2463.68,,,,,,,,,,,,,
1998-12-22,,,,,,,,2463.47,,,,,,,,,,,,,
1998-12-23,,,,,,,,2463.32,,,,,,,,,,,,,
1998-12-24,,,,,,,,2463.13,,,,,,,,,,,,,
1998-12-25,,,,,,,,2462.89,,,,,,,,,,,,,
1998-12-26,,,,,,,,2462.65,,,,,,,,,,,,,
1998-12-27,,,,,,,,2462.42,,,,,,,,,,,,,
1998-12-28,,,,,,,,2462.2,,,,,,,,,,,,,
1998-12-29,,,,,,,,2461.97,,,,,,,,,,,,,
1998-12-30,,,,,,,,2461.75,,,,,,,,,,,,,
1998-12-31,,,,,,,,2461.52,,,,,,,,,,,,,
1999-01-01,,,,,,,,2461.29,,,,,,,,,,,,,
1999-01-02,,,,,,,,2461.06,,,,,,,,,,,,,
1999-01-03,,,,,,,,2460.82,,,,,,,,,,,,,
1999-01-04,,,,,,,,2460.59,,,,,,,,,,,,,
1999-01-05,,,,,,,,2460.34,,,,,,,,,,,,,
1999-01-06,,,,,,,,2460.12,,,,,,,,,,,,,
1999-01-07,,,,,,,,2459.84,,,,,,,,,,,,,
1999-01-08,,,,,,,,2459.53,,,,,,,,,,,,,
1999-01-09,,,,,,,,2459.35,,,,,,,,,,,,,
1999-01-10,,,,,,,,2459.25,,,,,,,,,,,,,
1999-01-11,,,,,,,,2459.16,,,,,,,,,,,,,
1999-01-12,,,,,,,,2459.06,,,,,,,,,,,,,
1999-01-13,,,,,,,,2458.9,,,,,,,,,,,,,
1999-01-14,,,,,,,,2458.65,,,,,,,,,,,,,
1999-01-15,,,,,,,,2458.35,,,,,,,,,,,,,
1999-01-16,,,,,,,,2458.1,,,,,,,,,,,,,
1999-01-17,,,,,,,,2457.88,,,,,,,,,,,,,
1999-01-18,,,,,,,,2457.61,,,,,,,,,,,,,
1999-01-19,,,,,,,,2457.29,,,,,,,,,,,,,
1999-01-20,,,,,,,,2456.9,,,,,,,,,,,,,
1999-01-21,,,,,,,,2456.73,,,,,,,,,,,,,
1999-01-22,,,,,,,,2456.43,,,,,,,,,,,,,
1999-01-23,,,,,,,,2456.13,,,,,,,,,,,,,
1999-01-24,,,,,,,,2455.86,,,,,,,,,,,,,
1999-01-25,,,,,,,,2455.58,,,,,,,,,,,,,
1999-01-26,,,,,,,,2455.3,,,,,,,,,,,,,
1999-01-27,,,,,,,,2455.01,,,,,,,,,,,,,
1999-01-28,,,,,,,,2454.76,,,,,,,,,,,,,
1999-01-29,,,,,,,,2454.5,,,,,,,,,,,,,
1999-01-30,,,,,,,,2454.22,,,,,,,,,,,,,
1999-01-31,,,,,,,,2453.95,,,,,,,,,,,,,
1999-02-01,,,,,,,,2453.8,,,,,,,,,,,,,
1999-02-02,,,,,,,,2453.7,,,,,,,,,,,,,
1999-02-03,,,,,,,,2453.61,,,,,,,,,,,,,
1999-02-04,,,,,,,,2453.54,,,,,,,,,,,,,
1999-02-05,,,,,,,,2453.46,,,,,,,,,,,,,
1999-02-06,,,,,,,,2453.39,,,,,,,,,,,,,
1999-02-07,,,,,,,,2453.35,,,,,,,,,,,,,
1999-02-08,,,,,,,,2453.28,,,,,,,,,,,,,
1999-02-09,,,,,,,,2453.36,,,,,,,,,,,,,
1999-02-10,,,,,,,,2453.34,,,,,,,,,,,,,
1999-02-11,,,,,,,,2453.2,,,,,,,,,,,,,
1999-02-12,,,,,,,,2452.9,,,,,,,,,,,,,
1999-02-13,,,,,,,,2452.58,,,,,,,,,,,,,
1999-02-14,,,,,,,,2452.23,,,,,,,,,,,,,
1999-02-15,,,,,,,,2451.88,,,,,,,,,,,,,
1999-02-16,,,,,,,,2451.51,,,,,,,,,,,,,
1999-02-17,,,,,,,,2451.16,,,,,,,,,,,,,
1999-02-18,,,,,,,,2450.8,,,,,,,,,,,,,
1999-02-19,,,,,,,,2450.43,,,,,,,,,,,,,
1999-02-20,,,,,,,,2450.05,,,,,,,,,,,,,
1999-02-21,,,,,,,,2449.68,,,,,,,,,,,,,
1999-02-22,,,,,,,,2449.3,,,,,,,,,,,,,
1999-02-23,,,,,,,,2448.9,,,,,,,,,,,,,
1999-02-24,,,,,,,,2448.52,,,,,,,,,,,,,
1999-02-25,,,,,,,,2448.14,,,,,,,,,,,,,
1999-02-26,,,,,,,,2447.76,,,,,,,,,,,,,
1999-02-27,,,,,,,,2447.34,,,,,,,,,,,,,
1999-02-28,,,,,,,,2446.93,,,,,,,,,,,,,
1999-03-01,,,,,,,,2446.54,,,,,,,,,,,,,
1999-03-02,,,,,,,,2446.14,,,,,,,,,,,,,
1999-03-03,,,,,,,,2445.74,,,,,,,,,,,,,
1999-03-04,,,,,,,,2445.33,,,,,,,,,,,,,
1999-03-05,,,,,,,,2445.1,,,,,,,,,,,,,
1999-03-06,,,,,,,,2444.88,,,,,,,,,,,,,
1999-03-07,,,,,,,,2444.65,,,,,,,,,,,,,
1999-03-08,,,,,,,,2444.34,,,,,,,,,,,,,
1999-03-09,,,,,,,,2444.18,,,,,,,,,,,,,
1999-03-10,,,,,,,,2444.0,,,,,,,,,,,,,
1999-03-11,,,,,,,,2443.73,,,,,,,,,,,,,
1999-03-12,,,,,,,,2443.48,,,,,,,,,,,,,
1999-03-13,,,,,,,,2443.23,,,,,,,,,,,,,
1999-03-14,,,,,,,,2442.97,,,,,,,,,,,,,
1999-03-15,,,,,,,,2442.65,,,,,,,,,,,,,
1999-03-16,,,,,,,,2442.22,,,,,,,,,,,,,
1999-03-17,,,,,,,,2441.78,,,,,,,,,,,,,
1999-03-18,,,,,,,,2441.33,,,,,,,,,,,,,
1999-03-19,,,,,,,,2440.9,,,,,,,,,,,,,
1999-03-20,,,,,,,,2440.47,,,,,,,,,,,,,
1999-03-21,,,,,,,,2440.01,,,,,,,,,,,,,
1999-03-22,,,,,,,,2439.55,,,,,,,,,,,,,
1999-03-23,,,,,,,,2439.08,,,,,,,,,,,,,
1999-03-24,,,,,,,,2438.61,,,,,,,,,,,,,
1999-03-25,,,,,,,,2438.15,,,,,,,,,,,,,
1999-03-26,,,,,,,,2438.0,,,,,,,,,,,,,
1999-03-27,,,,,,,,2437.92,,,,,,,,,,,,,
1999-03-28,,,,,,,,2437.92,,,,,,,,,,,,,
1999-03-29,,,,,,,,2437.92,,,,,,,,,,,,,
1999-03-30,,,,,,,,2437.91,,,,,,,,,,,,,
1999-03-31,,,,,,,,2437.9,,,,,,,,,,,,,
1999-04-01,,,,,,,,2437.88,,,,,,,,,,,,,
1999-04-02,,,,,,,,2437.85,,,,,,,,,,,,,
1999-04-03,,,,,,,,2437.85,,,,,,,,,,,,,
1999-04-04,,,,,,,,2437.77,,,,,,,,,,,,,
1999-04-05,,,,,,,,2437.47,,,,,,,,,,,,,
1999-04-06,,,,,,,,2437.1,,,,,,,,,,,,,
1999-04-07,,,,,,,,2436.68,,,,,,,,,,,,,
1999-04-08,,,,,,,,2436.18,,,,,,,,,,,,,
1999-04-09,,,,,,,,2435.62,,,,,,,,,,,,,
1999-04-10,,,,,,,,2435.03,,,,,,,,,,,,,
1999-04-11,,,,,,,,2434.5,,,,,,,,,,,,,
1999-04-12,,,,,,,,2434.0,,,,,,,,,,,,,
1999-04-13,,,,,,,,2433.45,,,,,,,,,,,,,
1999-04-14,,,,,,,,2432.9,,,,,,,,,,,,,
1999-04-15,,,,,,,,2432.35,,,,,,,,,,,,,
1999-04-16,,,,,,,,2431.8,,,,,,,,,,,,,
1999-04-17,,,,,,,,2431.3,,,,,,,,,,,,,
1999-04-18,,,,,,,,2430.8,,,,,,,,,,,,,
1999-04-19,,,,,,,,2430.25,,,,,,,,,,,,,
1999-04-20,,,,,,,,2429.75,,,,,,,,,,,,,
1999-04-21,,,,,,,,2429.3,,,,,,,,,,,,,
1999-04-22,,,,,,,,2428.85,,,,,,,,,,,,,
1999-04-23,,,,,,,,2428.47,,,,,,,,,,,,,
1999-04-24,,,,,,,,2428.2,,,,,,,,,,,,,
1999-04-25,,,,,,,,2428.2,,,,,,,,,,,,,
1999-04-26,,,,,,,,2428.4,,,,,,,,,,,,,
1999-04-27,,,,,,,,2428.4,,,,,,,,,,,,,
1999-04-28,,,,,,,,2428.67,,,,,,,,,,,,,
1999-04-29,,,,,,,,2428.87,,,,,,,,,,,,,
1999-04-30,,,,,,,,2428.97,,,,,,,,,,,,,
1999-05-01,,,,,,,,2429.07,,,,,,,,,,,,,
1999-05-02,,,,,,,,2429.22,,,,,,,,,,,,,
1999-05-03,,,,,,,,2429.37,,,,,,,,,,,,,
1999-05-04,,,,,,,,2429.42,,,,,,,,,,,,,
1999-05-05,,,,,,,,2429.42,,,,,,,,,,,,,
1999-05-06,,,,,,,,2429.52,,,,,,,,,,,,,
1999-05-07,,,,,,,,2429.87,,,,,,,,,,,,,
1999-05-08,,,,,,,,2430.17,,,,,,,,,,,,,
1999-05-09,,,,,,,,2430.42,,,,,,,,,,,,,
1999-05-10,,,,,,,,2430.57,,,,,,,,,,,,,
1999-05-11,,,,,,,,2430.67,,,,,,,,,,,,,
1999-05-12,,,,,,,,2430.97,,,,,,,,,,,,,
1999-05-13,,,,,,,,2431.27,,,,,,,,,,,,,
1999-05-14,,,,,,,,2431.32,,,,,,,,,,,,,
1999-05-15,,,,,,,,2431.17,,,,,,,,,,,,,
1999-05-16,,,,,,,,2431.87,,,,,,,,,,,,,
1999-05-17,,,,,,,,2432.57,,,,,,,,,,,,,
1999-05-18,,,,,,,,2432.72,,,,,,,,,,,,,
1999-05-19,,,,,,,,2432.62,,,,,,,,,,,,,
1999-05-20,,,,,,,,2432.57,,,,,,,,,,,,,
1999-05-21,,,,,,,,2432.47,,,,,,,,,,,,,
1999-05-22,,,,,,,,2432.32,,,,,,,,,,,,,
1999-05-23,,,,,,,,2432.22,,,,,,,,,,,,,
1999-05-24,,,,,,,,2432.17,,,,,,,,,,,,,
1999-05-25,,,,,,,,2431.92,,,,,,,,,,,,,
1999-05-26,,,,,,,,2431.67,,,,,,,,,,,,,
1999-05-27,,,,,,,,2431.52,,,,,,,,,,,,,
1999-05-28,,,,,,,,2431.47,,,,,,,,,,,,,
1999-05-29,,,,,,,,2431.37,,,,,,,,,,,,,
1999-05-30,,,,,,,,2431.27,,,,,,,,,,,,,
1999-05-31,,,,,,,,2431.12,,,,,,,,,,,,,
1999-06-01,,,,,,,,2430.82,,,,,,,,,,,,,
1999-06-02,,,,,,,,2430.47,,,,,,,,,,,,,
1999-06-03,,,,,,,,2430.07,,,,,,,,,,,,,
1999-06-04,,,,,,,,2429.57,,,,,,,,,,,,,
1999-06-05,,,,,,,,2429.07,,,,,,,,,,,,,
1999-06-06,,,,,,,,2428.57,,,,,,,,,,,,,
1999-06-07,,,,,,,,2428.07,,,,,,,,,,,,,
1999-06-08,,,,,,,,2427.85,,,,,,,,,,,,,
1999-06-09,,,,,,,,2428.0,,,,,,,,,,,,,
1999-06-10,,,,,,,,2427.95,,,,,,,,,,,,,
1999-06-11,,,,,,,,2427.7,,,,,,,,,,,,,
1999-06-12,,,,,,,,2427.4,,,,,,,,,,,,,
1999-06-13,,,,,,,,2427.1,,,,,,,,,,,,,
1999-06-14,,,,,,,,2426.8,,,,,,,,,,,,,
1999-06-15,,,,,,,,2427.5,,,,,,,,,,,,,
1999-06-16,,,,,,,,2428.0,,,,,,,,,,,,,
1999-06-17,,,,,,,,2428.42,,,,,,,,,,,,,
1999-06-18,,,,,,,,2428.72,,,,,,,,,,,,,
1999-06-19,,,,,,,,2429.12,,,,,,,,,,,,,
1999-06-20,,,,,,,,2430.47,,,,,,,,,,,,,
1999-06-21,,,,,,,,2432.67,,,,,,,,,,,,,
1999-06-22,,,,,,,,2434.3,,,,,,,,,,,,,
1999-06-23,,,,,,,,2436.05,,,,,,,,,,,,,
1999-06-24,,,,,,,,2437.14,,,,,,,,,,,,,
1999-06-25,,,,,,,,2437.61,,,,,,,,,,,,,
1999-06-26,,,,,,,,2443.9,,,,,,,,,,,,,
1999-06-27,,,,,,,,2438.0,,,,,,,,,,,,,
1999-06-28,,,,,,,,2437.97,,,,,,,,,,,,,
1999-06-29,,,,,,,,2437.8,,,,,,,,,,,,,
1999-06-30,,,,,,,,2437.63,,,,,,,,,,,,,
1999-07-01,,,,,,,,2437.4,,,,,,,,,,,,,
1999-07-02,,,,,,,,2437.1,,,,,,,,,,,,,
1999-07-03,,,,,,,,2436.95,,,,,,,,,,,,,
1999-07-04,,,,,,,,2436.82,,,,,,,,,,,,,
1999-07-05,,,,,,,,2436.7,,,,,,,,,,,,,
1999-07-06,,,,,,,,2436.75,,,,,,,,,,,,,
1999-07-07,,,,,,,,2436.92,,,,,,,,,,,,,
1999-07-08,,,,,,,,2437.08,,,,,,,,,,,,,
1999-07-09,,,,,,,,2437.7,,,,,,,,,,,,,
1999-07-10,,,,,,,,2438.1,,,,,,,,,,,,,
1999-07-11,,,,,,,,2438.48,,,,,,,,,,,,,
1999-07-12,,,,,,,,2438.73,,,,,,,,,,,,,
1999-07-13,,,,,,,,2438.9,,,,,,,,,,,,,
1999-07-14,,,,,,,,2439.05,,,,,,,,,,,,,
1999-07-15,,,,,,,,2439.11,,,,,,,,,,,,,
1999-07-16,,,,,,,,2439.14,,,,,,,,,,,,,
1999-07-17,,,,,,,,2439.4,,,,,,,,,,,,,
1999-07-18,,,,,,,,2440.44,,,,,,,,,,,,,
1999-07-19,,,,,,,,2442.58,,,,,,,,,,,,,
1999-07-20,,,,,,,,2446.67,,,,,,,,,,,,,
1999-07-21,,,,,,,,2450.6,,,,,,,,,,,,,
1999-07-22,,,,,,,,2453.78,,,,,,,,,,,,,
1999-07-23,,,,,,,,2455.97,,,,,,,,,,,,,
1999-07-24,,,,,,,,2457.92,,,,,,,,,,,,,
1999-07-25,,,,,,,,2459.26,,,,,,,,,,,,,
1999-07-26,,,,,,,,2460.19,,,,,,,,,,,,,
1999-07-27,,,,,,,,2461.64,,,,,,,,,,,,,
1999-07-28,,,,,,,,2464.2,,,,,,,,,,,,,
1999-07-29,,,,,,,,2466.1,,,,,,,,,,,,,
1999-07-30,,,,,,,,2466.58,,,,,,,,,,,,,
1999-07-31,,,,,,,,2467.02,,,,,,,,,,,,,
1999-08-01,,,,,,,,2467.06,,,,,,,,,,,,,
1999-08-02,,,,,,,,2466.86,,,,,,,,,,,,,
1999-08-03,,,,,,,,2467.1,,,,,,,,,,,,,
1999-08-04,,,,,,,,2466.84,,,,,,,,,,,,,
1999-08-05,,,,,,,,2466.95,,,,,,,,,,,,,
1999-08-06,,,,,,,,2467.0,,,,,,,,,,,,,
1999-08-07,,,,,,,,2467.18,,,,,,,,,,,,,
1999-08-08,,,,,,,,2467.7,,,,,,,,,,,,,
1999-08-09,,,,,,,,2467.24,,,,,,,,,,,,,
1999-08-10,,,,,,,,2466.92,,,,,,,,,,,,,
1999-08-11,,,,,,,,2466.94,,,,,,,,,,,,,
1999-08-12,,,,,,,,2467.15,,,,,,,,,,,,,
1999-08-13,,,,,,,,2467.26,,,,,,,,,,,,,
1999-08-14,,,,,,,,2467.3,,,,,,,,,,,,,
1999-08-15,,,,,,,,2467.41,,,,,,,,,,,,,
1999-08-16,,,,,,,,2467.52,,,,,,,,,,,,,
1999-08-17,,,,,,,,2467.52,,,,,,,,,,,,,
1999-08-18,,,,,,,,2467.51,,,,,,,,,,,,,
1999-08-19,,,,,,,,2467.54,,,,,,,,,,,,,
1999-08-20,,,,,,,,2467.5,,,,,,,,,,,,,
1999-08-21,,,,,,,,2467.33,,,,,,,,,,,,,
1999-08-22,,,,,,,,2467.12,,,,,,,,,,,,,
1999-08-23,,,,,,,,2466.93,,,,,,,,,,,,,
1999-08-24,,,,,,,,2466.72,,,,,,,,,,,,,
1999-08-25,,,,,,,,2466.52,,,,,,,,,,,,,
1999-08-26,,,,,,,,2466.32,,,,,,,,,,,,,
1999-08-27,,,,,,,,2466.2,,,,,,,,,,,,,
1999-08-28,,,,,,,,2466.06,,,,,,,,,,,,,
1999-08-29,,,,,,,,2465.92,,,,,,,,,,,,,
1999-08-30,,,,,,,,2465.78,,,,,,,,,,,,,
1999-08-31,,,,,,,,2465.64,,,,,,,,,,,,,
1999-09-01,,,,,,,,2465.51,,,,,,,,,,,,,
1999-09-02,,,,,,,,2465.32,,,,,,,,,,,,,
1999-09-03,,,,,,,,2465.14,,,,,,,,,,,,,
1999-09-04,,,,,,,,2464.94,,,,,,,,,,,,,
1999-09-05,,,,,,,,2464.73,,,,,,,,,,,,,
1999-09-06,,,,,,,,2464.55,,,,,,,,,,,,,
1999-09-07,,,,,,,,2464.37,,,,,,,,,,,,,
1999-09-08,,,,,,,,2464.18,,,,,,,,,,,,,
1999-09-09,,,,,,,,2463.96,,,,,,,,,,,,,
1999-09-10,,,,,,,,2463.76,,,,,,,,,,,,,
1999-09-11,,,,,,,,2463.6,,,,,,,,,,,,,
1999-09-12,,,,,,,,2463.42,,,,,,,,,,,,,
1999-09-13,,,,,,,,2463.25,,,,,,,,,,,,,
1999-09-14,,,,,,,,2463.08,,,,,,,,,,,,,
1999-09-15,,,,,,,,2462.93,,,,,,,,,,,,,
1999-09-16,,,,,,,,2462.74,,,,,,,,,,,,,
1999-09-17,,,,,,,,2462.53,,,,,,,,,,,,,
1999-09-18,,,,,,,,2462.32,,,,,,,,,,,,,
1999-09-19,,,,,,,,2462.11,,,,,,,,,,,,,
1999-09-20,,,,,,,,2461.9,,,,,,,,,,,,,
1999-09-21,,,,,,,,2461.68,,,,,,,,,,,,,
1999-09-22,,,,,,,,2461.43,,,,,,,,,,,,,
1999-09-23,,,,,,,,2461.22,,,,,,,,,,,,,
1999-09-24,,,,,,,,2461.0,,,,,,,,,,,,,
1999-09-25,,,,,,,,2460.82,,,,,,,,,,,,,
1999-09-26,,,,,,,,2460.66,,,,,,,,,,,,,
1999-09-27,,,,,,,,2460.86,,,,,,,,,,,,,
1999-09-28,,,,,,,,2460.94,,,,,,,,,,,,,
1999-09-29,,,,,,,,2460.97,,,,,,,,,,,,,
1999-09-30,,,,,,,,2461.0,,,,,,,,,,,,,
1999-10-01,,,,,,,,2461.23,,,,,,,,,,,,,
1999-10-02,,,,,,,,2461.55,,,,,,,,,,,,,
1999-10-03,,,,,,,,2462.32,,,,,,,,,,,,,
1999-10-04,,,,,,,,2463.05,,,,,,,,,,,,,
1999-10-05,,,,,,,,2463.95,,,,,,,,,,,,,
1999-10-06,,,,,,,,2464.92,,,,,,,,,,,,,
1999-10-07,,,,,,,,2465.52,,,,,,,,,,,,,
1999-10-08,,,,,,,,2465.78,,,,,,,,,,,,,
1999-10-09,,,,,,,,2465.9,,,,,,,,,,,,,
1999-10-10,,,,,,,,2466.02,,,,,,,,,,,,,
1999-10-11,,,,,,,,2466.05,,,,,,,,,,,,,
1999-10-12,,,,,,,,2466.18,,,,,,,,,,,,,
1999-10-13,,,,,,,,2466.42,,,,,,,,,,,,,
1999-10-14,,,,,,,,2466.85,,,,,,,,,,,,,
1999-10-15,,,,,,,,2467.12,,,,,,,,,,,,,
1999-10-16,,,,,,,,2467.3,,,,,,,,,,,,,
1999-10-17,,,,,,,,2467.43,,,,,,,,,,,,,
1999-10-18,,,,,,,,2467.68,,,,,,,,,,,,,
1999-10-19,,,,,,,,2468.0,,,,,,,,,,,,,
1999-10-20,,,,,,,,2468.4,,,,,,,,,,,,,
1999-10-21,,,,,,,,2468.43,,,,,,,,,,,,,
1999-10-22,,,,,,,,2468.43,,,,,,,,,,,,,
1999-10-23,,,,,,,,2468.8,,,,,,,,,,,,,
1999-10-24,,,,,,,,2468.8,,,,,,,,,,,,,
1999-10-25,,,,,,,,2468.8,,,,,,,,,,,,,
1999-10-26,,,,,,,,2468.8,,,,,,,,,,,,,
1999-10-27,,,,,,,,2468.48,,,,,,,,,,,,,
1999-10-28,,,,,,,,2468.76,,,,,,,,,,,,,
1999-10-29,,,,,,,,2468.25,,,,,,,,,,,,,
1999-10-30,,,,,,,,2468.62,,,,,,,,,,,,,
1999-10-31,,,,,,,,2468.42,,,,,,,,,,,,,
1999-11-01,,,,,,,,2468.6,,,,,,,,,,,,,
1999-11-02,,,,,,,,2468.64,,,,,,,,,,,,,
1999-11-03,,,,,,,,2468.56,,,,,,,,,,,,,
1999-11-04,,,,,,,,2468.43,,,,,,,,,,,,,
1999-11-05,,,,,,,,2468.39,,,,,,,,,,,,,
1999-11-06,,,,,,,,2468.53,,,,,,,,,,,,,
1999-11-07,,,,,,,,2468.56,,,,,,,,,,,,,
1999-11-08,,,,,,,,2468.47,,,,,,,,,,,,,
1999-11-09,,,,,,,,2468.37,,,,,,,,,,,,,
1999-11-10,,,,,,,,2468.2,,,,,,,,,,,,,
1999-11-11,,,,,,,,2468.03,,,,,,,,,,,,,
1999-11-12,,,,,,,,2467.85,,,,,,,,,,,,,
1999-11-13,,,,,,,,2467.67,,,,,,,,,,,,,
1999-11-14,,,,,,,,2467.45,,,,,,,,,,,,,
1999-11-15,,,,,,,,2467.23,,,,,,,,,,,,,
1999-11-16,,,,,,,,2466.97,,,,,,,,,,,,,
1999-11-17,,,,,,,,2466.78,,,,,,,,,,,,,
1999-11-18,,,,,,,,2466.58,,,,,,,,,,,,,
1999-11-19,,,,,,,,2466.38,,,,,,,,,,,,,
1999-11-20,,,,,,,,2466.18,,,,,,,,,,,,,
1999-11-21,,,,,,,,2466.03,,,,,,,,,,,,,
1999-11-22,,,,,,,,2466.03,,,,,,,,,,,,,
1999-11-23,,,,,,,,2466.15,,,,,,,,,,,,,
1999-11-24,,,,,,,,2466.22,,,,,,,,,,,,,
1999-11-25,,,,,,,,2466.15,,,,,,,,,,,,,
1999-11-26,,,,,,,,2466.05,,,,,,,,,,,,,
1999-11-27,,,,,,,,2465.92,,,,,,,,,,,,,
1999-11-28,,,,,,,,2465.8,,,,,,,,,,,,,
1999-11-29,,,,,,,,2465.68,,,,,,,,,,,,,
1999-11-30,,,,,,,,2465.6,,,,,,,,,,,,,
1999-12-01,,,,,,,,2465.52,,,,,,,,,,,,,
1999-12-02,,,,,,,,2465.43,,,,,,,,,,,,,
1999-12-03,,,,,,,,2465.31,,,,,,,,,,,,,
1999-12-04,,,,,,,,2465.18,,,,,,,,,,,,,
1999-12-05,,,,,,,,2465.05,,,,,,,,,,,,,
1999-12-06,,,,,,,,2464.87,,,,,,,,,,,,,
1999-12-07,,,,,,,,2464.72,,,,,,,,,,,,,
1999-12-08,,,,,,,,2464.58,,,,,,,,,,,,,
1999-12-09,,,,,,,,2464.45,,,,,,,,,,,,,
1999-12-10,,,,,,,,2464.32,,,,,,,,,,,,,
1999-12-11,,,,,,,,2464.18,,,,,,,,,,,,,
1999-12-12,,,,,,,,2464.03,,,,,,,,,,,,,
1999-12-13,,,,,,,,2463.9,,,,,,,,,,,,,
1999-12-14,,,,,,,,2463.76,,,,,,,,,,,,,
1999-12-15,,,,,,,,2463.62,,,,,,,,,,,,,
1999-12-16,,,,,,,,2463.49,,,,,,,,,,,,,
1999-12-17,,,,,,,,2463.36,,,,,,,,,,,,,
1999-12-18,,,,,,,,2463.23,,,,,,,,,,,,,
1999-12-19,,,,,,,,2463.1,,,,,,,,,,,,,
1999-12-20,,,,,,,,2462.95,,,,,,,,,,,,,
1999-12-21,,,,,,,,2462.8,,,,,,,,,,,,,
1999-12-22,,,,,,,,2462.65,,,,,,,,,,,,,
1999-12-23,,,,,,,,2462.5,,,,,,,,,,,,,
1999-12-24,,,,,,,,2462.33,,,,,,,,,,,,,
1999-12-25,,,,,,,,2462.16,,,,,,,,,,,,,
1999-12-26,,,,,,,,2462.0,,,,,,,,,,,,,
1999-12-27,,,,,,,,2461.85,,,,,,,,,,,,,
1999-12-28,,,,,,,,2461.82,,,,,,,,,,,,,
1999-12-29,,,,,,,,2461.8,,,,,,,,,,,,,
1999-12-30,,,,,,,,2461.78,,,,,,,,,,,,,
1999-12-31,,,,,,,,2461.73,,,,,,,,,,,,,
2000-01-01,,,,,,,,2461.68,,,,,,,,,,,,,
2000-01-02,,,,,,,,2461.61,,,,,,,,,,,,,
2000-01-03,,,,,,,,2461.54,,,,,,,,,,,,,
2000-01-04,,,,,,,,2461.47,,,,,,,,,,,,,
2000-01-05,,,,,,,,2461.38,,,,,,,,,,,,,
2000-01-06,,,,,,,,2461.28,,,,,,,,,,,,,
2000-01-07,,,,,,,,2461.1,,,,,,,,,,,,,
2000-01-08,,,,,,,,2460.86,,,,,,,,,,,,,
2000-01-09,,,,,,,,2460.6,,,,,,,,,,,,,
2000-01-10,,,,,,,,2460.35,,,,,,,,,,,,,
2000-01-11,,,,,,,,2460.05,,,,,,,,,,,,,
2000-01-12,,,,,,,,2459.75,,,,,,,,,,,,,
2000-01-13,,,,,,,,2459.46,,,,,,,,,,,,,
2000-01-14,,,,,,,,2459.17,,,,,,,,,,,,,
2000-01-15,,,,,,,,2458.9,,,,,,,,,,,,,
2000-01-16,,,,,,,,2458.61,,,,,,,,,,,,,
2000-01-17,,,,,,,,2458.31,,,,,,,,,,,,,
2000-01-18,,,,,,,,2457.99,,,,,,,,,,,,,
2000-01-19,,,,,,,,2457.67,,,,,,,,,,,,,
2000-01-20,,,,,,,,2457.35,,,,,,,,,,,,,
2000-01-21,,,,,,,,2457.03,,,,,,,,,,,,,
2000-01-22,,,,,,,,2456.73,,,,,,,,,,,,,
2000-01-23,,,,,,,,2456.46,,,,,,,,,,,,,
2000-01-24,,,,,,,,2456.16,,,,,,,,,,,,,
2000-01-25,,,,,,,,2455.87,,,,,,,,,,,,,
2000-01-26,,,,,,,,2455.62,,,,,,,,,,,,,
2000-01-27,,,,,,,,2455.37,,,,,,,,,,,,,
2000-01-28,,,,,,,,2455.15,,,,,,,,,,,,,
2000-01-29,,,,,,,,2454.97,,,,,,,,,,,,,
2000-01-30,,,,,,,,2454.76,,,,,,,,,,,,,
2000-01-31,,,,,,,,2454.54,,,,,,,,,,,,,
2000-02-01,,,,,,,,2454.3,,,,,,,,,,,,,
2000-02-02,,,,,,,,2454.03,,,,,,,,,,,,,
2000-02-03,,,,,,,,2453.76,,,,,,,,,,,,,
2000-02-04,,,,,,,,2453.47,,,,,,,,,,,,,
2000-02-05,,,,,,,,2453.19,,,,,,,,,,,,,
2000-02-06,,,,,,,,2452.9,,,,,,,,,,,,,
2000-02-07,,,,,,,,2452.59,,,,,,,,,,,,,
2000-02-08,,,,,,,,2452.24,,,,,,,,,,,,,
2000-02-09,,,,,,,,2451.89,,,,,,,,,,,,,
2000-02-10,,,,,,,,2451.53,,,,,,,,,,,,,
2000-02-11,,,,,,,,2451.17,,,,,,,,,,,,,
2000-02-12,,,,,,,,2450.85,,,,,,,,,,,,,
2000-02-13,,,,,,,,2450.53,,,,,,,,,,,,,
2000-02-14,,,,,,,,2450.2,,,,,,,,,,,,,
2000-02-15,,,,,,,,2449.83,,,,,,,,,,,,,
2000-02-16,,,,,,,,2449.44,,,,,,,,,,,,,
2000-02-17,,,,,,,,2449.05,,,,,,,,,,,,,
2000-02-18,,,,,,,,2448.77,,,,,,,,,,,,,
2000-02-19,,,,,,,,2448.62,,,,,,,,,,,,,
2000-02-20,,,,,,,,2448.48,,,,,,,,,,,,,
2000-02-21,,,,,,,,2448.34,,,,,,,,,,,,,
2000-02-22,,,,,,,,2448.2,,,,,,,,,,,,,
2000-02-23,,,,,,,,2448.05,,,,,,,,,,,,,
2000-02-24,,,,,,,,2447.91,,,,,,,,,,,,,
2000-02-25,,,,,,,,2447.7,,,,,,,,,,,,,
2000-02-26,,,,,,,,2447.3,,,,,,,,,,,,,
2000-02-27,,,,,,,,2446.93,,,,,,,,,,,,,
2000-02-28,,,,,,,,2446.77,,,,,,,,,,,,,
2000-02-29,,,,,,,,2446.5,,,,,,,,,,,,,
2000-03-01,,,,,,,,2446.15,,,,,,,,,,,,,
2000-03-02,,,,,,,,2445.8,,,,,,,,,,,,,
2000-03-03,,,,,,,,2445.45,,,,,,,,,,,,,
2000-03-04,,,,,,,,2445.03,,,,,,,,,,,,,
2000-03-05,,,,,,,,2444.63,,,,,,,,,,,,,
2000-03-06,,,,,,,,2444.19,,,,,,,,,,,,,
2000-03-07,,,,,,,,2443.78,,,,,,,,,,,,,
2000-03-08,,,,,,,,2443.36,,,,,,,,,,,,,
2000-03-09,,,,,,,,2442.91,,,,,,,,,,,,,
2000-03-10,,,,,,,,2442.47,,,,,,,,,,,,,
2000-03-11,,,,,,,,2442.1,,,,,,,,,,,,,
2000-03-12,,,,,,,,2441.71,,,,,,,,,,,,,
2000-03-13,,,,,,,,2441.38,,,,,,,,,,,,,
2000-03-14,,,,,,,,2441.05,,,,,,,,,,,,,
2000-03-15,,,,,,,,2440.71,,,,,,,,,,,,,
2000-03-16,,,,,,,,2440.35,,,,,,,,,,,,,
2000-03-17,,,,,,,,2440.0,,,,,,,,,,,,,
2000-03-18,,,,,,,,2440.64,,,,,,,,,,,,,
2000-03-19,,,,,,,,2439.26,,,,,,,,,,,,,
2000-03-20,,,,,,,,2438.86,,,,,,,,,,,,,
2000-03-21,,,,,,,,2438.69,,,,,,,,,,,,,
2000-03-22,,,,,,,,2438.62,,,,,,,,,,,,,
2000-03-23,,,,,,,,2438.53,,,,,,,,,,,,,
2000-03-24,,,,,,,,2438.43,,,,,,,,,,,,,
2000-03-25,,,,,,,,2438.36,,,,,,,,,,,,,
2000-03-26,,,,,,,,2438.18,,,,,,,,,,,,,
2000-03-27,,,,,,,,2437.78,,,,,,,,,,,,,
2000-03-28,,,,,,,,2437.22,,,,,,,,,,,,,
2000-03-29,,,,,,,,2436.68,,,,,,,,,,,,,
2000-03-30,,,,,,,,2436.13,,,,,,,,,,,,,
2000-03-31,,,,,,,,2435.57,,,,,,,,,,,,,
2000-04-01,,,,,,,,2435.0,,,,,,,,,,,,,
2000-04-02,,,,,,,,2434.43,,,,,,,,,,,,,
2000-04-03,,,,,,,,2433.97,,,,,,,,,,,,,
2000-04-04,,,,,,,,2433.42,,,,,,,,,,,,,
2000-04-05,,,,,,,,2432.97,,,,,,,,,,,,,
2000-04-06,,,,,,,,2432.42,,,,,,,,,,,,,
2000-04-07,,,,,,,,2431.82,,,,,,,,,,,,,
2000-04-08,,,,,,,,2431.27,,,,,,,,,,,,,
2000-04-09,,,,,,,,2430.72,,,,,,,,,,,,,
2000-04-10,,,,,,,,2430.17,,,,,,,,,,,,,
2000-04-11,,,,,,,,2429.62,,,,,,,,,,,,,
2000-04-12,,,,,,,,2429.02,,,,,,,,,,,,,
2000-04-13,,,,,,,,2428.42,,,,,,,,,,,,,
2000-04-14,,,,,,,,2427.97,,,,,,,,,,,,,
2000-04-15,,,,,,,,2427.55,,,,,,,,,,,,,
2000-04-16,,,,,,,,2427.2,,,,,,,,,,,,,
2000-04-17,,,,,,,,2427.0,,,,,,,,,,,,,
2000-04-18,,,,,,,,2426.9,,,,,,,,,,,,,
2000-04-19,,,,,,,,2426.8,,,,,,,,,,,,,
2000-04-20,,,,,,,,2426.65,,,,,,,,,,,,,
2000-04-21,,,,,,,,2426.5,,,,,,,,,,,,,
2000-04-22,,,,,,,,2426.4,,,,,,,,,,,,,
2000-04-23,,,,,,,,2426.3,,,,,,,,,,,,,
2000-04-24,,,,,,,,2426.2,,,,,,,,,,,,,
2000-04-25,,,,,,,,2426.1,,,,,,,,,,,,,
2000-04-26,,,,,,,,2426.0,,,,,,,,,,,,,
2000-04-27,,,,,,,,2425.85,,,,,,,,,,,,,
2000-04-28,,,,,,,,2425.45,,,,,,,,,,,,,
2000-04-29,,,,,,,,2424.9,,,,,,,,,,,,,
2000-04-30,,,,,,,,2424.35,,,,,,,,,,,,,
2000-05-01,,,,,,,,2423.8,,,,,,,,,,,,,
2000-05-02,,,,,,,,2423.3,,,,,,,,,,,,,
2000-05-03,,,,,,,,2422.7,,,,,,,,,,,,,
2000-05-04,,,,,,,,2422.15,,,,,,,,,,,,,
2000-05-05,,,,,,,,2421.7,,,,,,,,,,,,,
2000-05-06,,,,,,,,2421.15,,,,,,,,,,,,,
2000-05-07,,,,,,,,2420.7,,,,,,,,,,,,,
2000-05-08,,,,,,,,2420.05,,,,,,,,,,,,,
2000-05-09,,,,,,,,2419.47,,,,,,,,,,,,,
2000-05-10,,,,,,,,2418.9,,,,,,,,,,,,,
2000-05-11,,,,,,,,2418.35,,,,,,,,,,,,,
2000-05-12,,,,,,,,2417.9,,,,,,,,,,,,,
2000-05-13,,,,,,,,2417.5,,,,,,,,,,,,,
2000-05-14,,,,,,,,2417.2,,,,,,,,,,,,,
2000-05-15,,,,,,,,2417.0,,,,,,,,,,,,,
2000-05-16,,,,,,,,2416.8,,,,,,,,,,,,,
2000-05-17,,,,,,,,2416.65,,,,,,,,,,,,,
2000-05-18,,,,,,,,2416.52,,,,,,,,,,,,,
2000-05-19,,,,,,,,2416.36,,,,,,,,,,,,,
2000-05-20,,,,,,,,2416.22,,,,,,,,,,,,,
2000-05-21,,,,,,,,2416.06,,,,,,,,,,,,,
2000-05-22,,,,,,,,2415.92,,,,,,,,,,,,,
2000-05-23,,,,,,,,2415.76,,,,,,,,,,,,,
2000-05-24,,,,,,,,2415.61,,,,,,,,,,,,,
2000-05-25,,,,,,,,2415.36,,,,,,,,,,,,,
2000-05-26,,,,,,,,2414.95,,,,,,,,,,,,,
2000-05-27,,,,,,,,2414.58,,,,,,,,,,,,,
2000-05-28,,,,,,,,2414.25,,,,,,,,,,,,,
2000-05-29,,,,,,,,2413.95,,,,,,,,,,,,,
2000-05-30,,,,,,,,2413.84,,,,,,,,,,,,,
2000-05-31,,,,,,,,2413.76,,,,,,,,,,,,,
2000-06-01,,,,,,,,2413.8,,,,,,,,,,,,,
2000-06-02,,,,,,,,2413.7,,,,,,,,,,,,,
2000-06-03,,,,,,,,2413.78,,,,,,,,,,,,,
2000-06-04,,,,,,,,2413.83,,,,,,,,,,,,,
2000-06-05,,,,,,,,2413.9,,,,,,,,,,,,,
2000-06-06,,,,,,,,2414.06,,,,,,,,,,,,,
2000-06-07,,,,,,,,2414.36,,,,,,,,,,,,,
2000-06-08,,,,,,,,2414.73,,,,,,,,,,,,,
2000-06-09,,,,,,,,2417.5,,,,,,,,,,,,,
2000-06-10,,,,,,,,2420.75,,,,,,,,,,,,,
2000-06-11,,,,,,,,2422.5,,,,,,,,,,,,,
2000-06-12,,,,,,,,2424.0,,,,,,,,,,,,,
2000-06-13,,,,,,,,2424.75,,,,,,,,,,,,,
2000-06-14,,,,,,,,2425.3,,,,,,,,,,,,,
2000-06-15,,,,,,,,2425.4,,,,,,,,,,,,,
2000-06-16,,,,,,,,2425.55,,,,,,,,,,,,,
2000-06-17,,,,,,,,2425.5,,,,,,,,,,,,,
2000-06-18,,,,,,,,2425.15,,,,,,,,,,,,,
2000-06-19,,,,,,,,2424.65,,,,,,,,,,,,,
2000-06-20,,,,,,,,2424.2,,,,,,,,,,,,,
2000-06-21,,,,,,,,2425.25,,,,,,,,,,,,,
2000-06-22,,,,,,,,2427.0,,,,,,,,,,,,,
2000-06-23,,,,,,,,2428.0,,,,,,,,,,,,,
2000-06-24,,,,,,,,2428.25,,,,,,,,,,,,,
2000-06-25,,,,,,,,2428.35,,,,,,,,,,,,,
2000-06-26,,,,,,,,2428.1,,,,,,,,,,,,,
2000-06-27,,,,,,,,2428.0,,,,,,,,,,,,,
2000-06-28,,,,,,,,2428.15,,,,,,,,,,,,,
2000-06-29,,,,,,,,2428.4,,,,,,,,,,,,,
2000-06-30,,,,,,,,2428.25,,,,,,,,,,,,,
2000-07-01,,,,,,,,2428.1,,,,,,,,,,,,,
2000-07-02,,,,,,,,2427.95,,,,,,,,,,,,,
2000-07-03,,,,,,,,2427.95,,,,,,,,,,,,,
2000-07-04,,,,,,,,2428.05,,,,,,,,,,,,,
2000-07-05,,,,,,,,2428.25,,,,,,,,,,,,,
2000-07-06,,,,,,,,2428.6,,,,,,,,,,,,,
2000-07-07,,,,,,,,2429.2,,,,,,,,,,,,,
2000-07-08,,,,,,,,2429.95,,,,,,,,,,,,,
2000-07-09,,,,,,,,2430.8,,,,,,,,,,,,,
2000-07-10,,,,,,,,2432.0,,,,,,,,,,,,,
2000-07-11,,,,,,,,2432.9,,,,,,,,,,,,,
2000-07-12,,,,,,,,2434.0,,,,,,,,,,,,,
2000-07-13,,,,,,,,2437.6,,,,,,,,,,,,,
2000-07-14,,,,,,,,2441.65,,,,,,,,,,,,,
2000-07-15,,,,,,,,2445.45,,,,,,,,,,,,,
2000-07-16,,,,,,,,2449.1,,,,,,,,,,,,,
2000-07-17,,,,,,,,2451.2,,,,,,,,,,,,,
2000-07-18,,,,,,,,2452.32,,,,,,,,,,,,,
2000-07-19,,,,,,,,2452.9,,,,,,,,,,,,,
2000-07-20,,,,,,,,2453.35,,,,,,,,,,,,,
2000-07-21,,,,,,,,2453.82,,,,,,,,,,,,,
2000-07-22,,,,,,,,2454.0,,,,,,,,,,,,,
2000-07-23,,,,,,,,2453.97,,,,,,,,,,,,,
2000-07-24,,,,,,,,2453.9,,,,,,,,,,,,,
2000-07-25,,,,,,,,2453.73,,,,,,,,,,,,,
2000-07-26,,,,,,,,2453.55,,,,,,,,,,,,,
2000-07-27,,,,,,,,2453.37,,,,,,,,,,,,,
2000-07-28,,,,,,,,2453.25,,,,,,,,,,,,,
2000-07-29,,,,,,,,2453.22,,,,,,,,,,,,,
2000-07-30,,,,,,,,2453.19,,,,,,,,,,,,,
2000-07-31,,,,,,,,2453.1,,,,,,,,,,,,,
2000-08-01,,,,,,,,2453.0,,,,,,,,,,,,,
2000-08-02,,,,,,,,2452.85,,,,,,,,,,,,,
2000-08-03,,,,,,,,2452.65,,,,,,,,,,,,,
2000-08-04,,,,,,,,2452.8,,,,,,,,,,,,,
2000-08-05,,,,,,,,2453.68,,,,,,,,,,,,,
2000-08-06,,,,,,,,2454.68,,,,,,,,,,,,,
2000-08-07,,,,,,,,2455.37,,,,,,,,,,,,,
2000-08-08,,,,,,,,2455.62,,,,,,,,,,,,,
2000-08-09,,,,,,,,2455.73,,,,,,,,,,,,,
2000-08-10,,,,,,,,2455.83,,,,,,,,,,,,,
2000-08-11,,,,,,,,2455.97,,,,,,,,,,,,,
2000-08-12,,,,,,,,2456.13,,,,,,,,,,,,,
2000-08-13,,,,,,,,2456.3,,,,,,,,,,,,,
2000-08-14,,,,,,,,2456.42,,,,,,,,,,,,,
2000-08-15,,,,,,,,2456.6,,,,,,,,,,,,,
2000-08-16,,,,,,,,2456.64,,,,,,,,,,,,,
2000-08-17,,,,,,,,2456.65,,,,,,,,,,,,,
2000-08-18,,,,,,,,2456.65,,,,,,,,,,,,,
2000-08-19,,,,,,,,2456.6,,,,,,,,,,,,,
2000-08-20,,,,,,,,2456.52,,,,,,,,,,,,,
2000-08-21,,,,,,,,2456.47,,,,,,,,,,,,,
2000-08-22,,,,,,,,2456.6,,,,,,,,,,,,,
2000-08-23,,,,,,,,2457.89,,,,,,,,,,,,,
2000-08-24,,,,,,,,2460.05,,,,,,,,,,,,,
2000-08-25,,,,,,,,2462.27,,,,,,,,,,,,,
2000-08-26,,,,,,,,2464.55,,,,,,,,,,,,,
2000-08-27,,,,,,,,2466.57,,,,,,,,,,,,,
2000-08-28,,,,,,,,2467.5,,,,,,,,,,,,,
2000-08-29,,,,,,,,2467.04,,,,,,,,,,,,,
2000-08-30,,,,,,,,2467.18,,,,,,,,,,,,,
2000-08-31,,,,,,,,2467.19,,,,,,,,,,,,,
2000-09-01,,,,,,,,2467.6,,,,,,,,,,,,,
2000-09-02,,,,,,,,2468.25,,,,,,,,,,,,,
2000-09-03,,,,,,,,2468.58,,,,,,,,,,,,,
2000-09-04,,,,,,,,2468.8,,,,,,,,,,,,,
2000-09-05,,,,,,,,2468.67,,,,,,,,,,,,,
2000-09-06,,,,,,,,2468.1,,,,,,,,,,,,,
2000-09-07,,,,,,,,2467.24,,,,,,,,,,,,,
2000-09-08,,,,,,,,2466.25,,,,,,,,,,,,,
2000-09-09,,,,,,,,2466.13,,,,,,,,,,,,,
2000-09-10,,,,,,,,2466.1,,,,,,,,,,,,,
2000-09-11,,,,,,,,2465.98,,,,,,,,,,,,,
2000-09-12,,,,,,,,2465.82,,,,,,,,,,,,,
2000-09-13,,,,,,,,2465.72,,,,,,,,,,,,,
2000-09-14,,,,,,,,2465.72,,,,,,,,,,,,,
2000-09-15,,,,,,,,2465.95,,,,,,,,,,,,,
2000-09-16,,,,,,,,2466.31,,,,,,,,,,,,,
2000-09-17,,,,,,,,2466.66,,,,,,,,,,,,,
2000-09-18,,,,,,,,2466.83,,,,,,,,,,,,,
2000-09-19,,,,,,,,2467.0,,,,,,,,,,,,,
2000-09-20,,,,,,,,2467.25,,,,,,,,,,,,,
2000-09-21,,,,,,,,2468.02,,,,,,,,,,,,,
2000-09-22,,,,,,,,2468.03,,,,,,,,,,,,,
2000-09-23,,,,,,,,2467.4,,,,,,,,,,,,,
2000-09-24,,,,,,,,2467.25,,,,,,,,,,,,,
2000-09-25,,,,,,,,2467.09,,,,,,,,,,,,,
2000-09-26,,,,,,,,2467.5,,,,,,,,,,,,,
2000-09-27,,,,,,,,2468.1,,,,,,,,,,,,,
2000-09-28,,,,,,,,2467.5,,,,,,,,,,,,,
2000-09-29,,,,,,,,2467.63,,,,,,,,,,,,,
2000-09-30,,,,,,,,2467.72,,,,,,,,,,,,,
2000-10-01,,,,,,,,2468.12,,,,,,,,,,,,,
2000-10-02,,,,,,,,2468.5,,,,,,,,,,,,,
2000-10-03,,,,,,,,2468.23,,,,,,,,,,,,,
2000-10-04,,,,,,,,2467.78,,,,,,,,,,,,,
2000-10-05,,,,,,,,2468.21,,,,,,,,,,,,,
2000-10-06,,,,,,,,2468.55,,,,,,,,,,,,,
2000-10-07,,,,,,,,2468.8,,,,,,,,,,,,,
2000-10-08,,,,,,,,2468.8,,,,,,,,,,,,,
2000-10-09,,,,,,,,2468.8,,,,,,,,,,,,,
2000-10-10,,,,,,,,2468.37,,,,,,,,,,,,,
2000-10-11,,,,,,,,2468.45,,,,,,,,,,,,,
2000-10-12,,,,,,,,2467.97,,,,,,,,,,,,,
2000-10-13,,,,,,,,2467.95,,,,,,,,,,,,,
2000-10-14,,,,,,,,2468.05,,,,,,,,,,,,,
2000-10-15,,,,,,,,2468.3,,,,,,,,,,,,,
2000-10-16,,,,,,,,2468.37,,,,,,,,,,,,,
2000-10-17,,,,,,,,2468.43,,,,,,,,,,,,,
2000-10-18,,,,,,,,2468.47,,,,,,,,,,,,,
2000-10-19,,,,,,,,2468.37,,,,,,,,,,,,,
2000-10-20,,,,,,,,2468.22,,,,,,,,,,,,,
2000-10-21,,,,,,,,2468.15,,,,,,,,,,,,,
2000-10-22,,,,,,,,2468.34,,,,,,,,,,,,,
2000-10-23,,,,,,,,2468.8,,,,,,,,,,,,,
2000-10-24,,,,,,,,2468.53,,,,,,,,,,,,,
2000-10-25,,,,,,,,2468.59,,,,,,,,,,,,,
2000-10-26,,,,,,,,2468.63,,,,,,,,,,,,,
2000-10-27,,,,,,,,2468.54,,,,,,,,,,,,,
2000-10-28,,,,,,,,2468.36,,,,,,,,,,,,,
2000-10-29,,,,,,,,2468.17,,,,,,,,,,,,,
2000-10-30,,,,,,,,2467.99,,,,,,,,,,,,,
2000-10-31,,,,,,,,2467.78,,,,,,,,,,,,,
2000-11-01,,,,,,,,2467.58,,,,,,,,,,,,,
2000-11-02,,,,,,,,2467.35,,,,,,,,,,,,,
2000-11-03,,,,,,,,2467.1,,,,,,,,,,,,,
2000-11-04,,,,,,,,2466.83,,,,,,,,,,,,,
2000-11-05,,,,,,,,2466.69,,,,,,,,,,,,,
2000-11-06,,,,,,,,2466.48,,,,,,,,,,,,,
2000-11-07,,,,,,,,2466.25,,,,,,,,,,,,,
2000-11-08,,,,,,,,2466.03,,,,,,,,,,,,,
2000-11-09,,,,,,,,2465.81,,,,,,,,,,,,,
2000-11-10,,,,,,,,2465.61,,,,,,,,,,,,,
2000-11-11,,,,,,,,2465.39,,,,,,,,,,,,,
2000-11-12,,,,,,,,2465.13,,,,,,,,,,,,,
2000-11-13,,,,,,,,2464.9,,,,,,,,,,,,,
2000-11-14,,,,,,,,2464.65,,,,,,,,,,,,,
2000-11-15,,,,,,,,2464.42,,,,,,,,,,,,,
2000-11-16,,,,,,,,2464.2,,,,,,,,,,,,,
2000-11-17,,,,,,,,2463.98,,,,,,,,,,,,,
2000-11-18,,,,,,,,2463.75,,,,,,,,,,,,,
2000-11-19,,,,,,,,2463.53,,,,,,,,,,,,,
2000-11-20,,,,,,,,2463.28,,,,,,,,,,,,,
2000-11-21,,,,,,,,2463.21,,,,,,,,,,,,,
2000-11-22,,,,,,,,2463.07,,,,,,,,,,,,,
2000-11-23,,,,,,,,2462.9,,,,,,,,,,,,,
2000-11-24,,,,,,,,2463.0,,,,,,,,,,,,,
2000-11-25,,,,,,,,2463.1,,,,,,,,,,,,,
2000-11-26,,,,,,,,2463.13,,,,,,,,,,,,,
2000-11-27,,,,,,,,2463.03,,,,,,,,,,,,,
2000-11-28,,,,,,,,2462.88,,,,,,,,,,,,,
2000-11-29,,,,,,,,2462.73,,,,,,,,,,,,,
2000-11-30,,,,,,,,2462.63,,,,,,,,,,,,,
2000-12-01,,,,,,,,2462.95,,,,,,,,,,,,,
2000-12-02,,,,,,,,2463.53,,,,,,,,,,,,,
2000-12-03,,,,,,,,2464.08,,,,,,,,,,,,,
2000-12-04,,,,,,,,2464.22,,,,,,,,,,,,,
2000-12-05,,,,,,,,2464.23,,,,,,,,,,,,,
2000-12-06,,,,,,,,2464.15,,,,,,,,,,,,,
2000-12-07,,,,,,,,2464.04,,,,,,,,,,,,,
2000-12-08,,,,,,,,2463.9,,,,,,,,,,,,,
2000-12-09,,,,,,,,2463.69,,,,,,,,,,,,,
2000-12-10,,,,,,,,2463.53,,,,,,,,,,,,,
2000-12-11,,,,,,,,2463.39,,,,,,,,,,,,,
2000-12-12,,,,,,,,2463.2,,,,,,,,,,,,,
2000-12-13,,,,,,,,2463.02,,,,,,,,,,,,,
2000-12-14,,,,,,,,2462.83,,,,,,,,,,,,,
2000-12-15,,,,,,,,2462.64,,,,,,,,,,,,,
2000-12-16,,,,,,,,2462.45,,,,,,,,,,,,,
2000-12-17,,,,,,,,2462.27,,,,,,,,,,,,,
2000-12-18,,,,,,,,2462.16,,,,,,,,,,,,,
2000-12-19,,,,,,,,2462.02,,,,,,,,,,,,,
2000-12-20,,,,,,,,2461.84,,,,,,,,,,,,,
2000-12-21,,,,,,,,2461.65,,,,,,,,,,,,,
2000-12-22,,,,,,,,2461.48,,,,,,,,,,,,,
2000-12-23,,,,,,,,2461.29,,,,,,,,,,,,,
2000-12-24,,,,,,,,2461.08,,,,,,,,,,,,,
2000-12-25,,,,,,,,2460.88,,,,,,,,,,,,,
2000-12-26,,,,,,,,2460.67,,,,,,,,,,,,,
2000-12-27,,,,,,,,2460.48,,,,,,,,,,,,,
2000-12-28,,,,,,,,2460.3,,,,,,,,,,,,,
2000-12-29,,,,,,,,2460.12,,,,,,,,,,,,,
2000-12-30,,,,,,,,2459.98,,,,,,,,,,,,,
2000-12-31,,,,,,,,2459.92,,,,,,,,,,,,,
2001-01-01,,,,,,,,2459.87,,,,,,,,,,,,,
2001-01-02,,,,,,,,2459.82,,,,,,,,,,,,,
2001-01-03,,,,,,,,2459.76,,,,,,,,,,,,,
2001-01-04,,,,,,,,2459.7,,,,,,,,,,,,,
2001-01-05,,,,,,,,2459.64,,,,,,,,,,,,,
2001-01-06,,,,,,,,2459.56,,,,,,,,,,,,,
2001-01-07,,,,,,,,2459.48,,,,,,,,,,,,,
2001-01-08,,,,,,,,2459.4,,,,,,,,,,,,,
2001-01-09,,,,,,,,2459.31,,,,,,,,,,,,,
2001-01-10,,,,,,,,2459.22,,,,,,,,,,,,,
2001-01-11,,,,,,,,2459.12,,,,,,,,,,,,,
2001-01-12,,,,,,,,2459.03,,,,,,,,,,,,,
2001-01-13,,,,,,,,2458.83,,,,,,,,,,,,,
2001-01-14,,,,,,,,2458.55,,,,,,,,,,,,,
2001-01-15,,,,,,,,2458.28,,,,,,,,,,,,,
2001-01-16,,,,,,,,2458.05,,,,,,,,,,,,,
2001-01-17,,,,,,,,2457.82,,,,,,,,,,,,,
2001-01-18,,,,,,,,2457.52,,,,,,,,,,,,,
2001-01-19,,,,,,,,2457.23,,,,,,,,,,,,,
2001-01-20,,,,,,,,2456.94,,,,,,,,,,,,,
2001-01-21,,,,,,,,2456.67,,,,,,,,,,,,,
2001-01-22,,,,,,,,2456.39,,,,,,,,,,,,,
2001-01-23,,,,,,,,2456.11,,,,,,,,,,,,,
2001-01-24,,,,,,,,2455.84,,,,,,,,,,,,,
2001-01-25,,,,,,,,2455.57,,,,,,,,,,,,,
2001-01-26,,,,,,,,2455.29,,,,,,,,,,,,,
2001-01-27,,,,,,,,2455.02,,,,,,,,,,,,,
2001-01-28,,,,,,,,2454.78,,,,,,,,,,,,,
2001-01-29,,,,,,,,2454.53,,,,,,,,,,,,,
2001-01-30,,,,,,,,2454.28,,,,,,,,,,,,,
2001-01-31,,,,,,,,2454.02,,,,,,,,,,,,,
2001-02-01,,,,,,,,2453.78,,,,,,,,,,,,,
2001-02-02,,,,,,,,2453.68,,,,,,,,,,,,,
2001-02-03,,,,,,,,2453.56,,,,,,,,,,,,,
2001-02-04,,,,,,,,2453.44,,,,,,,,,,,,,
2001-02-05,,,,,,,,2453.34,,,,,,,,,,,,,
2001-02-06,,,,,,,,2453.2,,,,,,,,,,,,,
2001-02-07,,,,,,,,2452.96,,,,,,,,,,,,,
2001-02-08,,,,,,,,2452.58,,,,,,,,,,,,,
2001-02-09,,,,,,,,2452.22,,,,,,,,,,,,,
2001-02-10,,,,,,,,2451.84,,,,,,,,,,,,,
2001-02-11,,,,,,,,2451.45,,,,,,,,,,,,,
2001-02-12,,,,,,,,2451.09,,,,,,,,,,,,,
2001-02-13,,,,,,,,2450.72,,,,,,,,,,,,,
2001-02-14,,,,,,,,2450.37,,,,,,,,,,,,,
2001-02-15,,,,,,,,2450.0,,,,,,,,,,,,,
2001-02-16,,,,,,,,2449.63,,,,,,,,,,,,,
2001-02-17,,,,,,,,2449.27,,,,,,,,,,,,,
2001-02-18,,,,,,,,2448.91,,,,,,,,,,,,,
2001-02-19,,,,,,,,2448.57,,,,,,,,,,,,,
2001-02-20,,,,,,,,2448.2,,,,,,,,,,,,,
2001-02-21,,,,,,,,2447.83,,,,,,,,,,,,,
2001-02-22,,,,,,,,2447.45,,,,,,,,,,,,,
2001-02-23,,,,,,,,2447.18,,,,,,,,,,,,,
2001-02-24,,,,,,,,2447.06,,,,,,,,,,,,,
2001-02-25,,,,,,,,2446.92,,,,,,,,,,,,,
2001-02-26,,,,,,,,2446.77,,,,,,,,,,,,,
2001-02-27,,,,,,,,2446.67,,,,,,,,,,,,,
2001-02-28,,,,,,,,2446.53,,,,,,,,,,,,,
2001-03-01,,,,,,,,2446.35,,,,,,,,,,,,,
2001-03-02,,,,,,,,2446.22,,,,,,,,,,,,,
2001-03-03,,,,,,,,2446.09,,,,,,,,,,,,,
2001-03-04,,,,,,,,2445.83,,,,,,,,,,,,,
2001-03-05,,,,,,,,2445.44,,,,,,,,,,,,,
2001-03-06,,,,,,,,2445.07,,,,,,,,,,,,,
2001-03-07,,,,,,,,2444.7,,,,,,,,,,,,,
2001-03-08,,,,,,,,2444.33,,,,,,,,,,,,,
2001-03-09,,,,,,,,2443.97,,,,,,,,,,,,,
2001-03-10,,,,,,,,2443.6,,,,,,,,,,,,,
2001-03-11,,,,,,,,2443.28,,,,,,,,,,,,,
2001-03-12,,,,,,,,2442.94,,,,,,,,,,,,,
2001-03-13,,,,,,,,2442.61,,,,,,,,,,,,,
2001-03-14,,,,,,,,2442.18,,,,,,,,,,,,,
2001-03-15,,,,,,,,2441.73,,,,,,,,,,,,,
2001-03-16,,,,,,,,2441.27,,,,,,,,,,,,,
2001-03-17,,,,,,,,2440.81,,,,,,,,,,,,,
2001-03-18,,,,,,,,2440.35,,,,,,,,,,,,,
2001-03-19,,,,,,,,2439.89,,,,,,,,,,,,,
2001-03-20,,,,,,,,2439.41,,,,,,,,,,,,,
2001-03-21,,,,,,,,2438.95,,,,,,,,,,,,,
2001-03-22,,,,,,,,2438.52,,,,,,,,,,,,,
2001-03-23,,,,,,,,2438.09,,,,,,,,,,,,,
2001-03-24,,,,,,,,2437.74,,,,,,,,,,,,,
2001-03-25,,,,,,,,2437.64,,,,,,,,,,,,,
2001-03-26,,,,,,,,2437.53,,,,,,,,,,,,,
2001-03-27,,,,,,,,2437.46,,,,,,,,,,,,,
2001-03-28,,,,,,,,2437.39,,,,,,,,,,,,,
2001-03-29,,,,,,,,2437.25,,,,,,,,,,,,,
2001-03-30,,,,,,,,2436.9,,,,,,,,,,,,,
2001-03-31,,,,,,,,2436.52,,,,,,,,,,,,,
2001-04-01,,,,,,,,2436.18,,,,,,,,,,,,,
2001-04-02,,,,,,,,2435.85,,,,,,,,,,,,,
2001-04-03,,,,,,,,2435.43,,,,,,,,,,,,,
2001-04-04,,,,,,,,2434.98,,,,,,,,,,,,,
2001-04-05,,,,,,,,2434.52,,,,,,,,,,,,,
2001-04-06,,,,,,,,2434.02,,,,,,,,,,,,,
2001-04-07,,,,,,,,2433.45,,,,,,,,,,,,,
2001-04-08,,,,,,,,2432.8,,,,,,,,,,,,,
2001-04-09,,,,,,,,2432.15,,,,,,,,,,,,,
2001-04-10,,,,,,,,2431.47,,,,,,,,,,,,,
2001-04-11,,,,,,,,2430.82,,,,,,,,,,,,,
2001-04-12,,,,,,,,2430.2,,,,,,,,,,,,,
2001-04-13,,,,,,,,2429.63,,,,,,,,,,,,,
2001-04-14,,,,,,,,2429.42,,,,,,,,,,,,,
2001-04-15,,,,,,,,2429.7,,,,,,,,,,,,,
2001-04-16,,,,,,,,2429.81,,,,,,,,,,,,,
2001-04-17,,,,,,,,2430.87,,,,,,,,,,,,,
2001-04-18,,,,,,,,2431.5,,,,,,,,,,,,,
2001-04-19,,,,,,,,2431.96,,,,,,,,,,,,,
2001-04-20,,,,,,,,2432.32,,,,,,,,,,,,,
2001-04-21,,,,,,,,2432.65,,,,,,,,,,,,,
2001-04-22,,,,,,,,2433.07,,,,,,,,,,,,,
2001-04-23,,,,,,,,2433.37,,,,,,,,,,,,,
2001-04-24,,,,,,,,2433.62,,,,,,,,,,,,,
2001-04-25,,,,,,,,2433.72,,,,,,,,,,,,,
2001-04-26,,,,,,,,2433.57,,,,,,,,,,,,,
2001-04-27,,,,,,,,2433.52,,,,,,,,,,,,,
2001-04-28,,,,,,,,2433.1,,,,,,,,,,,,,
2001-04-29,,,,,,,,2432.57,,,,,,,,,,,,,
2001-04-30,,,,,,,,2432.02,,,,,,,,,,,,,
2001-05-01,,,,,,,,2431.49,,,,,,,,,,,,,
2001-05-02,,,,,,,,2430.88,,,,,,,,,,,,,
2001-05-03,,,,,,,,2430.27,,,,,,,,,,,,,
2001-05-04,,,,,,,,2429.64,,,,,,,,,,,,,
2001-05-05,,,,,,,,2428.98,,,,,,,,,,,,,
2001-05-06,,,,,,,,2428.32,,,,,,,,,,,,,
2001-05-07,,,,,,,,2427.67,,,,,,,,,,,,,
2001-05-08,,,,,,,,2427.28,,,,,,,,,,,,,
2001-05-09,,,,,,,,2426.73,,,,,,,,,,,,,
2001-05-10,,,,,,,,2426.2,,,,,,,,,,,,,
2001-05-11,,,,,,,,2425.6,,,,,,,,,,,,,
2001-05-12,,,,,,,,2425.1,,,,,,,,,,,,,
2001-05-13,,,,,,,,2424.53,,,,,,,,,,,,,
2001-05-14,,,,,,,,2424.23,,,,,,,,,,,,,
2001-05-15,,,,,,,,2424.1,,,,,,,,,,,,,
2001-05-16,,,,,,,,2424.0,,,,,,,,,,,,,
2001-05-17,,,,,,,,2423.9,,,,,,,,,,,,,
2001-05-18,,,,,,,,2423.8,,,,,,,,,,,,,
2001-05-19,,,,,,,,2423.7,,,,,,,,,,,,,
2001-05-20,,,,,,,,2423.6,,,,,,,,,,,,,
2001-05-21,,,,,,,,2423.25,,,,,,,,,,,,,
2001-05-22,,,,,,,,2422.62,,,,,,,,,,,,,
2001-05-23,,,,,,,,2422.1,,,,,,,,,,,,,
2001-05-24,,,,,,,,2421.65,,,,,,,,,,,,,
2001-05-25,,,,,,,,2421.08,,,,,,,,,,,,,
2001-05-26,,,,,,,,2420.5,,,,,,,,,,,,,
2001-05-27,,,,,,,,2420.0,,,,,,,,,,,,,
2001-05-28,,,,,,,,2419.48,,,,,,,,,,,,,
2001-05-29,,,,,,,,2418.93,,,,,,,,,,,,,
2001-05-30,,,,,,,,2418.45,,,,,,,,,,,,,
2001-05-31,,,,,,,,2417.95,,,,,,,,,,,,,
2001-06-01,,,,,,,,2417.43,,,,,,,,,,,,,
2001-06-02,,,,,,,,2417.0,,,,,,,,,,,,,
2001-06-03,,,,,,,,2416.88,,,,,,,,,,,,,
2001-06-04,,,,,,,,2416.8,,,,,,,,,,,,,
2001-06-05,,,,,,,,2416.8,,,,,,,,,,,,,
2001-06-06,,,,,,,,2416.81,,,,,,,,,,,,,
2001-06-07,,,,,,,,2416.82,,,,,,,,,,,,,
2001-06-08,,,,,,,,2416.64,,,,,,,,,,,,,
2001-06-09,,,,,,,,2416.36,,,,,,,,,,,,,
2001-06-10,,,,,,,,2416.46,,,,,,,,,,,,,
2001-06-11,,,,,,,,2416.53,,,,,,,,,,,,,
2001-06-12,,,,,,,,2416.64,,,,,,,,,,,,,
2001-06-13,,,,,,,,2416.7,,,,,,,,,,,,,
2001-06-14,,,,,,,,2417.1,,,,,,,,,,,,,
2001-06-15,,,,,,,,2418.8,,,,,,,,,,,,,
2001-06-16,,,,,,,,2421.15,,,,,,,,,,,,,
2001-06-17,,,,,,,,2424.7,,,,,,,,,,,,,
2001-06-18,,,,,,,,2427.95,,,,,,,,,,,,,
2001-06-19,,,,,,,,2429.0,,,,,,,,,,,,,
2001-06-20,,,,,,,,2429.4,,,,,,,,,,,,,
2001-06-21,,,,,,,,2429.67,,,,,,,,,,,,,
2001-06-22,,,,,,,,2429.96,,,,,,,,,,,,,
2001-06-23,,,,,,,,2430.29,,,,,,,,,,,,,
2001-06-24,,,,,,,,2430.53,,,,,,,,,,,,,
2001-06-25,,,,,,,,2430.59,,,,,,,,,,,,,
2001-06-26,,,,,,,,2430.55,,,,,,,,,,,,,
2001-06-27,,,,,,,,2430.45,,,,,,,,,,,,,
2001-06-28,,,,,,,,2430.23,,,,,,,,,,,,,
2001-06-29,,,,,,,,2429.94,,,,,,,,,,,,,
2001-06-30,,,,,,,,2429.62,,,,,,,,,,,,,
2001-07-01,,,,,,,,2429.33,,,,,,,,,,,,,
2001-07-02,,,,,,,,2429.1,,,,,,,,,,,,,
2001-07-03,,,,,,,,2428.78,,,,,,,,,,,,,
2001-07-04,,,,,,,,2428.45,,,,,,,,,,,,,
2001-07-05,,,,,,,,2428.52,,,,,,,,,,,,,
2001-07-06,,,,,,,,2428.95,,,,,,,,,,,,,
2001-07-07,,,,,,,,2429.95,,,,,,,,,,,,,
2001-07-08,,,,,,,,2431.0,,,,,,,,,,,,,
2001-07-09,,,,,,,,2433.3,,,,,,,,,,,,,
2001-07-10,,,,,,,,2436.5,,,,,,,,,,,,,
2001-07-11,,,,,,,,2440.6,,,,,,,,,,,,,
2001-07-12,,,,,,,,2443.55,,,,,,,,,,,,,
2001-07-13,,,,,,,,2445.62,,,,,,,,,,,,,
2001-07-14,,,,,,,,2446.86,,,,,,,,,,,,,
2001-07-15,,,,,,,,2447.5,,,,,,,,,,,,,
2001-07-16,,,,,,,,2448.05,,,,,,,,,,,,,
2001-07-17,,,,,,,,2448.15,,,,,,,,,,,,,
2001-07-18,,,,,,,,2448.5,,,,,,,,,,,,,
2001-07-19,,,,,,,,2448.78,,,,,,,,,,,,,
2001-07-20,,,,,,,,2448.88,,,,,,,,,,,,,
2001-07-21,,,,,,,,2452.89,,,,,,,,,,,,,
2001-07-22,,,,,,,,2448.91,,,,,,,,,,,,,
2001-07-23,,,,,,,,2448.97,,,,,,,,,,,,,
2001-07-24,,,,,,,,2448.97,,,,,,,,,,,,,
2001-07-25,,,,,,,,2448.78,,,,,,,,,,,,,
2001-07-26,,,,,,,,2448.6,,,,,,,,,,,,,
2001-07-27,,,,,,,,2448.38,,,,,,,,,,,,,
2001-07-28,,,,,,,,2448.21,,,,,,,,,,,,,
2001-07-29,,,,,,,,2448.1,,,,,,,,,,,,,
2001-07-30,,,,,,,,2447.93,,,,,,,,,,,,,
2001-07-31,,,,,,,,2447.93,,,,,,,,,,,,,
2001-08-01,,,,,,,,2448.05,,,,,,,,,,,,,
2001-08-02,,,,,,,,2448.16,,,,,,,,,,,,,
2001-08-03,,,,,,,,2448.3,,,,,,,,,,,,,
2001-08-04,,,,,,,,2448.86,,,,,,,,,,,,,
2001-08-05,,,,,,,,2449.86,,,,,,,,,,,,,
2001-08-06,,,,,,,,2450.6,,,,,,,,,,,,,
2001-08-07,,,,,,,,2451.43,,,,,,,,,,,,,
2001-08-08,,,,,,,,2451.95,,,,,,,,,,,,,
2001-08-09,,,,,,,,2452.39,,,,,,,,,,,,,
2001-08-10,,,,,,,,2452.55,,,,,,,,,,,,,
2001-08-11,,,,,,,,2452.63,,,,,,,,,,,,,
2001-08-12,,,,,,,,2452.78,,,,,,,,,,,,,
2001-08-13,,,,,,,,2452.87,,,,,,,,,,,,,
2001-08-14,,,,,,,,2452.9,,,,,,,,,,,,,
2001-08-15,,,,,,,,2452.92,,,,,,,,,,,,,
2001-08-16,,,,,,,,2453.12,,,,,,,,,,,,,
2001-08-17,,,,,,,,2453.22,,,,,,,,,,,,,
2001-08-18,,,,,,,,2453.42,,,,,,,,,,,,,
2001-08-19,,,,,,,,2454.07,,,,,,,,,,,,,
2001-08-20,,,,,,,,2454.65,,,,,,,,,,,,,
2001-08-21,,,,,,,,2455.62,,,,,,,,,,,,,
2001-08-22,,,,,,,,2456.37,,,,,,,,,,,,,
2001-08-23,,,,,,,,2457.32,,,,,,,,,,,,,
2001-08-24,,,,,,,,2458.2,,,,,,,,,,,,,
2001-08-25,,,,,,,,2458.86,,,,,,,,,,,,,
2001-08-26,,,,,,,,2459.46,,,,,,,,,,,,,
2001-08-27,,,,,,,,2460.0,,,,,,,,,,,,,
2001-08-28,,,,,,,,2460.53,,,,,,,,,,,,,
2001-08-29,,,,,,,,2460.94,,,,,,,,,,,,,
2001-08-30,,,,,,,,2461.3,,,,,,,,,,,,,
2001-08-31,,,,,,,,2461.6,,,,,,,,,,,,,
2001-09-01,,,,,,,,2461.9,,,,,,,,,,,,,
2001-09-02,,,,,,,,2462.1,,,,,,,,,,,,,
2001-09-03,,,,,,,,2462.13,,,,,,,,,,,,,
2001-09-04,,,,,,,,2462.0,,,,,,,,,,,,,
2001-09-05,,,,,,,,2461.84,,,,,,,,,,,,,
2001-09-06,,,,,,,,2461.62,,,,,,,,,,,,,
2001-09-07,,,,,,,,2461.38,,,,,,,,,,,,,
2001-09-08,,,,,,,,2461.14,,,,,,,,,,,,,
2001-09-09,,,,,,,,2460.93,,,,,,,,,,,,,
2001-09-10,,,,,,,,2460.7,,,,,,,,,,,,,
2001-09-11,,,,,,,,2460.47,,,,,,,,,,,,,
2001-09-12,,,,,,,,2460.24,,,,,,,,,,,,,
2001-09-13,,,,,,,,2460.0,,,,,,,,,,,,,
2001-09-14,,,,,,,,2459.8,,,,,,,,,,,,,
2001-09-15,,,,,,,,2459.79,,,,,,,,,,,,,
2001-09-16,,,,,,,,2459.97,,,,,,,,,,,,,
2001-09-17,,,,,,,,2460.0,,,,,,,,,,,,,
2001-09-18,,,,,,,,2460.33,,,,,,,,,,,,,
2001-09-19,,,,,,,,2460.9,,,,,,,,,,,,,
2001-09-20,,,,,,,,2461.17,,,,,,,,,,,,,
2001-09-21,,,,,,,,2461.55,,,,,,,,,,,,,
2001-09-22,,,,,,,,2461.84,,,,,,,,,,,,,
2001-09-23,,,,,,,,2462.03,,,,,,,,,,,,,
2001-09-24,,,,,,,,2462.2,,,,,,,,,,,,,
2001-09-25,,,,,,,,2462.5,,,,,,,,,,,,,
2001-09-26,,,,,,,,2462.75,,,,,,,,,,,,,
2001-09-27,,,,,,,,2463.04,,,,,,,,,,,,,
2001-09-28,,,,,,,,2463.1,,,,,,,,,,,,,
2001-09-29,,,,,,,,2463.05,,,,,,,,,,,,,
2001-09-30,,,,,,,,2462.97,,,,,,,,,,,,,
2001-10-01,,,,,,,,2463.15,,,,,,,,,,,,,
2001-10-02,,,,,,,,2463.2,,,,,,,,,,,,,
2001-10-03,,,,,,,,2463.2,,,,,,,,,,,,,
2001-10-04,,,,,,,,2463.05,,,,,,,,,,,,,
2001-10-05,,,,,,,,2462.85,,,,,,,,,,,,,
2001-10-06,,,,,,,,2462.67,,,,,,,,,,,,,
2001-10-07,,,,,,,,2462.46,,,,,,,,,,,,,
2001-10-08,,,,,,,,2462.27,,,,,,,,,,,,,
2001-10-09,,,,,,,,2462.15,,,,,,,,,,,,,
2001-10-10,,,,,,,,2462.06,,,,,,,,,,,,,
2001-10-11,,,,,,,,2461.97,,,,,,,,,,,,,
2001-10-12,,,,,,,,2461.84,,,,,,,,,,,,,
2001-10-13,,,,,,,,2461.84,,,,,,,,,,,,,
2001-10-14,,,,,,,,2461.79,,,,,,,,,,,,,
2001-10-15,,,,,,,,2461.93,,,,,,,,,,,,,
2001-10-16,,,,,,,,2462.58,,,,,,,,,,,,,
2001-10-17,,,,,,,,2462.9,,,,,,,,,,,,,
2001-10-18,,,,,,,,2463.1,,,,,,,,,,,,,
2001-10-19,,,,,,,,2463.22,,,,,,,,,,,,,
2001-10-20,,,,,,,,2463.45,,,,,,,,,,,,,
2001-10-21,,,,,,,,2464.17,,,,,,,,,,,,,
2001-10-22,,,,,,,,2464.59,,,,,,,,,,,,,
2001-10-23,,,,,,,,2464.65,,,,,,,,,,,,,
2001-10-24,,,,,,,,2464.48,,,,,,,,,,,,,
2001-10-25,,,,,,,,2464.32,,,,,,,,,,,,,
2001-10-26,,,,,,,,2464.32,,,,,,,,,,,,,
2001-10-27,,,,,,,,2464.38,,,,,,,,,,,,,
2001-10-28,,,,,,,,2464.5,,,,,,,,,,,,,
2001-10-29,,,,,,,,2464.42,,,,,,,,,,,,,
2001-10-30,,,,,,,,2464.21,,,,,,,,,,,,,
2001-10-31,,,,,,,,2463.98,,,,,,,,,,,,,
2001-11-01,,,,,,,,2463.7,,,,,,,,,,,,,
2001-11-02,,,,,,,,2463.45,,,,,,,,,,,,,
2001-11-03,,,,,,,,2463.18,,,,,,,,,,,,,
2001-11-04,,,,,,,,2462.91,,,,,,,,,,,,,
2001-11-05,,,,,,,,2462.64,,,,,,,,,,,,,
2001-11-06,,,,,,,,2462.46,,,,,,,,,,,,,
2001-11-07,,,,,,,,2462.82,,,,,,,,,,,,,
2001-11-08,,,,,,,,2463.95,,,,,,,,,,,,,
2001-11-09,,,,,,,,2464.8,,,,,,,,,,,,,
2001-11-10,,,,,,,,2465.1,,,,,,,,,,,,,
2001-11-11,,,,,,,,2465.18,,,,,,,,,,,,,
2001-11-12,,,,,,,,2465.2,,,,,,,,,,,,,
2001-11-13,,,,,,,,2465.1,,,,,,,,,,,,,
2001-11-14,,,,,,,,2464.86,,,,,,,,,,,,,
2001-11-15,,,,,,,,2464.67,,,,,,,,,,,,,
2001-11-16,,,,,,,,2464.56,,,,,,,,,,,,,
2001-11-17,,,,,,,,2464.6,,,,,,,,,,,,,
2001-11-18,,,,,,,,2464.54,,,,,,,,,,,,,
2001-11-19,,,,,,,,2464.4,,,,,,,,,,,,,
2001-11-20,,,,,,,,2464.31,,,,,,,,,,,,,
2001-11-21,,,,,,,,2464.13,,,,,,,,,,,,,
2001-11-22,,,,,,,,2463.9,,,,,,,,,,,,,
2001-11-23,,,,,,,,2463.69,,,,,,,,,,,,,
2001-11-24,,,,,,,,2463.48,,,,,,,,,,,,,
2001-11-25,,,,,,,,2463.27,,,,,,,,,,,,,
2001-11-26,,,,,,,,2463.05,,,,,,,,,,,,,
2001-11-27,,,,,,,,2462.83,,,,,,,,,,,,,
2001-11-28,,,,,,,,2462.61,,,,,,,,,,,,,
2001-11-29,,,,,,,,2462.41,,,,,,,,,,,,,
2001-11-30,,,,,,,,2462.31,,,,,,,,,,,,,
2001-12-01,,,,,,,,2462.2,,,,,,,,,,,,,
2001-12-02,,,,,,,,2462.07,,,,,,,,,,,,,
2001-12-03,,,,,,,,2461.92,,,,,,,,,,,,,
2001-12-04,,,,,,,,2461.78,,,,,,,,,,,,,
2001-12-05,,,,,,,,2461.63,,,,,,,,,,,,,
2001-12-06,,,,,,,,2461.48,,,,,,,,,,,,,
2001-12-07,,,,,,,,2461.3,,,,,,,,,,,,,
2001-12-08,,,,,,,,2461.13,,,,,,,,,,,,,
2001-12-09,,,,,,,,2460.98,,,,,,,,,,,,,
2001-12-10,,,,,,,,2460.83,,,,,,,,,,,,,
2001-12-11,,,,,,,,2460.65,,,,,,,,,,,,,
2001-12-12,,,,,,,,2460.47,,,,,,,,,,,,,
2001-12-13,,,,,,,,2460.3,,,,,,,,,,,,,
2001-12-14,,,,,,,,2460.12,,,,,,,,,,,,,
2001-12-15,,,,,,,,2459.93,,,,,,,,,,,,,
2001-12-16,,,,,,,,2459.72,,,,,,,,,,,,,
2001-12-17,,,,,,,,2459.52,,,,,,,,,,,,,
2001-12-18,,,,,,,,2459.33,,,,,,,,,,,,,
2001-12-19,,,,,,,,2459.13,,,,,,,,,,,,,
2001-12-20,,,,,,,,2458.94,,,,,,,,,,,,,
2001-12-21,,,,,,,,2458.75,,,,,,,,,,,,,
2001-12-22,,,,,,,,2458.54,,,,,,,,,,,,,
2001-12-23,,,,,,,,2458.37,,,,,,,,,,,,,
2001-12-24,,,,,,,,2458.17,,,,,,,,,,,,,
2001-12-25,,,,,,,,2458.02,,,,,,,,,,,,,
2001-12-26,,,,,,,,2457.86,,,,,,,,,,,,,
2001-12-27,,,,,,,,2457.65,,,,,,,,,,,,,
2001-12-28,,,,,,,,2457.46,,,,,,,,,,,,,
2001-12-29,,,,,,,,2457.26,,,,,,,,,,,,,
2001-12-30,,,,,,,,2457.07,,,,,,,,,,,,,
2001-12-31,,,,,,,,2457.03,,,,,,,,,,,,,
2002-01-01,,,,,,,,2456.98,,,,,,,,,,,,,
2002-01-02,,,,,,,,2456.92,,,,,,,,,,,,,
2002-01-03,,,,,,,,2456.85,,,,,,,,,,,,,
2002-01-04,,,,,,,,2456.78,,,,,,,,,,,,,
2002-01-05,,,,,,,,2456.71,,,,,,,,,,,,,
2002-01-06,,,,,,,,2456.64,,,,,,,,,,,,,
2002-01-07,,,,,,,,2456.57,,,,,,,,,,,,,
2002-01-08,,,,,,,,2456.5,,,,,,,,,,,,,
2002-01-09,,,,,,,,2456.43,,,,,,,,,,,,,
2002-01-10,,,,,,,,2456.36,,,,,,,,,,,,,
2002-01-11,,,,,,,,2456.29,,,,,,,,,,,,,
2002-01-12,,,,,,,,2456.22,,,,,,,,,,,,,
2002-01-13,,,,,,,,2456.01,,,,,,,,,,,,,
2002-01-14,,,,,,,,2455.69,,,,,,,,,,,,,
2002-01-15,,,,,,,,2455.37,,,,,,,,,,,,,
2002-01-16,,,,,,,,2455.05,,,,,,,,,,,,,
2002-01-17,,,,,,,,2454.75,,,,,,,,,,,,,
2002-01-18,,,,,,,,2454.47,,,,,,,,,,,,,
2002-01-19,,,,,,,,2454.18,,,,,,,,,,,,,
2002-01-20,,,,,,,,2453.91,,,,,,,,,,,,,
2002-01-21,,,,,,,,2453.64,,,,,,,,,,,,,
2002-01-22,,,,,,,,2453.37,,,,,,,,,,,,,
2002-01-23,,,,,,,,2453.1,,,,,,,,,,,,,
2002-01-24,,,,,,,,2452.25,,,,,,,,,,,,,
2002-01-25,,,,,,,,2452.57,,,,,,,,,,,,,
2002-01-26,,,,,,,,2452.29,,,,,,,,,,,,,
2002-01-27,,,,,,,,2452.01,,,,,,,,,,,,,
2002-01-28,,,,,,,,2451.72,,,,,,,,,,,,,
2002-01-29,,,,,,,,2451.43,,,,,,,,,,,,,
2002-01-30,,,,,,,,2451.14,,,,,,,,,,,,,
2002-01-31,,,,,,,,2450.86,,,,,,,,,,,,,
2002-02-01,,,,,,,,2450.74,,,,,,,,,,,,,
2002-02-02,,,,,,,,2450.64,,,,,,,,,,,,,
2002-02-03,,,,,,,,2450.52,,,,,,,,,,,,,
2002-02-04,,,,,,,,2450.4,,,,,,,,,,,,,
2002-02-05,,,,,,,,2450.28,,,,,,,,,,,,,
2002-02-06,,,,,,,,2450.17,,,,,,,,,,,,,
2002-02-07,,,,,,,,2450.06,,,,,,,,,,,,,
2002-02-08,,,,,,,,2449.95,,,,,,,,,,,,,
2002-02-09,,,,,,,,2449.84,,,,,,,,,,,,,
2002-02-10,,,,,,,,2449.64,,,,,,,,,,,,,
2002-02-11,,,,,,,,2449.29,,,,,,,,,,,,,
2002-02-12,,,,,,,,2448.95,,,,,,,,,,,,,
2002-02-13,,,,,,,,2448.6,,,,,,,,,,,,,
2002-02-14,,,,,,,,2448.22,,,,,,,,,,,,,
2002-02-15,,,,,,,,2447.84,,,,,,,,,,,,,
2002-02-16,,,,,,,,2447.48,,,,,,,,,,,,,
2002-02-17,,,,,,,,2447.11,,,,,,,,,,,,,
2002-02-18,,,,,,,,2446.72,,,,,,,,,,,,,
2002-02-19,,,,,,,,2446.37,,,,,,,,,,,,,
2002-02-20,,,,,,,,2446.03,,,,,,,,,,,,,
2002-02-21,,,,,,,,2445.69,,,,,,,,,,,,,
2002-02-22,,,,,,,,2445.33,,,,,,,,,,,,,
2002-02-23,,,,,,,,2444.95,,,,,,,,,,,,,
2002-02-24,,,,,,,,2444.55,,,,,,,,,,,,,
2002-02-25,,,,,,,,2444.14,,,,,,,,,,,,,
2002-02-26,,,,,,,,2443.67,,,,,,,,,,,,,
2002-02-27,,,,,,,,2443.2,,,,,,,,,,,,,
2002-02-28,,,,,,,,2442.74,,,,,,,,,,,,,
2002-03-01,,,,,,,,2442.38,,,,,,,,,,,,,
2002-03-02,,,,,,,,2442.27,,,,,,,,,,,,,
2002-03-03,,,,,,,,2442.16,,,,,,,,,,,,,
2002-03-04,,,,,,,,2442.05,,,,,,,,,,,,,
2002-03-05,,,,,,,,2441.94,,,,,,,,,,,,,
2002-03-06,,,,,,,,2441.85,,,,,,,,,,,,,
2002-03-07,,,,,,,,2441.65,,,,,,,,,,,,,
2002-03-08,,,,,,,,2441.22,,,,,,,,,,,,,
2002-03-09,,,,,,,,2440.8,,,,,,,,,,,,,
2002-03-10,,,,,,,,2440.37,,,,,,,,,,,,,
2002-03-11,,,,,,,,2439.94,,,,,,,,,,,,,
2002-03-12,,,,,,,,2439.51,,,,,,,,,,,,,
2002-03-13,,,,,,,,2439.08,,,,,,,,,,,,,
2002-03-14,,,,,,,,2438.64,,,,,,,,,,,,,
2002-03-15,,,,,,,,2438.2,,,,,,,,,,,,,
2002-03-16,,,,,,,,2437.71,,,,,,,,,,,,,
2002-03-17,,,,,,,,2437.16,,,,,,,,,,,,,
2002-03-18,,,,,,,,2436.6,,,,,,,,,,,,,
2002-03-19,,,,,,,,2436.03,,,,,,,,,,,,,
2002-03-20,,,,,,,,2435.45,,,,,,,,,,,,,
2002-03-21,,,,,,,,2434.87,,,,,,,,,,,,,
2002-03-22,,,,,,,,2434.59,,,,,,,,,,,,,
2002-03-23,,,,,,,,2433.73,,,,,,,,,,,,,
2002-03-24,,,,,,,,2433.18,,,,,,,,,,,,,
2002-03-25,,,,,,,,2432.62,,,,,,,,,,,,,
2002-03-26,,,,,,,,2432.12,,,,,,,,,,,,,
2002-03-27,,,,,,,,2431.99,,,,,,,,,,,,,
2002-03-28,,,,,,,,2431.85,,,,,,,,,,,,,
2002-03-29,,,,,,,,2431.71,,,,,,,,,,,,,
2002-03-30,,,,,,,,2431.57,,,,,,,,,,,,,
2002-03-31,,,,,,,,2431.54,,,,,,,,,,,,,
2002-04-01,,,,,,,,2431.3,,,,,,,,,,,,,
2002-04-02,,,,,,,,2430.86,,,,,,,,,,,,,
2002-04-03,,,,,,,,2430.4,,,,,,,,,,,,,
2002-04-04,,,,,,,,2429.95,,,,,,,,,,,,,
2002-04-05,,,,,,,,2429.43,,,,,,,,,,,,,
2002-04-06,,,,,,,,2428.91,,,,,,,,,,,,,
2002-04-07,,,,,,,,2428.39,,,,,,,,,,,,,
2002-04-08,,,,,,,,2427.85,,,,,,,,,,,,,
2002-04-09,,,,,,,,2427.24,,,,,,,,,,,,,
2002-04-10,,,,,,,,2426.54,,,,,,,,,,,,,
2002-04-11,,,,,,,,2425.8,,,,,,,,,,,,,
2002-04-12,,,,,,,,2425.05,,,,,,,,,,,,,
2002-04-13,,,,,,,,2424.28,,,,,,,,,,,,,
2002-04-14,,,,,,,,2423.5,,,,,,,,,,,,,
2002-04-15,,,,,,,,2422.73,,,,,,,,,,,,,
2002-04-16,,,,,,,,2421.95,,,,,,,,,,,,,
2002-04-17,,,,,,,,2421.15,,,,,,,,,,,,,
2002-04-18,,,,,,,,2420.3,,,,,,,,,,,,,
2002-04-19,,,,,,,,2420.09,,,,,,,,,,,,,
2002-04-20,,,,,,,,2419.92,,,,,,,,,,,,,
2002-04-21,,,,,,,,2419.92,,,,,,,,,,,,,
2002-04-22,,,,,,,,2419.8,,,,,,,,,,,,,
2002-04-23,,,,,,,,2419.7,,,,,,,,,,,,,
2002-04-24,,,,,,,,2419.62,,,,,,,,,,,,,
2002-04-25,,,,,,,,2419.58,,,,,,,,,,,,,
2002-04-26,,,,,,,,2419.52,,,,,,,,,,,,,
2002-04-27,,,,,,,,2419.85,,,,,,,,,,,,,
2002-04-28,,,,,,,,2420.93,,,,,,,,,,,,,
2002-04-29,,,,,,,,2421.75,,,,,,,,,,,,,
2002-04-30,,,,,,,,2421.86,,,,,,,,,,,,,
2002-05-01,,,,,,,,2421.83,,,,,,,,,,,,,
2002-05-02,,,,,,,,2421.8,,,,,,,,,,,,,
2002-05-03,,,,,,,,2421.9,,,,,,,,,,,,,
2002-05-04,,,,,,,,2421.17,,,,,,,,,,,,,
2002-05-05,,,,,,,,2420.3,,,,,,,,,,,,,
2002-05-06,,,,,,,,2419.45,,,,,,,,,,,,,
2002-05-07,,,,,,,,2419.8,,,,,,,,,,,,,
2002-05-08,,,,,,,,2419.05,,,,,,,,,,,,,
2002-05-09,,,,,,,,2418.05,,,,,,,,,,,,,
2002-05-10,,,,,,,,2417.13,,,,,,,,,,,,,
2002-05-11,,,,,,,,2416.2,,,,,,,,,,,,,
2002-05-12,,,,,,,,2415.38,,,,,,,,,,,,,
2002-05-13,,,,,,,,2414.57,,,,,,,,,,,,,
2002-05-14,,,,,,,,2414.5,,,,,,,,,,,,,
2002-05-15,,,,,,,,2414.48,,,,,,,,,,,,,
2002-05-16,,,,,,,,2414.48,,,,,,,,,,,,,
2002-05-17,,,,,,,,2414.5,,,,,,,,,,,,,
2002-05-18,,,,,,,,2414.53,,,,,,,,,,,,,
2002-05-19,,,,,,,,2414.53,,,,,,,,,,,,,
2002-05-20,,,,,,,,2414.53,,,,,,,,,,,,,
2002-05-21,,,,,,,,2414.52,,,,,,,,,,,,,
2002-05-22,,,,,,,,2414.52,,,,,,,,,,,,,
2002-05-23,,,,,,,,2414.51,,,,,,,,,,,,,
2002-05-24,,,,,,,,2414.51,,,,,,,,,,,,,
2002-05-25,,,,,,,,2414.51,,,,,,,,,,,,,
2002-05-26,,,,,,,,2414.51,,,,,,,,,,,,,
2002-05-27,,,,,,,,2414.53,,,,,,,,,,,,,
2002-05-28,,,,,,,,2414.6,,,,,,,,,,,,,
2002-05-29,,,,,,,,2414.65,,,,,,,,,,,,,
2002-05-30,,,,,,,,2414.8,,,,,,,,,,,,,
2002-05-31,,,,,,,,2414.95,,,,,,,,,,,,,
2002-06-01,,,,,,,,2415.15,,,,,,,,,,,,,
2002-06-02,,,,,,,,2415.2,,,,,,,,,,,,,
2002-06-03,,,,,,,,2415.25,,,,,,,,,,,,,
2002-06-04,,,,,,,,2415.35,,,,,,,,,,,,,
2002-06-05,,,,,,,,2415.45,,,,,,,,,,,,,
2002-06-06,,,,,,,,2415.6,,,,,,,,,,,,,
2002-06-07,,,,,,,,2415.7,,,,,,,,,,,,,
2002-06-08,,,,,,,,2415.82,,,,,,,,,,,,,
2002-06-09,,,,,,,,2416.05,,,,,,,,,,,,,
2002-06-10,,,,,,,,2416.4,,,,,,,,,,,,,
2002-06-11,,,,,,,,2416.6,,,,,,,,,,,,,
2002-06-12,,,,,,,,2416.72,,,,,,,,,,,,,
2002-06-13,,,,,,,,2416.83,,,,,,,,,,,,,
2002-06-14,,,,,,,,2416.92,,,,,,,,,,,,,
2002-06-15,,,,,,,,2416.27,,,,,,,,,,,,,
2002-06-16,,,,,,,,2417.05,,,,,,,,,,,,,
2002-06-17,,,,,,,,2417.05,,,,,,,,,,,,,
2002-06-18,,,,,,,,2417.05,,,,,,,,,,,,,
2002-06-19,,,,,,,,2416.96,,,,,,,,,,,,,
2002-06-20,,,,,,,,2417.0,,,,,,,,,,,,,
2002-06-21,,,,,,,,2417.15,,,,,,,,,,,,,
2002-06-22,,,,,,,,2417.18,,,,,,,,,,,,,
2002-06-23,,,,,,,,2417.3,,,,,,,,,,,,,
2002-06-24,,,,,,,,2417.7,,,,,,,,,,,,,
2002-06-25,,,,,,,,2418.85,,,,,,,,,,,,,
2002-06-26,,,,,,,,2420.95,,,,,,,,,,,,,
2002-06-27,,,,,,,,2422.93,,,,,,,,,,,,,
2002-06-28,,,,,,,,2424.35,,,,,,,,,,,,,
2002-06-29,,,,,,,,2424.84,,,,,,,,,,,,,
2002-06-30,,,,,,,,2424.88,,,,,,,,,,,,,
2002-07-01,,,,,,,,2424.75,,,,,,,,,,,,,
2002-07-02,,,,,,,,2424.12,,,,,,,,,,,,,
2002-07-03,,,,,,,,2423.5,,,,,,,,,,,,,
2002-07-04,,,,,,,,2422.8,,,,,,,,,,,,,
2002-07-05,,,,,,,,2422.06,,,,,,,,,,,,,
2002-07-06,,,,,,,,2421.4,,,,,,,,,,,,,
2002-07-07,,,,,,,,2420.71,,,,,,,,,,,,,
2002-07-08,,,,,,,,2419.15,,,,,,,,,,,,,
2002-07-09,,,,,,,,2419.19,,,,,,,,,,,,,
2002-07-10,,,,,,,,2418.48,,,,,,,,,,,,,
2002-07-11,,,,,,,,2417.65,,,,,,,,,,,,,
2002-07-12,,,,,,,,2417.2,,,,,,,,,,,,,
2002-07-13,,,,,,,,2416.95,,,,,,,,,,,,,
2002-07-14,,,,,,,,2417.3,,,,,,,,,,,,,
2002-07-15,,,,,,,,2418.1,,,,,,,,,,,,,
2002-07-16,,,,,,,,2418.5,,,,,,,,,,,,,
2002-07-17,,,,,,,,2418.16,,,,,,,,,,,,,
2002-07-18,,,,,,,,2419.16,,,,,,,,,,,,,
2002-07-19,,,,,,,,2419.38,,,,,,,,,,,,,
2002-07-20,,,,,,,,2419.48,,,,,,,,,,,,,
2002-07-21,,,,,,,,2419.49,,,,,,,,,,,,,
2002-07-22,,,,,,,,2419.5,,,,,,,,,,,,,
2002-07-23,,,,,,,,2419.3,,,,,,,,,,,,,
2002-07-24,,,,,,,,2418.78,,,,,,,,,,,,,
2002-07-25,,,,,,,,2418.35,,,,,,,,,,,,,
2002-07-26,,,,,,,,2418.3,,,,,,,,,,,,,
2002-07-27,,,,,,,,2418.26,,,,,,,,,,,,,
2002-07-28,,,,,,,,2418.23,,,,,,,,,,,,,
2002-07-29,,,,,,,,2418.2,,,,,,,,,,,,,
2002-07-30,,,,,,,,2418.2,,,,,,,,,,,,,
2002-07-31,,,,,,,,2418.35,,,,,,,,,,,,,
2002-08-01,,,,,,,,2418.7,,,,,,,,,,,,,
2002-08-02,,,,,,,,2419.0,,,,,,,,,,,,,
2002-08-03,,,,,,,,2419.4,,,,,,,,,,,,,
2002-08-04,,,,,,,,2420.25,,,,,,,,,,,,,
2002-08-05,,,,,,,,2420.75,,,,,,,,,,,,,
2002-08-06,,,,,,,,2421.25,,,,,,,,,,,,,
2002-08-07,,,,,,,,2422.02,,,,,,,,,,,,,
2002-08-08,,,,,,,,2423.2,,,,,,,,,,,,,
2002-08-09,,,,,,,,2424.25,,,,,,,,,,,,,
2002-08-10,,,,,,,,2425.8,,,,,,,,,,,,,
2002-08-11,,,,,,,,2428.4,,,,,,,,,,,,,
2002-08-12,,,,,,,,2431.17,,,,,,,,,,,,,
2002-08-13,,,,,,,,2433.1,,,,,,,,,,,,,
2002-08-14,,,,,,,,2434.5,,,,,,,,,,,,,
2002-08-15,,,,,,,,2435.6,,,,,,,,,,,,,
2002-08-16,,,,,,,,2436.42,,,,,,,,,,,,,
2002-08-17,,,,,,,,2437.3,,,,,,,,,,,,,
2002-08-18,,,,,,,,2440.7,,,,,,,,,,,,,
2002-08-19,,,,,,,,2443.5,,,,,,,,,,,,,
2002-08-20,,,,,,,,2445.16,,,,,,,,,,,,,
2002-08-21,,,,,,,,2446.08,,,,,,,,,,,,,
2002-08-22,,,,,,,,2446.76,,,,,,,,,,,,,
2002-08-23,,,,,,,,2447.1,,,,,,,,,,,,,
2002-08-24,,,,,,,,2447.4,,,,,,,,,,,,,
2002-08-25,,,,,,,,2447.75,,,,,,,,,,,,,
2002-08-26,,,,,,,,2447.94,,,,,,,,,,,,,
2002-08-27,,,,,,,,2447.95,,,,,,,,,,,,,
2002-08-28,,,,,,,,2447.82,,,,,,,,,,,,,
2002-08-29,,,,,,,,2447.58,,,,,,,,,,,,,
2002-08-30,,,,,,,,2447.29,,,,,,,,,,,,,
2002-08-31,,,,,,,,2447.03,,,,,,,,,,,,,
2002-09-01,,,,,,,,2446.75,,,,,,,,,,,,,
2002-09-02,,,,,,,,2446.42,,,,,,,,,,,,,
2002-09-03,,,,,,,,2446.07,,,,,,,,,,,,,
2002-09-04,,,,,,,,2445.72,,,,,,,,,,,,,
2002-09-05,,,,,,,,2445.35,,,,,,,,,,,,,
2002-09-06,,,,,,,,2445.0,,,,,,,,,,,,,
2002-09-07,,,,,,,,2444.69,,,,,,,,,,,,,
2002-09-08,,,,,,,,2444.4,,,,,,,,,,,,,
2002-09-09,,,,,,,,2444.19,,,,,,,,,,,,,
2002-09-10,,,,,,,,2444.1,,,,,,,,,,,,,
2002-09-11,,,,,,,,2444.06,,,,,,,,,,,,,
2002-09-12,,,,,,,,2444.15,,,,,,,,,,,,,
2002-09-13,,,,,,,,2444.14,,,,,,,,,,,,,
2002-09-14,,,,,,,,2444.01,,,,,,,,,,,,,
2002-09-15,,,,,,,,2443.75,,,,,,,,,,,,,
2002-09-16,,,,,,,,2443.5,,,,,,,,,,,,,
2002-09-17,,,,,,,,2443.46,,,,,,,,,,,,,
2002-09-18,,,,,,,,2443.46,,,,,,,,,,,,,
2002-09-19,,,,,,,,2443.42,,,,,,,,,,,,,
2002-09-20,,,,,,,,2443.31,,,,,,,,,,,,,
2002-09-21,,,,,,,,2443.18,,,,,,,,,,,,,
2002-09-22,,,,,,,,2442.97,,,,,,,,,,,,,
2002-09-23,,,,,,,,2442.72,,,,,,,,,,,,,
2002-09-24,,,,,,,,2442.46,,,,,,,,,,,,,
2002-09-25,,,,,,,,2442.21,,,,,,,,,,,,,
2002-09-26,,,,,,,,2441.98,,,,,,,,,,,,,
2002-09-27,,,,,,,,2441.7,,,,,,,,,,,,,
2002-09-28,,,,,,,,2441.61,,,,,,,,,,,,,
2002-09-29,,,,,,,,2441.59,,,,,,,,,,,,,
2002-09-30,,,,,,,,2441.46,,,,,,,,,,,,,
2002-10-01,,,,,,,,2441.35,,,,,,,,,,,,,
2002-10-02,,,,,,,,2441.2,,,,,,,,,,,,,
2002-10-03,,,,,,,,2440.98,,,,,,,,,,,,,
2002-10-04,,,,,,,,2440.8,,,,,,,,,,,,,
2002-10-05,,,,,,,,2440.8,,,,,,,,,,,,,
2002-10-06,,,,,,,,2440.6,,,,,,,,,,,,,
2002-10-07,,,,,,,,2440.33,,,,,,,,,,,,,
2002-10-08,,,,,,,,2439.95,,,,,,,,,,,,,
2002-10-09,,,,,,,,2439.6,,,,,,,,,,,,,
2002-10-10,,,,,,,,2439.1,,,,,,,,,,,,,
2002-10-11,,,,,,,,2440.64,,,,,,,,,,,,,
2002-10-12,,,,,,,,2441.4,,,,,,,,,,,,,
2002-10-13,,,,,,,,2442.1,,,,,,,,,,,,,
2002-10-14,,,,,,,,2444.26,,,,,,,,,,,,,
2002-10-15,,,,,,,,2447.75,,,,,,,,,,,,,
2002-10-16,,,,,,,,2450.9,,,,,,,,,,,,,
2002-10-17,,,,,,,,2452.5,,,,,,,,,,,,,
2002-10-18,,,,,,,,2453.22,,,,,,,,,,,,,
2002-10-19,,,,,,,,2453.63,,,,,,,,,,,,,
2002-10-20,,,,,,,,2454.1,,,,,,,,,,,,,
2002-10-21,,,,,,,,2454.5,,,,,,,,,,,,,
2002-10-22,,,,,,,,2454.75,,,,,,,,,,,,,
2002-10-23,,,,,,,,2454.87,,,,,,,,,,,,,
2002-10-24,,,,,,,,2454.91,,,,,,,,,,,,,
2002-10-25,,,,,,,,2454.92,,,,,,,,,,,,,
2002-10-26,,,,,,,,2454.92,,,,,,,,,,,,,
2002-10-27,,,,,,,,2454.88,,,,,,,,,,,,,
2002-10-28,,,,,,,,2454.58,,,,,,,,,,,,,
2002-10-29,,,,,,,,2453.77,,,,,,,,,,,,,
2002-10-30,,,,,,,,2452.32,,,,,,,,,,,,,
2002-10-31,,,,,,,,2451.65,,,,,,,,,,,,,
2002-11-01,,,,,,,,2451.43,,,,,,,,,,,,,
2002-11-02,,,,,,,,2451.29,,,,,,,,,,,,,
2002-11-03,,,,,,,,2451.68,,,,,,,,,,,,,
2002-11-04,,,,,,,,2451.77,,,,,,,,,,,,,
2002-11-05,,,,,,,,2451.53,,,,,,,,,,,,,
2002-11-06,,,,,,,,2450.96,,,,,,,,,,,,,
2002-11-07,,,,,,,,2450.4,,,,,,,,,,,,,
2002-11-08,,,,,,,,2449.95,,,,,,,,,,,,,
2002-11-09,,,,,,,,2449.53,,,,,,,,,,,,,
2002-11-10,,,,,,,,2449.16,,,,,,,,,,,,,
2002-11-11,,,,,,,,2448.83,,,,,,,,,,,,,
2002-11-12,,,,,,,,2448.5,,,,,,,,,,,,,
2002-11-13,,,,,,,,2448.18,,,,,,,,,,,,,
2002-11-14,,,,,,,,2447.81,,,,,,,,,,,,,
2002-11-15,,,,,,,,2447.5,,,,,,,,,,,,,
2002-11-16,,,,,,,,2447.16,,,,,,,,,,,,,
2002-11-17,,,,,,,,2446.77,,,,,,,,,,,,,
2002-11-18,,,,,,,,2446.36,,,,,,,,,,,,,
2002-11-19,,,,,,,,2445.96,,,,,,,,,,,,,
2002-11-20,,,,,,,,2445.58,,,,,,,,,,,,,
2002-11-21,,,,,,,,2445.22,,,,,,,,,,,,,
2002-11-22,,,,,,,,2444.86,,,,,,,,,,,,,
2002-11-23,,,,,,,,2444.48,,,,,,,,,,,,,
2002-11-24,,,,,,,,2444.12,,,,,,,,,,,,,
2002-11-25,,,,,,,,2443.76,,,,,,,,,,,,,
2002-11-26,,,,,,,,2443.41,,,,,,,,,,,,,
2002-11-27,,,,,,,,2443.08,,,,,,,,,,,,,
2002-11-28,,,,,,,,2442.7,,,,,,,,,,,,,
2002-11-29,,,,,,,,2442.27,,,,,,,,,,,,,
2002-11-30,,,,,,,,2441.83,,,,,,,,,,,,,
2002-12-01,,,,,,,,2441.4,,,,,,,,,,,,,
2002-12-02,,,,,,,,2440.95,,,,,,,,,,,,,
2002-12-03,,,,,,,,2440.5,,,,,,,,,,,,,
2002-12-04,,,,,,,,2440.08,,,,,,,,,,,,,
2002-12-05,,,,,,,,2439.7,,,,,,,,,,,,,
2002-12-06,,,,,,,,2439.4,,,,,,,,,,,,,
2002-12-07,,,,,,,,2439.12,,,,,,,,,,,,,
2002-12-08,,,,,,,,2438.82,,,,,,,,,,,,,
2002-12-09,,,,,,,,2438.52,,,,,,,,,,,,,
2002-12-10,,,,,,,,2438.23,,,,,,,,,,,,,
2002-12-11,,,,,,,,2438.0,,,,,,,,,,,,,
2002-12-12,,,,,,,,2437.78,,,,,,,,,,,,,
2002-12-13,,,,,,,,2437.54,,,,,,,,,,,,,
2002-12-14,,,,,,,,2437.52,,,,,,,,,,,,,
2002-12-15,,,,,,,,2437.06,,,,,,,,,,,,,
2002-12-16,,,,,,,,2436.84,,,,,,,,,,,,,
2002-12-17,,,,,,,,2436.62,,,,,,,,,,,,,
2002-12-18,,,,,,,,2436.37,,,,,,,,,,,,,
2002-12-19,,,,,,,,2436.09,,,,,,,,,,,,,
2002-12-20,,,,,,,,2435.78,,,,,,,,,,,,,
2002-12-21,,,,,,,,2435.48,,,,,,,,,,,,,
2002-12-22,,,,,,,,2435.14,,,,,,,,,,,,,
2002-12-23,,,,,,,,2434.98,,,,,,,,,,,,,
2002-12-24,,,,,,,,2434.42,,,,,,,,,,,,,
2002-12-25,,,,,,,,2433.93,,,,,,,,,,,,,
2002-12-26,,,,,,,,2433.6,,,,,,,,,,,,,
2002-12-27,,,,,,,,2433.4,,,,,,,,,,,,,
2002-12-28,,,,,,,,2433.56,,,,,,,,,,,,,
2002-12-29,,,,,,,,2433.72,,,,,,,,,,,,,
2002-12-30,,,,,,,,2433.81,,,,,,,,,,,,,
2002-12-31,,,,,,,,2433.87,,,,,,,,,,,,,
2003-01-01,,,,,,,,2433.89,,,,,,,,,,,,,
2003-01-02,,,,,,,,2433.91,,,,,,,,,,,,,
2003-01-03,,,,,,,,2433.93,,,,,,,,,,,,,
2003-01-04,,,,,,,,2433.95,,,,,,,,,,,,,
2003-01-05,,,,,,,,2433.77,,,,,,,,,,,,,
2003-01-06,,,,,,,,2433.25,,,,,,,,,,,,,
2003-01-07,,,,,,,,2432.74,,,,,,,,,,,,,
2003-01-08,,,,,,,,2432.2,,,,,,,,,,,,,
2003-01-09,,,,,,,,2431.66,,,,,,,,,,,,,
2003-01-10,,,,,,,,2431.12,,,,,,,,,,,,,
2003-01-11,,,,,,,,2430.65,,,,,,,,,,,,,
2003-01-12,,,,,,,,2430.18,,,,,,,,,,,,,
2003-01-13,,,,,,,,2429.68,,,,,,,,,,,,,
2003-01-14,,,,,,,,2429.19,,,,,,,,,,,,,
2003-01-15,,,,,,,,2428.72,,,,,,,,,,,,,
2003-01-16,,,,,,,,2428.17,,,,,,,,,,,,,
2003-01-17,,,,,,,,2427.57,,,,,,,,,,,,,
2003-01-18,,,,,,,,2426.98,,,,,,,,,,,,,
2003-01-19,,,,,,,,2426.39,,,,,,,,,,,,,
2003-01-20,,,,,,,,2425.8,,,,,,,,,,,,,
2003-01-21,,,,,,,,2425.14,,,,,,,,,,,,,
2003-01-22,,,,,,,,2424.41,,,,,,,,,,,,,
2003-01-23,,,,,,,,2423.89,,,,,,,,,,,,,
2003-01-24,,,,,,,,2423.73,,,,,,,,,,,,,
2003-01-25,,,,,,,,2423.67,,,,,,,,,,,,,
2003-01-26,,,,,,,,2423.39,,,,,,,,,,,,,
2003-01-27,,,,,,,,2422.77,,,,,,,,,,,,,
2003-01-28,,,,,,,,2422.12,,,,,,,,,,,,,
2003-01-29,,,,,,,,2421.45,,,,,,,,,,,,,
2003-01-30,,,,,,,,2420.83,,,,,,,,,,,,,
2003-01-31,,,,,,,,2420.64,,,,,,,,,,,,,
2003-02-01,,,,,,,,2420.65,,,,,,,,,,,,,
2003-02-02,,,,,,,,2420.66,,,,,,,,,,,,,
2003-02-03,,,,,,,,2420.66,,,,,,,,,,,,,
2003-02-04,,,,,,,,2420.66,,,,,,,,,,,,,
2003-02-05,,,,,,,,2420.66,,,,,,,,,,,,,
2003-02-06,,,,,,,,2420.67,,,,,,,,,,,,,
2003-02-07,,,,,,,,2420.67,,,,,,,,,,,,,
2003-02-08,,,,,,,,2420.67,,,,,,,,,,,,,
2003-02-09,,,,,,,,2420.67,,,,,,,,,,,,,
2003-02-10,,,,,,,,2420.66,,,,,,,,,,,,,
2003-02-11,,,,,,,,2420.65,,,,,,,,,,,,,
2003-02-12,,,,,,,,2420.26,,,,,,,,,,,,,
2003-02-13,,,,,,,,2419.47,,,,,,,,,,,,,
2003-02-14,,,,,,,,2418.67,,,,,,,,,,,,,
2003-02-15,,,,,,,,2418.21,,,,,,,,,,,,,
2003-02-16,,,,,,,,2417.83,,,,,,,,,,,,,
2003-02-17,,,,,,,,2417.45,,,,,,,,,,,,,
2003-02-18,,,,,,,,2417.06,,,,,,,,,,,,,
2003-02-19,,,,,,,,2416.6,,,,,,,,,,,,,
2003-02-20,,,,,,,,2416.09,,,,,,,,,,,,,
2003-02-21,,,,,,,,2416.95,,,,,,,,,,,,,
2003-02-22,,,,,,,,2417.15,,,,,,,,,,,,,
2003-02-23,,,,,,,,2416.84,,,,,,,,,,,,,
2003-02-24,,,,,,,,2416.42,,,,,,,,,,,,,
2003-02-25,,,,,,,,2415.99,,,,,,,,,,,,,
2003-02-26,,,,,,,,2415.49,,,,,,,,,,,,,
2003-02-27,,,,,,,,2415.02,,,,,,,,,,,,,
2003-02-28,,,,,,,,2414.58,,,,,,,,,,,,,
2003-03-01,,,,,,,,2414.13,,,,,,,,,,,,,
2003-03-02,,,,,,,,2413.7,,,,,,,,,,,,,
2003-03-03,,,,,,,,2413.28,,,,,,,,,,,,,
2003-03-04,,,,,,,,2412.85,,,,,,,,,,,,,
2003-03-05,,,,,,,,2412.44,,,,,,,,,,,,,
2003-03-06,,,,,,,,2412.05,,,,,,,,,,,,,
2003-03-07,,,,,,,,2411.78,,,,,,,,,,,,,
2003-03-08,,,,,,,,2411.68,,,,,,,,,,,,,
2003-03-09,,,,,,,,2411.54,,,,,,,,,,,,,
2003-03-10,,,,,,,,2413.39,,,,,,,,,,,,,
2003-03-11,,,,,,,,2411.24,,,,,,,,,,,,,
2003-03-12,,,,,,,,2411.09,,,,,,,,,,,,,
2003-03-13,,,,,,,,2410.93,,,,,,,,,,,,,
2003-03-14,,,,,,,,2410.76,,,,,,,,,,,,,
2003-03-15,,,,,,,,2410.59,,,,,,,,,,,,,
2003-03-16,,,,,,,,2410.42,,,,,,,,,,,,,
2003-03-17,,,,,,,,2410.34,,,,,,,,,,,,,
2003-03-18,,,,,,,,2410.29,,,,,,,,,,,,,
2003-03-19,,,,,,,,2410.3,,,,,,,,,,,,,
2003-03-20,,,,,,,,2410.3,,,,,,,,,,,,,
2003-03-21,,,,,,,,2410.34,,,,,,,,,,,,,
2003-03-22,,,,,,,,2410.38,,,,,,,,,,,,,
2003-03-23,,,,,,,,2410.37,,,,,,,,,,,,,
2003-03-24,,,,,,,,2410.36,,,,,,,,,,,,,
2003-03-25,,,,,,,,2410.33,,,,,,,,,,,,,
2003-03-26,,,,,,,,2410.31,,,,,,,,,,,,,
2003-03-27,,,,,,,,2410.28,,,,,,,,,,,,,
2003-03-28,,,,,,,,2410.26,,,,,,,,,,,,,
2003-03-29,,,,,,,,2410.23,,,,,,,,,,,,,
2003-03-30,,,,,,,,2410.2,,,,,,,,,,,,,
2003-03-31,,,,,,,,2410.18,,,,,,,,,,,,,
2003-04-01,,,,,,,,2410.15,,,,,,,,,,,,,
2003-04-02,,,,,,,,2410.09,,,,,,,,,,,,,
2003-04-03,,,,,,,,2410.03,,,,,,,,,,,,,
2003-04-04,,,,,,,,2410.02,,,,,,,,,,,,,
2003-04-05,,,,,,,,2410.0,,,,,,,,,,,,,
2003-04-06,,,,,,,,2409.98,,,,,,,,,,,,,
2003-04-07,,,,,,,,2409.97,,,,,,,,,,,,,
2003-04-08,,,,,,,,2409.95,,,,,,,,,,,,,
2003-04-09,,,,,,,,2409.92,,,,,,,,,,,,,
2003-04-10,,,,,,,,2409.9,,,,,,,,,,,,,
2003-04-11,,,,,,,,2409.88,,,,,,,,,,,,,
2003-04-12,,,,,,,,2409.86,,,,,,,,,,,,,
2003-04-13,,,,,,,,2409.84,,,,,,,,,,,,,
2003-04-14,,,,,,,,2409.85,,,,,,,,,,,,,
2003-04-15,,,,,,,,2409.84,,,,,,,,,,,,,
2003-04-16,,,,,,,,2409.83,,,,,,,,,,,,,
2003-04-17,,,,,,,,2409.81,,,,,,,,,,,,,
2003-04-18,,,,,,,,2409.79,,,,,,,,,,,,,
2003-04-19,,,,,,,,2409.77,,,,,,,,,,,,,
2003-04-20,,,,,,,,2409.74,,,,,,,,,,,,,
2003-04-21,,,,,,,,2409.71,,,,,,,,,,,,,
2003-04-22,,,,,,,,2409.68,,,,,,,,,,,,,
2003-04-23,,,,,,,,2409.65,,,,,,,,,,,,,
2003-04-24,,,,,,,,2409.62,,,,,,,,,,,,,
2003-04-25,,,,,,,,2409.59,,,,,,,,,,,,,
2003-04-26,,,,,,,,2409.56,,,,,,,,,,,,,
2003-04-27,,,,,,,,2409.53,,,,,,,,,,,,,
2003-04-28,,,,,,,,2409.5,,,,,,,,,,,,,
2003-04-29,,,,,,,,2409.47,,,,,,,,,,,,,
2003-04-30,,,,,,,,2409.42,,,,,,,,,,,,,
2003-05-01,,,,,,,,2409.35,,,,,,,,,,,,,
2003-05-02,,,,,,,,2409.27,,,,,,,,,,,,,
2003-05-03,,,,,,,,2409.18,,,,,,,,,,,,,
2003-05-04,,,,,,,,2409.09,,,,,,,,,,,,,
2003-05-05,,,,,,,,2409.0,,,,,,,,,,,,,
2003-05-06,,,,,,,,2408.91,,,,,,,,,,,,,
2003-05-07,,,,,,,,2408.82,,,,,,,,,,,,,
2003-05-08,,,,,,,,2408.74,,,,,,,,,,,,,
2003-05-09,,,,,,,,2408.67,,,,,,,,,,,,,
2003-05-10,,,,,,,,2408.6,,,,,,,,,,,,,
2003-05-11,,,,,,,,2408.54,,,,,,,,,,,,,
2003-05-12,,,,,,,,2409.9,,,,,,,,,,,,,
2003-05-13,,,,,,,,2410.5,,,,,,,,,,,,,
2003-05-14,,,,,,,,2410.51,,,,,,,,,,,,,
2003-05-15,,,,,,,,2410.36,,,,,,,,,,,,,
2003-05-16,,,,,,,,2410.21,,,,,,,,,,,,,
2003-05-17,,,,,,,,2410.07,,,,,,,,,,,,,
2003-05-18,,,,,,,,2409.87,,,,,,,,,,,,,
2003-05-19,,,,,,,,2409.67,,,,,,,,,,,,,
2003-05-20,,,,,,,,2409.97,,,,,,,,,,,,,
2003-05-21,,,,,,,,2410.02,,,,,,,,,,,,,
2003-05-22,,,,,,,,2410.02,,,,,,,,,,,,,
2003-05-23,,,,,,,,2409.84,,,,,,,,,,,,,
2003-05-24,,,,,,,,2409.68,,,,,,,,,,,,,
2003-05-25,,,,,,,,2409.57,,,,,,,,,,,,,
2003-05-26,,,,,,,,2409.46,,,,,,,,,,,,,
2003-05-27,,,,,,,,2409.37,,,,,,,,,,,,,
2003-05-28,,,,,,,,2409.29,,,,,,,,,,,,,
2003-05-29,,,,,,,,2409.21,,,,,,,,,,,,,
2003-05-30,,,,,,,,2409.13,,,,,,,,,,,,,
2003-05-31,,,,,,,,2409.06,,,,,,,,,,,,,
2003-06-01,,,,,,,,2408.99,,,,,,,,,,,,,
2003-06-02,,,,,,,,2408.94,,,,,,,,,,,,,
2003-06-03,,,,,,,,2408.9,,,,,,,,,,,,,
2003-06-04,,,,,,,,2408.86,,,,,,,,,,,,,
2003-06-05,,,,,,,,2408.78,,,,,,,,,,,,,
2003-06-06,,,,,,,,2408.72,,,,,,,,,,,,,
2003-06-07,,,,,,,,2408.66,,,,,,,,,,,,,
2003-06-08,,,,,,,,2408.62,,,,,,,,,,,,,
2003-06-09,,,,,,,,2408.54,,,,,,,,,,,,,
2003-06-10,,,,,,,,2408.48,,,,,,,,,,,,,
2003-06-11,,,,,,,,2408.42,,,,,,,,,,,,,
2003-06-12,,,,,,,,2408.36,,,,,,,,,,,,,
2003-06-13,,,,,,,,2408.3,,,,,,,,,,,,,
2003-06-14,,,,,,,,2408.24,,,,,,,,,,,,,
2003-06-15,,,,,,,,2408.18,,,,,,,,,,,,,
2003-06-16,,,,,,,,2408.12,,,,,,,,,,,,,
2003-06-17,,,,,,,,2408.06,,,,,,,,,,,,,
2003-06-18,,,,,,,,2408.0,,,,,,,,,,,,,
2003-06-19,,,,,,,,2407.94,,,,,,,,,,,,,
2003-06-20,,,,,,,,2407.88,,,,,,,,,,,,,
2003-06-21,,,,,,,,2407.85,,,,,,,,,,,,,
2003-06-22,,,,,,,,2407.85,,,,,,,,,,,,,
2003-06-23,,,,,,,,2408.71,,,,,,,,,,,,,
2003-06-24,,,,,,,,2411.58,,,,,,,,,,,,,
2003-06-25,,,,,,,,2413.7,,,,,,,,,,,,,
2003-06-26,,,,,,,,2415.72,,,,,,,,,,,,,
2003-06-27,,,,,,,,2416.74,,,,,,,,,,,,,
2003-06-28,,,,,,,,2417.28,,,,,,,,,,,,,
2003-06-29,,,,,,,,2417.66,,,,,,,,,,,,,
2003-06-30,,,,,,,,2418.14,,,,,,,,,,,,,
2003-07-01,,,,,,,,2418.57,,,,,,,,,,,,,
2003-07-02,,,,,,,,2418.98,,,,,,,,,,,,,
2003-07-03,,,,,,,,2419.26,,,,,,,,,,,,,
2003-07-04,,,,,,,,2419.59,,,,,,,,,,,,,
2003-07-05,,,,,,,,2419.85,,,,,,,,,,,,,
2003-07-06,,,,,,,,2420.14,,,,,,,,,,,,,
2003-07-07,,,,,,,,2421.15,,,,,,,,,,,,,
2003-07-08,,,,,,,,2422.65,,,,,,,,,,,,,
2003-07-09,,,,,,,,2423.8,,,,,,,,,,,,,
2003-07-10,,,,,,,,2424.46,,,,,,,,,,,,,
2003-07-11,,,,,,,,2424.9,,,,,,,,,,,,,
2003-07-12,,,,,,,,2425.22,,,,,,,,,,,,,
2003-07-13,,,,,,,,2425.55,,,,,,,,,,,,,
2003-07-14,,,,,,,,2425.62,,,,,,,,,,,,,
2003-07-15,,,,,,,,2425.23,,,,,,,,,,,,,
2003-07-16,,,,,,,,2424.93,,,,,,,,,,,,,
2003-07-17,,,,,,,,2425.4,,,,,,,,,,,,,
2003-07-18,,,,,,,,2427.7,,,,,,,,,,,,,
2003-07-19,,,,,,,,2429.07,,,,,,,,,,,,,
2003-07-20,,,,,,,,2429.47,,,,,,,,,,,,,
2003-07-21,,,,,,,,2429.5,,,,,,,,,,,,,
2003-07-22,,,,,,,,2429.4,,,,,,,,,,,,,
2003-07-23,,,,,,,,2429.0,,,,,,,,,,,,,
2003-07-24,,,,,,,,2428.57,,,,,,,,,,,,,
2003-07-25,,,,,,,,2428.27,,,,,,,,,,,,,
2003-07-26,,,,,,,,2428.1,,,,,,,,,,,,,
2003-07-27,,,,,,,,2428.0,,,,,,,,,,,,,
2003-07-28,,,,,,,,2427.95,,,,,,,,,,,,,
2003-07-29,,,,,,,,2427.92,,,,,,,,,,,,,
2003-07-30,,,,,,,,2428.16,,,,,,,,,,,,,
2003-07-31,,,,,,,,2428.82,,,,,,,,,,,,,
2003-08-01,,,,,,,,2428.88,,,,,,,,,,,,,
2003-08-02,,,,,,,,2428.7,,,,,,,,,,,,,
2003-08-03,,,,,,,,2428.83,,,,,,,,,,,,,
2003-08-04,,,,,,,,2428.22,,,,,,,,,,,,,
2003-08-05,,,,,,,,2428.08,,,,,,,,,,,,,
2003-08-06,,,,,,,,2427.92,,,,,,,,,,,,,
2003-08-07,,,,,,,,2428.18,,,,,,,,,,,,,
2003-08-08,,,,,,,,2428.48,,,,,,,,,,,,,
2003-08-09,,,,,,,,2428.79,,,,,,,,,,,,,
2003-08-10,,,,,,,,2429.9,,,,,,,,,,,,,
2003-08-11,,,,,,,,2430.59,,,,,,,,,,,,,
2003-08-12,,,,,,,,2430.77,,,,,,,,,,,,,
2003-08-13,,,,,,,,2430.62,,,,,,,,,,,,,
2003-08-14,,,,,,,,2430.16,,,,,,,,,,,,,
2003-08-15,,,,,,,,2429.7,,,,,,,,,,,,,
2003-08-16,,,,,,,,2429.75,,,,,,,,,,,,,
2003-08-17,,,,,,,,2429.8,,,,,,,,,,,,,
2003-08-18,,,,,,,,2429.57,,,,,,,,,,,,,
2003-08-19,,,,,,,,2429.37,,,,,,,,,,,,,
2003-08-20,,,,,,,,2429.17,,,,,,,,,,,,,
2003-08-21,,,,,,,,2428.92,,,,,,,,,,,,,
2003-08-22,,,,,,,,2428.88,,,,,,,,,,,,,
2003-08-23,,,,,,,,2430.08,,,,,,,,,,,,,
2003-08-24,,,,,,,,2432.77,,,,,,,,,,,,,
2003-08-25,,,,,,,,2434.6,,,,,,,,,,,,,
2003-08-26,,,,,,,,2436.05,,,,,,,,,,,,,
2003-08-27,,,,,,,,2436.92,,,,,,,,,,,,,
2003-08-28,,,,,,,,2437.4,,,,,,,,,,,,,
2003-08-29,,,,,,,,2437.85,,,,,,,,,,,,,
2003-08-30,,,,,,,,2438.06,,,,,,,,,,,,,
2003-08-31,,,,,,,,2438.12,,,,,,,,,,,,,
2003-09-01,,,,,,,,2438.12,,,,,,,,,,,,,
2003-09-02,,,,,,,,2438.08,,,,,,,,,,,,,
2003-09-03,,,,,,,,2437.96,,,,,,,,,,,,,
2003-09-04,,,,,,,,2437.85,,,,,,,,,,,,,
2003-09-05,,,,,,,,2437.79,,,,,,,,,,,,,
2003-09-06,,,,,,,,2437.73,,,,,,,,,,,,,
2003-09-07,,,,,,,,2437.6,,,,,,,,,,,,,
2003-09-08,,,,,,,,2437.33,,,,,,,,,,,,,
2003-09-09,,,,,,,,2437.17,,,,,,,,,,,,,
2003-09-10,,,,,,,,2436.97,,,,,,,,,,,,,
2003-09-11,,,,,,,,2436.79,,,,,,,,,,,,,
2003-09-12,,,,,,,,2436.61,,,,,,,,,,,,,
2003-09-13,,,,,,,,2436.3,,,,,,,,,,,,,
2003-09-14,,,,,,,,2435.93,,,,,,,,,,,,,
2003-09-15,,,,,,,,2435.55,,,,,,,,,,,,,
2003-09-16,,,,,,,,2435.15,,,,,,,,,,,,,
2003-09-17,,,,,,,,2434.75,,,,,,,,,,,,,
2003-09-18,,,,,,,,2434.33,,,,,,,,,,,,,
2003-09-19,,,,,,,,2433.87,,,,,,,,,,,,,
2003-09-20,,,,,,,,2433.39,,,,,,,,,,,,,
2003-09-21,,,,,,,,2432.9,,,,,,,,,,,,,
2003-09-22,,,,,,,,2432.35,,,,,,,,,,,,,
2003-09-23,,,,,,,,2431.81,,,,,,,,,,,,,
2003-09-24,,,,,,,,2431.3,,,,,,,,,,,,,
2003-09-25,,,,,,,,2430.8,,,,,,,,,,,,,
2003-09-26,,,,,,,,2430.28,,,,,,,,,,,,,
2003-09-27,,,,,,,,2429.82,,,,,,,,,,,,,
2003-09-28,,,,,,,,2429.37,,,,,,,,,,,,,
2003-09-29,,,,,,,,2428.88,,,,,,,,,,,,,
2003-09-30,,,,,,,,2428.43,,,,,,,,,,,,,
2003-10-01,,,,,,,,2428.08,,,,,,,,,,,,,
2003-10-02,,,,,,,,2428.63,,,,,,,,,,,,,
2003-10-03,,,,,,,,2429.73,,,,,,,,,,,,,
2003-10-04,,,,,,,,2430.86,,,,,,,,,,,,,
2003-10-05,,,,,,,,2431.85,,,,,,,,,,,,,
2003-10-06,,,,,,,,2433.1,,,,,,,,,,,,,
2003-10-07,,,,,,,,2434.29,,,,,,,,,,,,,
2003-10-08,,,,,,,,2434.97,,,,,,,,,,,,,
2003-10-09,,,,,,,,2435.58,,,,,,,,,,,,,
2003-10-10,,,,,,,,2435.97,,,,,,,,,,,,,
2003-10-11,,,,,,,,2436.23,,,,,,,,,,,,,
2003-10-12,,,,,,,,2436.45,,,,,,,,,,,,,
2003-10-13,,,,,,,,2436.87,,,,,,,,,,,,,
2003-10-14,,,,,,,,2437.4,,,,,,,,,,,,,
2003-10-15,,,,,,,,2437.75,,,,,,,,,,,,,
2003-10-16,,,,,,,,2438.03,,,,,,,,,,,,,
2003-10-17,,,,,,,,2438.38,,,,,,,,,,,,,
2003-10-18,,,,,,,,2438.4,,,,,,,,,,,,,
2003-10-19,,,,,,,,2438.22,,,,,,,,,,,,,
2003-10-20,,,,,,,,2438.86,,,,,,,,,,,,,
2003-10-21,,,,,,,,2439.72,,,,,,,,,,,,,
2003-10-22,,,,,,,,2440.62,,,,,,,,,,,,,
2003-10-23,,,,,,,,2441.58,,,,,,,,,,,,,
2003-10-24,,,,,,,,2442.35,,,,,,,,,,,,,
2003-10-25,,,,,,,,2442.82,,,,,,,,,,,,,
2003-10-26,,,,,,,,2443.05,,,,,,,,,,,,,
2003-10-27,,,,,,,,2443.16,,,,,,,,,,,,,
2003-10-28,,,,,,,,2443.0,,,,,,,,,,,,,
2003-10-29,,,,,,,,2442.58,,,,,,,,,,,,,
2003-10-30,,,,,,,,2442.06,,,,,,,,,,,,,
2003-10-31,,,,,,,,2441.55,,,,,,,,,,,,,
2003-11-01,,,,,,,,2441.03,,,,,,,,,,,,,
2003-11-02,,,,,,,,2440.5,,,,,,,,,,,,,
2003-11-03,,,,,,,,2439.94,,,,,,,,,,,,,
2003-11-04,,,,,,,,2439.39,,,,,,,,,,,,,
2003-11-05,,,,,,,,2438.91,,,,,,,,,,,,,
2003-11-06,,,,,,,,2438.44,,,,,,,,,,,,,
2003-11-07,,,,,,,,2438.0,,,,,,,,,,,,,
2003-11-08,,,,,,,,2437.53,,,,,,,,,,,,,
2003-11-09,,,,,,,,2437.32,,,,,,,,,,,,,
2003-11-10,,,,,,,,2437.22,,,,,,,,,,,,,
2003-11-11,,,,,,,,2437.08,,,,,,,,,,,,,
2003-11-12,,,,,,,,2436.77,,,,,,,,,,,,,
2003-11-13,,,,,,,,2436.37,,,,,,,,,,,,,
2003-11-14,,,,,,,,2435.95,,,,,,,,,,,,,
2003-11-15,,,,,,,,2435.53,,,,,,,,,,,,,
2003-11-16,,,,,,,,2435.1,,,,,,,,,,,,,
2003-11-17,,,,,,,,2434.65,,,,,,,,,,,,,
2003-11-18,,,,,,,,2434.16,,,,,,,,,,,,,
2003-11-19,,,,,,,,2433.73,,,,,,,,,,,,,
2003-11-20,,,,,,,,2433.28,,,,,,,,,,,,,
2003-11-21,,,,,,,,2432.81,,,,,,,,,,,,,
2003-11-22,,,,,,,,2432.33,,,,,,,,,,,,,
2003-11-23,,,,,,,,2431.85,,,,,,,,,,,,,
2003-11-24,,,,,,,,2431.37,,,,,,,,,,,,,
2003-11-25,,,,,,,,2430.91,,,,,,,,,,,,,
2003-11-26,,,,,,,,2430.45,,,,,,,,,,,,,
2003-11-27,,,,,,,,2429.98,,,,,,,,,,,,,
2003-11-28,,,,,,,,2429.46,,,,,,,,,,,,,
2003-11-29,,,,,,,,2428.95,,,,,,,,,,,,,
2003-11-30,,,,,,,,2428.43,,,,,,,,,,,,,
2003-12-01,,,,,,,,2427.94,,,,,,,,,,,,,
2003-12-02,,,,,,,,2437.52,,,,,,,,,,,,,
2003-12-03,,,,,,,,2427.13,,,,,,,,,,,,,
2003-12-04,,,,,,,,2426.78,,,,,,,,,,,,,
2003-12-05,,,,,,,,2426.41,,,,,,,,,,,,,
2003-12-06,,,,,,,,2426.05,,,,,,,,,,,,,
2003-12-07,,,,,,,,2425.71,,,,,,,,,,,,,
2003-12-08,,,,,,,,2425.36,,,,,,,,,,,,,
2003-12-09,,,,,,,,2425.03,,,,,,,,,,,,,
2003-12-10,,,,,,,,2424.76,,,,,,,,,,,,,
2003-12-11,,,,,,,,2424.49,,,,,,,,,,,,,
2003-12-12,,,,,,,,2424.28,,,,,,,,,,,,,
2003-12-13,,,,,,,,2424.25,,,,,,,,,,,,,
2003-12-14,,,,,,,,2424.06,,,,,,,,,,,,,
2003-12-15,,,,,,,,2423.79,,,,,,,,,,,,,
2003-12-16,,,,,,,,2423.56,,,,,,,,,,,,,
2003-12-17,,,,,,,,2423.25,,,,,,,,,,,,,
2003-12-18,,,,,,,,2422.95,,,,,,,,,,,,,
2003-12-19,,,,,,,,2422.66,,,,,,,,,,,,,
2003-12-20,,,,,,,,2422.38,,,,,,,,,,,,,
2003-12-21,,,,,,,,2422.13,,,,,,,,,,,,,
2003-12-22,,,,,,,,2422.05,,,,,,,,,,,,,
2003-12-23,,,,,,,,2422.14,,,,,,,,,,,,,
2003-12-24,,,,,,,,2422.17,,,,,,,,,,,,,
2003-12-25,,,,,,,,2422.21,,,,,,,,,,,,,
2003-12-26,,,,,,,,2422.23,,,,,,,,,,,,,
2003-12-27,,,,,,,,2422.26,,,,,,,,,,,,,
2003-12-28,,,,,,,,2422.34,,,,,,,,,,,,,
2003-12-29,,,,,,,,2422.4,,,,,,,,,,,,,
2003-12-30,,,,,,,,2422.43,,,,,,,,,,,,,
2003-12-31,,,,,,,,2422.48,,,,,,,,,,,,,
2004-01-01,,,,,,,,2422.53,,,,,,,,,,,,,
2004-01-02,,,,,,,,2422.51,,,,,,,,,,,,,
2004-01-03,,,,,,,,2422.54,,,,,,,,,,,,,
2004-01-04,,,,,,,,2422.58,,,,,,,,,,,,,
2004-01-05,,,,,,,,2422.59,,,,,,,,,,,,,
2004-01-06,,,,,,,,2422.61,,,,,,,,,,,,,
2004-01-07,,,,,,,,2422.64,,,,,,,,,,,,,
2004-01-08,,,,,,,,2422.66,,,,,,,,,,,,,
2004-01-09,,,,,,,,2422.67,,,,,,,,,,,,,
2004-01-10,,,,,,,,2422.67,,,,,,,,,,,,,
2004-01-11,,,,,,,,2422.66,,,,,,,,,,,,,
2004-01-12,,,,,,,,2422.66,,,,,,,,,,,,,
2004-01-13,,,,,,,,2422.74,,,,,,,,,,,,,
2004-01-14,,,,,,,,2422.75,,,,,,,,,,,,,
2004-01-15,,,,,,,,2422.35,,,,,,,,,,,,,
2004-01-16,,,,,,,,2421.4,,,,,,,,,,,,,
2004-01-17,,,,,,,,2420.72,,,,,,,,,,,,,
2004-01-18,,,,,,,,2420.73,,,,,,,,,,,,,
2004-01-19,,,,,,,,2420.74,,,,,,,,,,,,,
2004-01-20,,,,,,,,2420.75,,,,,,,,,,,,,
2004-01-21,,,,,,,,2420.75,,,,,,,,,,,,,
2004-01-22,,,,,,,,2420.75,,,,,,,,,,,,,
2004-01-23,,,,,,,,2420.75,,,,,,,,,,,,,
2004-01-24,,,,,,,,2420.74,,,,,,,,,,,,,
2004-01-25,,,,,,,,2420.74,,,,,,,,,,,,,
2004-01-26,,,,,,,,2420.73,,,,,,,,,,,,,
2004-01-27,,,,,,,,2420.73,,,,,,,,,,,,,
2004-01-28,,,,,,,,2420.72,,,,,,,,,,,,,
2004-01-29,,,,,,,,2420.71,,,,,,,,,,,,,
2004-01-30,,,,,,,,2420.71,,,,,,,,,,,,,
2004-01-31,,,,,,,,2420.7,,,,,,,,,,,,,
2004-02-01,,,,,,,,2420.7,,,,,,,,,,,,,
2004-02-02,,,,,,,,2420.69,,,,,,,,,,,,,
2004-02-03,,,,,,,,2420.68,,,,,,,,,,,,,
2004-02-04,,,,,,,,2420.67,,,,,,,,,,,,,
2004-02-05,,,,,,,,2420.66,,,,,,,,,,,,,
2004-02-06,,,,,,,,2420.65,,,,,,,,,,,,,
2004-02-07,,,,,,,,2420.64,,,,,,,,,,,,,
2004-02-08,,,,,,,,2420.63,,,,,,,,,,,,,
2004-02-09,,,,,,,,2420.61,,,,,,,,,,,,,
2004-02-10,,,,,,,,2420.59,,,,,,,,,,,,,
2004-02-11,,,,,,,,2420.57,,,,,,,,,,,,,
2004-02-12,,,,,,,,2420.55,,,,,,,,,,,,,
2004-02-13,,,,,,,,2420.53,,,,,,,,,,,,,
2004-02-14,,,,,,,,2420.5,,,,,,,,,,,,,
2004-02-15,,,,,,,,2420.47,,,,,,,,,,,,,
2004-02-16,,,,,,,,2420.44,,,,,,,,,,,,,
2004-02-17,,,,,,,,2420.39,,,,,,,,,,,,,
2004-02-18,,,,,,,,2420.29,,,,,,,,,,,,,
2004-02-19,,,,,,,,2420.22,,,,,,,,,,,,,
2004-02-20,,,,,,,,2420.18,,,,,,,,,,,,,
2004-02-21,,,,,,,,2420.14,,,,,,,,,,,,,
2004-02-22,,,,,,,,2420.1,,,,,,,,,,,,,
2004-02-23,,,,,,,,2420.06,,,,,,,,,,,,,
2004-02-24,,,,,,,,2420.02,,,,,,,,,,,,,
2004-02-25,,,,,,,,2419.98,,,,,,,,,,,,,
2004-02-26,,,,,,,,2419.94,,,,,,,,,,,,,
2004-02-27,,,,,,,,2419.9,,,,,,,,,,,,,
2004-02-28,,,,,,,,2419.86,,,,,,,,,,,,,
2004-02-29,,,,,,,,2419.82,,,,,,,,,,,,,
2004-03-01,,,,,,,,2419.78,,,,,,,,,,,,,
2004-03-02,,,,,,,,2419.74,,,,,,,,,,,,,
2004-03-03,,,,,,,,2419.7,,,,,,,,,,,,,
2004-03-04,,,,,,,,2419.66,,,,,,,,,,,,,
2004-03-05,,,,,,,,2419.62,,,,,,,,,,,,,
2004-03-06,,,,,,,,2419.52,,,,,,,,,,,,,
2004-03-07,,,,,,,,2419.46,,,,,,,,,,,,,
2004-03-08,,,,,,,,2419.41,,,,,,,,,,,,,
2004-03-09,,,,,,,,2419.34,,,,,,,,,,,,,
2004-03-10,,,,,,,,2419.24,,,,,,,,,,,,,
2004-03-11,,,,,,,,2419.14,,,,,,,,,,,,,
2004-03-12,,,,,,,,2419.09,,,,,,,,,,,,,
2004-03-13,,,,,,,,2419.04,,,,,,,,,,,,,
2004-03-14,,,,,,,,2418.99,,,,,,,,,,,,,
2004-03-15,,,,,,,,2418.94,,,,,,,,,,,,,
2004-03-16,,,,,,,,2418.89,,,,,,,,,,,,,
2004-03-17,,,,,,,,2418.84,,,,,,,,,,,,,
2004-03-18,,,,,,,,2418.79,,,,,,,,,,,,,
2004-03-19,,,,,,,,2418.74,,,,,,,,,,,,,
2004-03-20,,,,,,,,2418.43,,,,,,,,,,,,,
2004-03-21,,,,,,,,2417.68,,,,,,,,,,,,,
2004-03-22,,,,,,,,2416.92,,,,,,,,,,,,,
2004-03-23,,,,,,,,2416.52,,,,,,,,,,,,,
2004-03-24,,,,,,,,2415.65,,,,,,,,,,,,,
2004-03-25,,,,,,,,2415.58,,,,,,,,,,,,,
2004-03-26,,,,,,,,2415.53,,,,,,,,,,,,,
2004-03-27,,,,,,,,2415.48,,,,,,,,,,,,,
2004-03-28,,,,,,,,2415.43,,,,,,,,,,,,,
2004-03-29,,,,,,,,2415.38,,,,,,,,,,,,,
2004-03-30,,,,,,,,2415.33,,,,,,,,,,,,,
2004-03-31,,,,,,,,2415.3,,,,,,,,,,,,,
2004-04-01,,,,,,,,2415.4,,,,,,,,,,,,,
2004-04-02,,,,,,,,2415.37,,,,,,,,,,,,,
2004-04-03,,,,,,,,2415.35,,,,,,,,,,,,,
2004-04-04,,,,,,,,2415.35,,,,,,,,,,,,,
2004-04-05,,,,,,,,2415.33,,,,,,,,,,,,,
2004-04-06,,,,,,,,2415.5,,,,,,,,,,,,,
2004-04-07,,,,,,,,2415.53,,,,,,,,,,,,,
2004-04-08,,,,,,,,2415.55,,,,,,,,,,,,,
2004-04-09,,,,,,,,2415.53,,,,,,,,,,,,,
2004-04-10,,,,,,,,2415.5,,,,,,,,,,,,,
2004-04-11,,,,,,,,2415.47,,,,,,,,,,,,,
2004-04-12,,,,,,,,2415.44,,,,,,,,,,,,,
2004-04-13,,,,,,,,2415.41,,,,,,,,,,,,,
2004-04-14,,,,,,,,2415.37,,,,,,,,,,,,,
2004-04-15,,,,,,,,2415.33,,,,,,,,,,,,,
2004-04-16,,,,,,,,2415.29,,,,,,,,,,,,,
2004-04-17,,,,,,,,2415.24,,,,,,,,,,,,,
2004-04-18,,,,,,,,2415.19,,,,,,,,,,,,,
2004-04-19,,,,,,,,2415.13,,,,,,,,,,,,,
2004-04-20,,,,,,,,2415.06,,,,,,,,,,,,,
2004-04-21,,,,,,,,2414.99,,,,,,,,,,,,,
2004-04-22,,,,,,,,2414.96,,,,,,,,,,,,,
2004-04-23,,,,,,,,2414.9,,,,,,,,,,,,,
2004-04-24,,,,,,,,2414.89,,,,,,,,,,,,,
2004-04-25,,,,,,,,2414.83,,,,,,,,,,,,,
2004-04-26,,,,,,,,2414.77,,,,,,,,,,,,,
2004-04-27,,,,,,,,2414.74,,,,,,,,,,,,,
2004-04-28,,,,,,,,2414.71,,,,,,,,,,,,,
2004-04-29,,,,,,,,2414.67,,,,,,,,,,,,,
2004-04-30,,,,,,,,2414.61,,,,,,,,,,,,,
2004-05-01,,,,,,,,2414.58,,,,,,,,,,,,,
2004-05-02,,,,,,,,2414.53,,,,,,,,,,,,,
2004-05-03,,,,,,,,2414.47,,,,,,,,,,,,,
2004-05-04,,,,,,,,2414.47,,,,,,,,,,,,,
2004-05-05,,,,,,,,2414.48,,,,,,,,,,,,,
2004-05-06,,,,,,,,2414.5,,,,,,,,,,,,,
2004-05-07,,,,,,,,2414.58,,,,,,,,,,,,,
2004-05-08,,,,,,,,2414.64,,,,,,,,,,,,,
2004-05-09,,,,,,,,2414.68,,,,,,,,,,,,,
2004-05-10,,,,,,,,2414.78,,,,,,,,,,,,,
2004-05-11,,,,,,,,2415.25,,,,,,,,,,,,,
2004-05-12,,,,,,,,2415.68,,,,,,,,,,,,,
2004-05-13,,,,,,,,2415.96,,,,,,,,,,,,,
2004-05-14,,,,,,,,2416.16,,,,,,,,,,,,,
2004-05-15,,,,,,,,2416.31,,,,,,,,,,,,,
2004-05-16,,,,,,,,2416.5,,,,,,,,,,,,,
2004-05-17,,,,,,,,2416.72,,,,,,,,,,,,,
2004-05-18,,,,,,,,2416.85,,,,,,,,,,,,,
2004-05-19,,,,,,,,2416.96,,,,,,,,,,,,,
2004-05-20,,,,,,,,2417.04,,,,,,,,,,,,,
2004-05-21,,,,,,,,2417.24,,,,,,,,,,,,,
2004-05-22,,,,,,,,2417.95,,,,,,,,,,,,,
2004-05-23,,,,,,,,2418.5,,,,,,,,,,,,,
2004-05-24,,,,,,,,2418.83,,,,,,,,,,,,,
2004-05-25,,,,,,,,2419.06,,,,,,,,,,,,,
2004-05-26,,,,,,,,2419.35,,,,,,,,,,,,,
2004-05-27,,,,,,,,2419.7,,,,,,,,,,,,,
2004-05-28,,,,,,,,2420.12,,,,,,,,,,,,,
2004-05-29,,,,,,,,2420.55,,,,,,,,,,,,,
2004-05-30,,,,,,,,2421.0,,,,,,,,,,,,,
2004-05-31,,,,,,,,2421.57,,,,,,,,,,,,,
2004-06-01,,,,,,,,2422.15,,,,,,,,,,,,,
2004-06-02,,,,,,,,2422.8,,,,,,,,,,,,,
2004-06-03,,,,,,,,2423.24,,,,,,,,,,,,,
2004-06-04,,,,,,,,2423.75,,,,,,,,,,,,,
2004-06-05,,,,,,,,2424.22,,,,,,,,,,,,,
2004-06-06,,,,,,,,2424.6,,,,,,,,,,,,,
2004-06-07,,,,,,,,2424.9,,,,,,,,,,,,,
2004-06-08,,,,,,,,2425.17,,,,,,,,,,,,,
2004-06-09,,,,,,,,2425.39,,,,,,,,,,,,,
2004-06-10,,,,,,,,2425.66,,,,,,,,,,,,,
2004-06-11,,,,,,,,2426.1,,,,,,,,,,,,,
2004-06-12,,,,,,,,2427.8,,,,,,,,,,,,,
2004-06-13,,,,,,,,2429.17,,,,,,,,,,,,,
2004-06-14,,,,,,,,2430.9,,,,,,,,,,,,,
2004-06-15,,,,,,,,2433.25,,,,,,,,,,,,,
2004-06-16,,,,,,,,2435.85,,,,,,,,,,,,,
2004-06-17,,,,,,,,2438.72,,,,,,,,,,,,,
2004-06-18,,,,,,,,2441.28,,,,,,,,,,,,,
2004-06-19,,,,,,,,2443.3,,,,,,,,,,,,,
2004-06-20,,,,,,,,2444.88,,,,,,,,,,,,,
2004-06-21,,,,,,,,2446.1,,,,,,,,,,,,,
2004-06-22,,,,,,,,2446.85,,,,,,,,,,,,,
2004-06-23,,,,,,,,2447.27,,,,,,,,,,,,,
2004-06-24,,,,,,,,2447.56,,,,,,,,,,,,,
2004-06-25,,,,,,,,2447.74,,,,,,,,,,,,,
2004-06-26,,,,,,,,2447.87,,,,,,,,,,,,,
2004-06-27,,,,,,,,2447.95,,,,,,,,,,,,,
2004-06-28,,,,,,,,2447.99,,,,,,,,,,,,,
2004-06-29,,,,,,,,2447.91,,,,,,,,,,,,,
2004-06-30,,,,,,,,2447.82,,,,,,,,,,,,,
2004-07-01,,,,,,,,2447.71,,,,,,,,,,,,,
2004-07-02,,,,,,,,2447.58,,,,,,,,,,,,,
2004-07-03,,,,,,,,2447.45,,,,,,,,,,,,,
2004-07-04,,,,,,,,2447.3,,,,,,,,,,,,,
2004-07-05,,,,,,,,2447.13,,,,,,,,,,,,,
2004-07-06,,,,,,,,2447.93,,,,,,,,,,,,,
2004-07-07,,,,,,,,2448.35,,,,,,,,,,,,,
2004-07-08,,,,,,,,2448.43,,,,,,,,,,,,,
2004-07-09,,,,,,,,2448.34,,,,,,,,,,,,,
2004-07-10,,,,,,,,2448.26,,,,,,,,,,,,,
2004-07-11,,,,,,,,2448.21,,,,,,,,,,,,,
2004-07-12,,,,,,,,2448.1,,,,,,,,,,,,,
2004-07-13,,,,,,,,2447.98,,,,,,,,,,,,,
2004-07-14,,,,,,,,2447.83,,,,,,,,,,,,,
2004-07-15,,,,,,,,2447.65,,,,,,,,,,,,,
2004-07-16,,,,,,,,2449.56,,,,,,,,,,,,,
2004-07-17,,,,,,,,2447.53,,,,,,,,,,,,,
2004-07-18,,,,,,,,2447.58,,,,,,,,,,,,,
2004-07-19,,,,,,,,2447.63,,,,,,,,,,,,,
2004-07-20,,,,,,,,2447.55,,,,,,,,,,,,,
2004-07-21,,,,,,,,2447.3,,,,,,,,,,,,,
2004-07-22,,,,,,,,2447.0,,,,,,,,,,,,,
2004-07-23,,,,,,,,2446.64,,,,,,,,,,,,,
2004-07-24,,,,,,,,2446.3,,,,,,,,,,,,,
2004-07-25,,,,,,,,2445.98,,,,,,,,,,,,,
2004-07-26,,,,,,,,2446.13,,,,,,,,,,,,,
2004-07-27,,,,,,,,2446.91,,,,,,,,,,,,,
2004-07-28,,,,,,,,2447.71,,,,,,,,,,,,,
2004-07-29,,,,,,,,2448.43,,,,,,,,,,,,,
2004-07-30,,,,,,,,2448.71,,,,,,,,,,,,,
2004-07-31,,,,,,,,2448.88,,,,,,,,,,,,,
2004-08-01,,,,,,,,2449.13,,,,,,,,,,,,,
2004-08-02,,,,,,,,2449.35,,,,,,,,,,,,,
2004-08-03,,,,,,,,2449.43,,,,,,,,,,,,,
2004-08-04,,,,,,,,2450.32,,,,,,,,,,,,,
2004-08-05,,,,,,,,2454.2,,,,,,,,,,,,,
2004-08-06,,,,,,,,2457.87,,,,,,,,,,,,,
2004-08-07,,,,,,,,2460.63,,,,,,,,,,,,,
2004-08-08,,,,,,,,2462.63,,,,,,,,,,,,,
2004-08-09,,,,,,,,2463.9,,,,,,,,,,,,,
2004-08-10,,,,,,,,2464.74,,,,,,,,,,,,,
2004-08-11,,,,,,,,2465.05,,,,,,,,,,,,,
2004-08-12,,,,,,,,2465.2,,,,,,,,,,,,,
2004-08-13,,,,,,,,2465.26,,,,,,,,,,,,,
2004-08-14,,,,,,,,2465.54,,,,,,,,,,,,,
2004-08-15,,,,,,,,2466.17,,,,,,,,,,,,,
2004-08-16,,,,,,,,2466.51,,,,,,,,,,,,,
2004-08-17,,,,,,,,2467.09,,,,,,,,,,,,,
2004-08-18,,,,,,,,2467.53,,,,,,,,,,,,,
2004-08-19,,,,,,,,2467.85,,,,,,,,,,,,,
2004-08-20,,,,,,,,2468.11,,,,,,,,,,,,,
2004-08-21,,,,,,,,2468.49,,,,,,,,,,,,,
2004-08-22,,,,,,,,2468.38,,,,,,,,,,,,,
2004-08-23,,,,,,,,2468.18,,,,,,,,,,,,,
2004-08-24,,,,,,,,2467.93,,,,,,,,,,,,,
2004-08-25,,,,,,,,2467.75,,,,,,,,,,,,,
2004-08-26,,,,,,,,2467.53,,,,,,,,,,,,,
2004-08-27,,,,,,,,2467.26,,,,,,,,,,,,,
2004-08-28,,,,,,,,2467.07,,,,,,,,,,,,,
2004-08-29,,,,,,,,2466.96,,,,,,,,,,,,,
2004-08-30,,,,,,,,2466.86,,,,,,,,,,,,,
2004-08-31,,,,,,,,2466.66,,,,,,,,,,,,,
2004-09-01,,,,,,,,2466.45,,,,,,,,,,,,,
2004-09-02,,,,,,,,2466.24,,,,,,,,,,,,,
2004-09-03,,,,,,,,2465.95,,,,,,,,,,,,,
2004-09-04,,,,,,,,2465.7,,,,,,,,,,,,,
2004-09-05,,,,,,,,2465.5,,,,,,,,,,,,,
2004-09-06,,,,,,,,2465.31,,,,,,,,,,,,,
2004-09-07,,,,,,,,2465.21,,,,,,,,,,,,,
2004-09-08,,,,,,,,2465.06,,,,,,,,,,,,,
2004-09-09,,,,,,,,2464.91,,,,,,,,,,,,,
2004-09-10,,,,,,,,2464.72,,,,,,,,,,,,,
2004-09-11,,,,,,,,2464.53,,,,,,,,,,,,,
2004-09-12,,,,,,,,2464.37,,,,,,,,,,,,,
2004-09-13,,,,,,,,2464.2,,,,,,,,,,,,,
2004-09-14,,,,,,,,2464.1,,,,,,,,,,,,,
2004-09-15,,,,,,,,2464.08,,,,,,,,,,,,,
2004-09-16,,,,,,,,2464.16,,,,,,,,,,,,,
2004-09-17,,,,,,,,2464.21,,,,,,,,,,,,,
2004-09-18,,,,,,,,2464.23,,,,,,,,,,,,,
2004-09-19,,,,,,,,2464.25,,,,,,,,,,,,,
2004-09-20,,,,,,,,2464.2,,,,,,,,,,,,,
2004-09-21,,,,,,,,2464.05,,,,,,,,,,,,,
2004-09-22,,,,,,,,2463.85,,,,,,,,,,,,,
2004-09-23,,,,,,,,2463.6,,,,,,,,,,,,,
2004-09-24,,,,,,,,2463.37,,,,,,,,,,,,,
2004-09-25,,,,,,,,2463.33,,,,,,,,,,,,,
2004-09-26,,,,,,,,2463.37,,,,,,,,,,,,,
2004-09-27,,,,,,,,2463.26,,,,,,,,,,,,,
2004-09-28,,,,,,,,2463.24,,,,,,,,,,,,,
2004-09-29,,,,,,,,2463.14,,,,,,,,,,,,,
2004-09-30,,,,,,,,2462.98,,,,,,,,,,,,,
2004-10-01,,,,,,,,2462.82,,,,,,,,,,,,,
2004-10-02,,,,,,,,2462.78,,,,,,,,,,,,,
2004-10-03,,,,,,,,2463.06,,,,,,,,,,,,,
2004-10-04,,,,,,,,2463.24,,,,,,,,,,,,,
2004-10-05,,,,,,,,2463.11,,,,,,,,,,,,,
2004-10-06,,,,,,,,2462.92,,,,,,,,,,,,,
2004-10-07,,,,,,,,2462.72,,,,,,,,,,,,,
2004-10-08,,,,,,,,2462.49,,,,,,,,,,,,,
2004-10-09,,,,,,,,2462.24,,,,,,,,,,,,,
2004-10-10,,,,,,,,2461.95,,,,,,,,,,,,,
2004-10-11,,,,,,,,2461.69,,,,,,,,,,,,,
2004-10-12,,,,,,,,2461.48,,,,,,,,,,,,,
2004-10-13,,,,,,,,2461.46,,,,,,,,,,,,,
2004-10-14,,,,,,,,2461.45,,,,,,,,,,,,,
2004-10-15,,,,,,,,2461.7,,,,,,,,,,,,,
2004-10-16,,,,,,,,2462.5,,,,,,,,,,,,,
2004-10-17,,,,,,,,2462.9,,,,,,,,,,,,,
2004-10-18,,,,,,,,2463.1,,,,,,,,,,,,,
2004-10-19,,,,,,,,2463.95,,,,,,,,,,,,,
2004-10-20,,,,,,,,2464.36,,,,,,,,,,,,,
2004-10-21,,,,,,,,2464.52,,,,,,,,,,,,,
2004-10-22,,,,,,,,2464.45,,,,,,,,,,,,,
2004-10-23,,,,,,,,2464.23,,,,,,,,,,,,,
2004-10-24,,,,,,,,2464.0,,,,,,,,,,,,,
2004-10-25,,,,,,,,2463.72,,,,,,,,,,,,,
2004-10-26,,,,,,,,2463.43,,,,,,,,,,,,,
2004-10-27,,,,,,,,2463.14,,,,,,,,,,,,,
2004-10-28,,,,,,,,2462.85,,,,,,,,,,,,,
2004-10-29,,,,,,,,2462.66,,,,,,,,,,,,,
2004-10-30,,,,,,,,2462.69,,,,,,,,,,,,,
2004-10-31,,,,,,,,2462.73,,,,,,,,,,,,,
2004-11-01,,,,,,,,2462.8,,,,,,,,,,,,,
2004-11-02,,,,,,,,2462.77,,,,,,,,,,,,,
2004-11-03,,,,,,,,2462.7,,,,,,,,,,,,,
2004-11-04,,,,,,,,2462.6,,,,,,,,,,,,,
2004-11-05,,,,,,,,2462.41,,,,,,,,,,,,,
2004-11-06,,,,,,,,2462.2,,,,,,,,,,,,,
2004-11-07,,,,,,,,2462.07,,,,,,,,,,,,,
2004-11-08,,,,,,,,2462.0,,,,,,,,,,,,,
2004-11-09,,,,,,,,2462.0,,,,,,,,,,,,,
2004-11-10,,,,,,,,2462.0,,,,,,,,,,,,,
2004-11-11,,,,,,,,2461.9,,,,,,,,,,,,,
2004-11-12,,,,,,,,2461.73,,,,,,,,,,,,,
2004-11-13,,,,,,,,2461.57,,,,,,,,,,,,,
2004-11-14,,,,,,,,2461.4,,,,,,,,,,,,,
2004-11-15,,,,,,,,2461.22,,,,,,,,,,,,,
2004-11-16,,,,,,,,2461.0,,,,,,,,,,,,,
2004-11-17,,,,,,,,2460.77,,,,,,,,,,,,,
2004-11-18,,,,,,,,2460.52,,,,,,,,,,,,,
2004-11-19,,,,,,,,2460.26,,,,,,,,,,,,,
2004-11-20,,,,,,,,2460.0,,,,,,,,,,,,,
2004-11-21,,,,,,,,2459.78,,,,,,,,,,,,,
2004-11-22,,,,,,,,2459.54,,,,,,,,,,,,,
2004-11-23,,,,,,,,2459.4,,,,,,,,,,,,,
2004-11-24,,,,,,,,2459.25,,,,,,,,,,,,,
2004-11-25,,,,,,,,2459.08,,,,,,,,,,,,,
2004-11-26,,,,,,,,2458.9,,,,,,,,,,,,,
2004-11-27,,,,,,,,2458.67,,,,,,,,,,,,,
2004-11-28,,,,,,,,2458.5,,,,,,,,,,,,,
2004-11-29,,,,,,,,2458.33,,,,,,,,,,,,,
2004-11-30,,,,,,,,2458.16,,,,,,,,,,,,,
2004-12-01,,,,,,,,2458.02,,,,,,,,,,,,,
2004-12-02,,,,,,,,2457.91,,,,,,,,,,,,,
2004-12-03,,,,,,,,2457.8,,,,,,,,,,,,,
2004-12-04,,,,,,,,2457.7,,,,,,,,,,,,,
2004-12-05,,,,,,,,2457.65,,,,,,,,,,,,,
2004-12-06,,,,,,,,2457.65,,,,,,,,,,,,,
2004-12-07,,,,,,,,2457.65,,,,,,,,,,,,,
2004-12-08,,,,,,,,2457.64,,,,,,,,,,,,,
2004-12-09,,,,,,,,2457.61,,,,,,,,,,,,,
2004-12-10,,,,,,,,2457.51,,,,,,,,,,,,,
2004-12-11,,,,,,,,2457.41,,,,,,,,,,,,,
2004-12-12,,,,,,,,2457.26,,,,,,,,,,,,,
2004-12-13,,,,,,,,2457.11,,,,,,,,,,,,,
2004-12-14,,,,,,,,2456.98,,,,,,,,,,,,,
2004-12-15,,,,,,,,2456.82,,,,,,,,,,,,,
2004-12-16,,,,,,,,2456.64,,,,,,,,,,,,,
2004-12-17,,,,,,,,2456.45,,,,,,,,,,,,,
2004-12-18,,,,,,,,2456.25,,,,,,,,,,,,,
2004-12-19,,,,,,,,2456.07,,,,,,,,,,,,,
2004-12-20,,,,,,,,2455.99,,,,,,,,,,,,,
2004-12-21,,,,,,,,2455.95,,,,,,,,,,,,,
2004-12-22,,,,,,,,2455.91,,,,,,,,,,,,,
2004-12-23,,,,,,,,2455.89,,,,,,,,,,,,,
2004-12-24,,,,,,,,2455.86,,,,,,,,,,,,,
2004-12-25,,,,,,,,2455.83,,,,,,,,,,,,,
2004-12-26,,,,,,,,2455.8,,,,,,,,,,,,,
2004-12-27,,,,,,,,2455.77,,,,,,,,,,,,,
2004-12-28,,,,,,,,2455.74,,,,,,,,,,,,,
2004-12-29,,,,,,,,2455.7,,,,,,,,,,,,,
2004-12-30,,,,,,,,2455.66,,,,,,,,,,,,,
2004-12-31,,,,,,,,2455.62,,,,,,,,,,,,,
2005-01-01,,,,,,,,2455.58,,,,,,,,,,,,,
2005-01-02,,,,,,,,2455.54,,,,,,,,,,,,,
2005-01-03,,,,,,,,2455.5,,,,,,,,,,,,,
2005-01-04,,,,,,,,2455.42,,,,,,,,,,,,,
2005-01-05,,,,,,,,2455.16,,,,,,,,,,,,,
2005-01-06,,,,,,,,2454.89,,,,,,,,,,,,,
2005-01-07,,,,,,,,2454.62,,,,,,,,,,,,,
2005-01-08,,,,,,,,2454.34,,,,,,,,,,,,,
2005-01-09,,,,,,,,2454.02,,,,,,,,,,,,,
2005-01-10,,,,,,,,2453.7,,,,,,,,,,,,,
2005-01-11,,,,,,,,2453.38,,,,,,,,,,,,,
2005-01-12,,,,,,,,2453.06,,,,,,,,,,,,,
2005-01-13,,,,,,,,2452.74,,,,,,,,,,,,,
2005-01-14,,,,,,,,2452.39,,,,,,,,,,,,,
2005-01-15,,,,,,,,2452.05,,,,,,,,,,,,,
2005-01-16,,,,,,,,2451.72,,,,,,,,,,,,,
2005-01-17,,,,,,,,2451.39,,,,,,,,,,,,,
2005-01-18,,,,,,,,2451.06,,,,,,,,,,,,,
2005-01-19,,,,,,,,2450.72,,,,,,,,,,,,,
2005-01-20,,,,,,,,2450.45,,,,,,,,,,,,,
2005-01-21,,,,,,,,2450.36,,,,,,,,,,,,,
2005-01-22,,,,,,,,2450.29,,,,,,,,,,,,,
2005-01-23,,,,,,,,2450.22,,,,,,,,,,,,,
2005-01-24,,,,,,,,2450.15,,,,,,,,,,,,,
2005-01-25,,,,,,,,2450.08,,,,,,,,,,,,,
2005-01-26,,,,,,,,2450.0,,,,,,,,,,,,,
2005-01-27,,,,,,,,2449.92,,,,,,,,,,,,,
2005-01-28,,,,,,,,2449.84,,,,,,,,,,,,,
2005-01-29,,,,,,,,2449.66,,,,,,,,,,,,,
2005-01-30,,,,,,,,2449.33,,,,,,,,,,,,,
2005-01-31,,,,,,,,2448.99,,,,,,,,,,,,,
2005-02-01,,,,,,,,2448.68,,,,,,,,,,,,,
2005-02-02,,,,,,,,2448.39,,,,,,,,,,,,,
2005-02-03,,,,,,,,2448.04,,,,,,,,,,,,,
2005-02-04,,,,,,,,2447.68,,,,,,,,,,,,,
2005-02-05,,,,,,,,2447.31,,,,,,,,,,,,,
2005-02-06,,,,,,,,2446.96,,,,,,,,,,,,,
2005-02-07,,,,,,,,2446.6,,,,,,,,,,,,,
2005-02-08,,,,,,,,2446.24,,,,,,,,,,,,,
2005-02-09,,,,,,,,2445.86,,,,,,,,,,,,,
2005-02-10,,,,,,,,2445.48,,,,,,,,,,,,,
2005-02-11,,,,,,,,2445.12,,,,,,,,,,,,,
2005-02-12,,,,,,,,2444.74,,,,,,,,,,,,,
2005-02-13,,,,,,,,2444.35,,,,,,,,,,,,,
2005-02-14,,,,,,,,2444.14,,,,,,,,,,,,,
2005-02-15,,,,,,,,2444.01,,,,,,,,,,,,,
2005-02-16,,,,,,,,2443.88,,,,,,,,,,,,,
2005-02-17,,,,,,,,2443.73,,,,,,,,,,,,,
2005-02-18,,,,,,,,2443.58,,,,,,,,,,,,,
2005-02-19,,,,,,,,2443.44,,,,,,,,,,,,,
2005-02-20,,,,,,,,2443.3,,,,,,,,,,,,,
2005-02-21,,,,,,,,2443.16,,,,,,,,,,,,,
2005-02-22,,,,,,,,2443.02,,,,,,,,,,,,,
2005-02-23,,,,,,,,2442.57,,,,,,,,,,,,,
2005-02-24,,,,,,,,2442.1,,,,,,,,,,,,,
2005-02-25,,,,,,,,2441.6,,,,,,,,,,,,,
2005-02-26,,,,,,,,2441.09,,,,,,,,,,,,,
2005-02-27,,,,,,,,2440.57,,,,,,,,,,,,,
2005-02-28,,,,,,,,2440.04,,,,,,,,,,,,,
2005-03-01,,,,,,,,2439.5,,,,,,,,,,,,,
2005-03-02,,,,,,,,2438.96,,,,,,,,,,,,,
2005-03-03,,,,,,,,2438.41,,,,,,,,,,,,,
2005-03-04,,,,,,,,2437.85,,,,,,,,,,,,,
2005-03-05,,,,,,,,2437.3,,,,,,,,,,,,,
2005-03-06,,,,,,,,2436.74,,,,,,,,,,,,,
2005-03-07,,,,,,,,2436.2,,,,,,,,,,,,,
2005-03-08,,,,,,,,2435.65,,,,,,,,,,,,,
2005-03-09,,,,,,,,2435.09,,,,,,,,,,,,,
2005-03-10,,,,,,,,2434.52,,,,,,,,,,,,,
2005-03-11,,,,,,,,2434.1,,,,,,,,,,,,,
2005-03-12,,,,,,,,2433.94,,,,,,,,,,,,,
2005-03-13,,,,,,,,2433.78,,,,,,,,,,,,,
2005-03-14,,,,,,,,2433.62,,,,,,,,,,,,,
2005-03-15,,,,,,,,2433.46,,,,,,,,,,,,,
2005-03-16,,,,,,,,2433.3,,,,,,,,,,,,,
2005-03-17,,,,,,,,2433.13,,,,,,,,,,,,,
2005-03-18,,,,,,,,2432.94,,,,,,,,,,,,,
2005-03-19,,,,,,,,2432.75,,,,,,,,,,,,,
2005-03-20,,,,,,,,2432.12,,,,,,,,,,,,,
2005-03-21,,,,,,,,2431.47,,,,,,,,,,,,,
2005-03-22,,,,,,,,2430.82,,,,,,,,,,,,,
2005-03-23,,,,,,,,2430.16,,,,,,,,,,,,,
2005-03-24,,,,,,,,2429.48,,,,,,,,,,,,,
2005-03-25,,,,,,,,2428.79,,,,,,,,,,,,,
2005-03-26,,,,,,,,2428.15,,,,,,,,,,,,,
2005-03-27,,,,,,,,2427.5,,,,,,,,,,,,,
2005-03-28,,,,,,,,2426.76,,,,,,,,,,,,,
2005-03-29,,,,,,,,2426.03,,,,,,,,,,,,,
2005-03-30,,,,,,,,2425.3,,,,,,,,,,,,,
2005-03-31,,,,,,,,2424.55,,,,,,,,,,,,,
2005-04-01,,,,,,,,2423.78,,,,,,,,,,,,,
2005-04-02,,,,,,,,2422.98,,,,,,,,,,,,,
2005-04-03,,,,,,,,2422.15,,,,,,,,,,,,,
2005-04-04,,,,,,,,2421.48,,,,,,,,,,,,,
2005-04-05,,,,,,,,2421.03,,,,,,,,,,,,,
2005-04-06,,,,,,,,2420.8,,,,,,,,,,,,,
2005-04-07,,,,,,,,2420.55,,,,,,,,,,,,,
2005-04-08,,,,,,,,2420.33,,,,,,,,,,,,,
2005-04-09,,,,,,,,2420.16,,,,,,,,,,,,,
2005-04-10,,,,,,,,2420.0,,,,,,,,,,,,,
2005-04-11,,,,,,,,2419.86,,,,,,,,,,,,,
2005-04-12,,,,,,,,2419.74,,,,,,,,,,,,,
2005-04-13,,,,,,,,2419.63,,,,,,,,,,,,,
2005-04-14,,,,,,,,2419.52,,,,,,,,,,,,,
2005-04-15,,,,,,,,2419.43,,,,,,,,,,,,,
2005-04-16,,,,,,,,2419.28,,,,,,,,,,,,,
2005-04-17,,,,,,,,2418.93,,,,,,,,,,,,,
2005-04-18,,,,,,,,2418.51,,,,,,,,,,,,,
2005-04-19,,,,,,,,2417.94,,,,,,,,,,,,,
2005-04-20,,,,,,,,2417.36,,,,,,,,,,,,,
2005-04-21,,,,,,,,2416.76,,,,,,,,,,,,,
2005-04-22,,,,,,,,2416.16,,,,,,,,,,,,,
2005-04-23,,,,,,,,2415.56,,,,,,,,,,,,,
2005-04-24,,,,,,,,2415.5,,,,,,,,,,,,,
2005-04-25,,,,,,,,2415.95,,,,,,,,,,,,,
2005-04-26,,,,,,,,2417.0,,,,,,,,,,,,,
2005-04-27,,,,,,,,2416.97,,,,,,,,,,,,,
2005-04-28,,,,,,,,2417.05,,,,,,,,,,,,,
2005-04-29,,,,,,,,2417.08,,,,,,,,,,,,,
2005-04-30,,,,,,,,2417.0,,,,,,,,,,,,,
2005-05-01,,,,,,,,2416.87,,,,,,,,,,,,,
2005-05-02,,,,,,,,2416.7,,,,,,,,,,,,,
2005-05-03,,,,,,,,2416.49,,,,,,,,,,,,,
2005-05-04,,,,,,,,2416.32,,,,,,,,,,,,,
2005-05-05,,,,,,,,2416.21,,,,,,,,,,,,,
2005-05-06,,,,,,,,2416.1,,,,,,,,,,,,,
2005-05-07,,,,,,,,2415.94,,,,,,,,,,,,,
2005-05-08,,,,,,,,2415.58,,,,,,,,,,,,,
2005-05-09,,,,,,,,2415.01,,,,,,,,,,,,,
2005-05-10,,,,,,,,2414.5,,,,,,,,,,,,,
2005-05-11,,,,,,,,2415.3,,,,,,,,,,,,,
2005-05-12,,,,,,,,2415.28,,,,,,,,,,,,,
2005-05-13,,,,,,,,2423.02,,,,,,,,,,,,,
2005-05-14,,,,,,,,2414.6,,,,,,,,,,,,,
2005-05-15,,,,,,,,2414.37,,,,,,,,,,,,,
2005-05-16,,,,,,,,2414.27,,,,,,,,,,,,,
2005-05-17,,,,,,,,2414.24,,,,,,,,,,,,,
2005-05-18,,,,,,,,2414.21,,,,,,,,,,,,,
2005-05-19,,,,,,,,2414.19,,,,,,,,,,,,,
2005-05-20,,,,,,,,2414.17,,,,,,,,,,,,,
2005-05-21,,,,,,,,2414.15,,,,,,,,,,,,,
2005-05-22,,,,,,,,2414.12,,,,,,,,,,,,,
2005-05-23,,,,,,,,2414.11,,,,,,,,,,,,,
2005-05-24,,,,,,,,2414.15,,,,,,,,,,,,,
2005-05-25,,,,,,,,2414.17,,,,,,,,,,,,,
2005-05-26,,,,,,,,2414.27,,,,,,,,,,,,,
2005-05-27,,,,,,,,2414.36,,,,,,,,,,,,,
2005-05-28,,,,,,,,2414.5,,,,,,,,,,,,,
2005-05-29,,,,,,,,2414.57,,,,,,,,,,,,,
2005-05-30,,,,,,,,2414.6,,,,,,,,,,,,,
2005-05-31,,,,,,,,2414.61,,,,,,,,,,,,,
2005-06-01,,,,,,,,2414.63,,,,,,,,,,,,,
2005-06-02,,,,,,,,2414.64,,,,,,,,,,,,,
2005-06-03,,,,,,,,2414.7,,,,,,,,,,,,,
2005-06-04,,,,,,,,2414.74,,,,,,,,,,,,,
2005-06-05,,,,,,,,2414.8,,,,,,,,,,,,,
2005-06-06,,,,,,,,2414.85,,,,,,,,,,,,,
2005-06-07,,,,,,,,2414.89,,,,,,,,,,,,,
2005-06-08,,,,,,,,2414.92,,,,,,,,,,,,,
2005-06-09,,,,,,,,2414.94,,,,,,,,,,,,,
2005-06-10,,,,,,,,2414.96,,,,,,,,,,,,,
2005-06-11,,,,,,,,2415.0,,,,,,,,,,,,,
2005-06-12,,,,,,,,2415.03,,,,,,,,,,,,,
2005-06-13,,,,,,,,2415.06,,,,,,,,,,,,,
2005-06-14,,,,,,,,2415.12,,,,,,,,,,,,,
2005-06-15,,,,,,,,2415.14,,,,,,,,,,,,,
2005-06-16,,,,,,,,2415.16,,,,,,,,,,,,,
2005-06-17,,,,,,,,2415.16,,,,,,,,,,,,,
2005-06-18,,,,,,,,2415.15,,,,,,,,,,,,,
2005-06-19,,,,,,,,2415.14,,,,,,,,,,,,,
2005-06-20,,,,,,,,2415.12,,,,,,,,,,,,,
2005-06-21,,,,,,,,2415.13,,,,,,,,,,,,,
2005-06-22,,,,,,,,2415.8,,,,,,,,,,,,,
2005-06-23,,,,,,,,2418.55,,,,,,,,,,,,,
2005-06-24,,,,,,,,2421.2,,,,,,,,,,,,,
2005-06-25,,,,,,,,2422.65,,,,,,,,,,,,,
2005-06-26,,,,,,,,2423.7,,,,,,,,,,,,,
2005-06-27,,,,,,,,2424.6,,,,,,,,,,,,,
2005-06-28,,,,,,,,2425.42,,,,,,,,,,,,,
2005-06-29,,,,,,,,2426.5,,,,,,,,,,,,,
2005-06-30,,,,,,,,2427.7,,,,,,,,,,,,,
2005-07-01,,,,,,,,2428.57,,,,,,,,,,,,,
2005-07-02,,,,,,,,2430.17,,,,,,,,,,,,,
2005-07-03,,,,,,,,2433.1,,,,,,,,,,,,,
2005-07-04,,,,,,,,2435.45,,,,,,,,,,,,,
2005-07-05,,,,,,,,2437.25,,,,,,,,,,,,,
2005-07-06,,,,,,,,2438.4,,,,,,,,,,,,,
2005-07-07,,,,,,,,2439.77,,,,,,,,,,,,,
2005-07-08,,,,,,,,2440.93,,,,,,,,,,,,,
2005-07-09,,,,,,,,2441.58,,,,,,,,,,,,,
2005-07-10,,,,,,,,2441.9,,,,,,,,,,,,,
2005-07-11,,,,,,,,2442.08,,,,,,,,,,,,,
2005-07-12,,,,,,,,2442.22,,,,,,,,,,,,,
2005-07-13,,,,,,,,2442.2,,,,,,,,,,,,,
2005-07-14,,,,,,,,2442.2,,,,,,,,,,,,,
2005-07-15,,,,,,,,2442.27,,,,,,,,,,,,,
2005-07-16,,,,,,,,2442.32,,,,,,,,,,,,,
2005-07-17,,,,,,,,2442.4,,,,,,,,,,,,,
2005-07-18,,,,,,,,2442.46,,,,,,,,,,,,,
2005-07-19,,,,,,,,2442.68,,,,,,,,,,,,,
2005-07-20,,,,,,,,2442.98,,,,,,,,,,,,,
2005-07-21,,,,,,,,2443.24,,,,,,,,,,,,,
2005-07-22,,,,,,,,2443.55,,,,,,,,,,,,,
2005-07-23,,,,,,,,2443.8,,,,,,,,,,,,,
2005-07-24,,,,,,,,2444.14,,,,,,,,,,,,,
2005-07-25,,,,,,,,2446.23,,,,,,,,,,,,,
2005-07-26,,,,,,,,2449.56,,,,,,,,,,,,,
2005-07-27,,,,,,,,2453.06,,,,,,,,,,,,,
2005-07-28,,,,,,,,2456.44,,,,,,,,,,,,,
2005-07-29,,,,,,,,2459.25,,,,,,,,,,,,,
2005-07-30,,,,,,,,2461.9,,,,,,,,,,,,,
2005-07-31,,,,,,,,2463.83,,,,,,,,,,,,,
2005-08-01,,,,,,,,2465.45,,,,,,,,,,,,,
2005-08-02,,,,,,,,2466.0,,,,,,,,,,,,,
2005-08-03,,,,,,,,2465.54,,,,,,,,,,,,,
2005-08-04,,,,,,,,2465.94,,,,,,,,,,,,,
2005-08-05,,,,,,,,2466.52,,,,,,,,,,,,,
2005-08-06,,,,,,,,2467.15,,,,,,,,,,,,,
2005-08-07,,,,,,,,2467.84,,,,,,,,,,,,,
2005-08-08,,,,,,,,2468.55,,,,,,,,,,,,,
2005-08-09,,,,,,,,2468.58,,,,,,,,,,,,,
2005-08-10,,,,,,,,2468.64,,,,,,,,,,,,,
2005-08-11,,,,,,,,2468.8,,,,,,,,,,,,,
2005-08-12,,,,,,,,2468.7,,,,,,,,,,,,,
2005-08-13,,,,,,,,2468.8,,,,,,,,,,,,,
2005-08-14,,,,,,,,2468.8,,,,,,,,,,,,,
2005-08-15,,,,,,,,2468.73,,,,,,,,,,,,,
2005-08-16,,,,,,,,2468.8,,,,,,,,,,,,,
2005-08-17,,,,,,,,2468.47,,,,,,,,,,,,,
2005-08-18,,,,,,,,2468.35,,,,,,,,,,,,,
2005-08-19,,,,,,,,2468.47,,,,,,,,,,,,,
2005-08-20,,,,,,,,2468.58,,,,,,,,,,,,,
2005-08-21,,,,,,,,2468.7,,,,,,,,,,,,,
2005-08-22,,,,,,,,2468.72,,,,,,,,,,,,,
2005-08-23,,,,,,,,2468.65,,,,,,,,,,,,,
2005-08-24,,,,,,,,2468.66,,,,,,,,,,,,,
2005-08-25,,,,,,,,2468.66,,,,,,,,,,,,,
2005-08-26,,,,,,,,2468.68,,,,,,,,,,,,,
2005-08-27,,,,,,,,2468.61,,,,,,,,,,,,,
2005-08-28,,,,,,,,2468.8,,,,,,,,,,,,,
2005-08-29,,,,,,,,2468.8,,,,,,,,,,,,,
2005-08-30,,,,,,,,2468.72,,,,,,,,,,,,,
2005-08-31,,,,,,,,2468.8,,,,,,,,,,,,,
2005-09-01,,,,,,,,2468.73,,,,,,,,,,,,,
2005-09-02,,,,,,,,2468.78,,,,,,,,,,,,,
2005-09-03,,,,,,,,2468.8,,,,,,,,,,,,,
2005-09-04,,,,,,,,2468.8,,,,,,,,,,,,,
2005-09-05,,,,,,,,2468.8,,,,,,,,,,,,,
2005-09-06,,,,,,,,2468.8,,,,,,,,,,,,,
2005-09-07,,,,,,,,2468.8,,,,,,,,,,,,,
2005-09-08,,,,,,,,2468.8,,,,,,,,,,,,,
2005-09-09,,,,,,,,2468.8,,,,,,,,,,,,,
2005-09-10,,,,,,,,2468.8,,,,,,,,,,,,,
2005-09-11,,,,,,,,2468.8,,,,,,,,,,,,,
2005-09-12,,,,,,,,2468.76,,,,,,,,,,,,,
2005-09-13,,,,,,,,2468.8,,,,,,,,,,,,,
2005-09-14,,,,,,,,2468.8,,,,,,,,,,,,,
2005-09-15,,,,,,,,2468.8,,,,,,,,,,,,,
2005-09-16,,,,,,,,2468.8,,,,,,,,,,,,,
2005-09-17,,,,,,,,2468.8,,,,,,,,,,,,,
2005-09-18,,,,,,,,2468.8,,,,,,,,,,,,,
2005-09-19,,,,,,,,2468.8,,,,,,,,,,,,,
2005-09-20,,,,,,,,2468.8,,,,,,,,,,,,,
2005-09-21,,,,,,,,2468.8,,,,,,,,,,,,,
2005-09-22,,,,,,,,2468.8,,,,,,,,,,,,,
2005-09-23,,,,,,,,2468.8,,,,,,,,,,,,,
2005-09-24,,,,,,,,2468.8,,,,,,,,,,,,,
2005-09-25,,,,,,,,2468.8,,,,,,,,,,,,,
2005-09-26,,,,,,,,2468.8,,,,,,,,,,,,,
2005-09-27,,,,,,,,2468.65,,,,,,,,,,,,,
2005-09-28,,,,,,,,2468.46,,,,,,,,,,,,,
2005-09-29,,,,,,,,2468.33,,,,,,,,,,,,,
2005-09-30,,,,,,,,2468.17,,,,,,,,,,,,,
2005-10-01,,,,,,,,2468.0,,,,,,,,,,,,,
2005-10-02,,,,,,,,2467.87,,,,,,,,,,,,,
2005-10-03,,,,,,,,2467.8,,,,,,,,,,,,,
2005-10-04,,,,,,,,2467.85,,,,,,,,,,,,,
2005-10-05,,,,,,,,2467.87,,,,,,,,,,,,,
2005-10-06,,,,,,,,2467.82,,,,,,,,,,,,,
2005-10-07,,,,,,,,2467.77,,,,,,,,,,,,,
2005-10-08,,,,,,,,2467.63,,,,,,,,,,,,,
2005-10-09,,,,,,,,2467.55,,,,,,,,,,,,,
2005-10-10,,,,,,,,2467.65,,,,,,,,,,,,,
2005-10-11,,,,,,,,2467.75,,,,,,,,,,,,,
2005-10-12,,,,,,,,2468.05,,,,,,,,,,,,,
2005-10-13,,,,,,,,2468.8,,,,,,,,,,,,,
2005-10-14,,,,,,,,2468.8,,,,,,,,,,,,,
2005-10-15,,,,,,,,2468.8,,,,,,,,,,,,,
2005-10-16,,,,,,,,2468.8,,,,,,,,,,,,,
2005-10-17,,,,,,,,2468.8,,,,,,,,,,,,,
2005-10-18,,,,,,,,2468.8,,,,,,,,,,,,,
2005-10-19,,,,,,,,2468.65,,,,,,,,,,,,,
2005-10-20,,,,,,,,2468.75,,,,,,,,,,,,,
2005-10-21,,,,,,,,2468.8,,,,,,,,,,,,,
2005-10-22,,,,,,,,2468.8,,,,,,,,,,,,,
2005-10-23,,,,,,,,2468.8,,,,,,,,,,,,,
2005-10-24,,,,,,,,2468.7,,,,,,,,,,,,,
2005-10-25,,,,,,,,2468.4,,,,,,,,,,,,,
2005-10-26,,,,,,,,2468.8,,,,,,,,,,,,,
2005-10-27,,,,,,,,2468.8,,,,,,,,,,,,,
2005-10-28,,,,,,,,2468.8,,,,,,,,,,,,,
2005-10-29,,,,,,,,2468.8,,,,,,,,,,,,,
2005-10-30,,,,,,,,2468.8,,,,,,,,,,,,,
2005-10-31,,,,,,,,2468.8,,,,,,,,,,,,,
2005-11-01,,,,,,,,2468.8,,,,,,,,,,,,,
2005-11-02,,,,,,,,2468.8,,,,,,,,,,,,,
2005-11-03,,,,,,,,2468.8,,,,,,,,,,,,,
2005-11-04,,,,,,,,2468.8,,,,,,,,,,,,,
2005-11-05,,,,,,,,2468.8,,,,,,,,,,,,,
2005-11-06,,,,,,,,2468.8,,,,,,,,,,,,,
2005-11-07,,,,,,,,2468.8,,,,,,,,,,,,,
2005-11-08,,,,,,,,2468.8,,,,,,,,,,,,,
2005-11-09,,,,,,,,2468.8,,,,,,,,,,,,,
2005-11-10,,,,,,,,2468.77,,,,,,,,,,,,,
2005-11-11,,,,,,,,2468.6,,,,,,,,,,,,,
2005-11-12,,,,,,,,2468.41,,,,,,,,,,,,,
2005-11-13,,,,,,,,2468.27,,,,,,,,,,,,,
2005-11-14,,,,,,,,2468.1,,,,,,,,,,,,,
2005-11-15,,,,,,,,2467.89,,,,,,,,,,,,,
2005-11-16,,,,,,,,2467.64,,,,,,,,,,,,,
2005-11-17,,,,,,,,2467.35,,,,,,,,,,,,,
2005-11-18,,,,,,,,2467.09,,,,,,,,,,,,,
2005-11-19,,,,,,,,2466.82,,,,,,,,,,,,,
2005-11-20,,,,,,,,2466.54,,,,,,,,,,,,,
2005-11-21,,,,,,,,2466.27,,,,,,,,,,,,,
2005-11-22,,,,,,,,2466.02,,,,,,,,,,,,,
2005-11-23,,,,,,,,2465.83,,,,,,,,,,,,,
2005-11-24,,,,,,,,2465.67,,,,,,,,,,,,,
2005-11-25,,,,,,,,2465.63,,,,,,,,,,,,,
2005-11-26,,,,,,,,2465.63,,,,,,,,,,,,,
2005-11-27,,,,,,,,2465.65,,,,,,,,,,,,,
2005-11-28,,,,,,,,2465.55,,,,,,,,,,,,,
2005-11-29,,,,,,,,2465.38,,,,,,,,,,,,,
2005-11-30,,,,,,,,2465.2,,,,,,,,,,,,,
2005-12-01,,,,,,,,2465.0,,,,,,,,,,,,,
2005-12-02,,,,,,,,2464.82,,,,,,,,,,,,,
2005-12-03,,,,,,,,2464.62,,,,,,,,,,,,,
2005-12-04,,,,,,,,2464.43,,,,,,,,,,,,,
2005-12-05,,,,,,,,2464.27,,,,,,,,,,,,,
2005-12-06,,,,,,,,2464.13,,,,,,,,,,,,,
2005-12-07,,,,,,,,2464.0,,,,,,,,,,,,,
2005-12-08,,,,,,,,2463.86,,,,,,,,,,,,,
2005-12-09,,,,,,,,2463.65,,,,,,,,,,,,,
2005-12-10,,,,,,,,2463.48,,,,,,,,,,,,,
2005-12-11,,,,,,,,2463.32,,,,,,,,,,,,,
2005-12-12,,,,,,,,2463.16,,,,,,,,,,,,,
2005-12-13,,,,,,,,2463.0,,,,,,,,,,,,,
2005-12-14,,,,,,,,2462.88,,,,,,,,,,,,,
2005-12-15,,,,,,,,2462.78,,,,,,,,,,,,,
2005-12-16,,,,,,,,2462.66,,,,,,,,,,,,,
2005-12-17,,,,,,,,2462.53,,,,,,,,,,,,,
2005-12-18,,,,,,,,2462.37,,,,,,,,,,,,,
2005-12-19,,,,,,,,2462.25,,,,,,,,,,,,,
2005-12-20,,,,,,,,2462.16,,,,,,,,,,,,,
2005-12-21,,,,,,,,2462.03,,,,,,,,,,,,,
2005-12-22,,,,,,,,2461.9,,,,,,,,,,,,,
2005-12-23,,,,,,,,2461.74,,,,,,,,,,,,,
2005-12-24,,,,,,,,2461.6,,,,,,,,,,,,,
2005-12-25,,,,,,,,2461.43,,,,,,,,,,,,,
2005-12-26,,,,,,,,2461.24,,,,,,,,,,,,,
2005-12-27,,,,,,,,2461.06,,,,,,,,,,,,,
2005-12-28,,,,,,,,2460.89,,,,,,,,,,,,,
2005-12-29,,,,,,,,2460.72,,,,,,,,,,,,,
2005-12-30,,,,,,,,2460.74,,,,,,,,,,,,,
2005-12-31,,,,,,,,2460.76,,,,,,,,,,,,,
2006-01-01,,,,,,,,2460.77,,,,,,,,,,,,,
2006-01-02,,,,,,,,2460.77,,,,,,,,,,,,,
2006-01-03,,,,,,,,2460.76,,,,,,,,,,,,,
2006-01-04,,,,,,,,2460.73,,,,,,,,,,,,,
2006-01-05,,,,,,,,2460.69,,,,,,,,,,,,,
2006-01-06,,,,,,,,2460.64,,,,,,,,,,,,,
2006-01-07,,,,,,,,2460.52,,,,,,,,,,,,,
2006-01-08,,,,,,,,2460.52,,,,,,,,,,,,,
2006-01-09,,,,,,,,2460.46,,,,,,,,,,,,,
2006-01-10,,,,,,,,2460.4,,,,,,,,,,,,,
2006-01-11,,,,,,,,2460.24,,,,,,,,,,,,,
2006-01-12,,,,,,,,2459.98,,,,,,,,,,,,,
2006-01-13,,,,,,,,2459.72,,,,,,,,,,,,,
2006-01-14,,,,,,,,2459.45,,,,,,,,,,,,,
2006-01-15,,,,,,,,2459.18,,,,,,,,,,,,,
2006-01-16,,,,,,,,2458.91,,,,,,,,,,,,,
2006-01-17,,,,,,,,2458.64,,,,,,,,,,,,,
2006-01-18,,,,,,,,2458.36,,,,,,,,,,,,,
2006-01-19,,,,,,,,2458.08,,,,,,,,,,,,,
2006-01-20,,,,,,,,2457.8,,,,,,,,,,,,,
2006-01-21,,,,,,,,2457.52,,,,,,,,,,,,,
2006-01-22,,,,,,,,2457.24,,,,,,,,,,,,,
2006-01-23,,,,,,,,2456.97,,,,,,,,,,,,,
2006-01-24,,,,,,,,2456.7,,,,,,,,,,,,,
2006-01-25,,,,,,,,2456.43,,,,,,,,,,,,,
2006-01-26,,,,,,,,2456.16,,,,,,,,,,,,,
2006-01-27,,,,,,,,2455.89,,,,,,,,,,,,,
2006-01-28,,,,,,,,2455.71,,,,,,,,,,,,,
2006-01-29,,,,,,,,2455.64,,,,,,,,,,,,,
2006-01-30,,,,,,,,2455.57,,,,,,,,,,,,,
2006-01-31,,,,,,,,2455.5,,,,,,,,,,,,,
2006-02-01,,,,,,,,2455.43,,,,,,,,,,,,,
2006-02-02,,,,,,,,2455.36,,,,,,,,,,,,,
2006-02-03,,,,,,,,2455.27,,,,,,,,,,,,,
2006-02-04,,,,,,,,2455.18,,,,,,,,,,,,,
2006-02-05,,,,,,,,2454.97,,,,,,,,,,,,,
2006-02-06,,,,,,,,2454.64,,,,,,,,,,,,,
2006-02-07,,,,,,,,2454.31,,,,,,,,,,,,,
2006-02-08,,,,,,,,2453.97,,,,,,,,,,,,,
2006-02-09,,,,,,,,2453.63,,,,,,,,,,,,,
2006-02-10,,,,,,,,2453.28,,,,,,,,,,,,,
2006-02-11,,,,,,,,2452.91,,,,,,,,,,,,,
2006-02-12,,,,,,,,2452.53,,,,,,,,,,,,,
2006-02-13,,,,,,,,2452.15,,,,,,,,,,,,,
2006-02-14,,,,,,,,2451.76,,,,,,,,,,,,,
2006-02-15,,,,,,,,2451.36,,,,,,,,,,,,,
2006-02-16,,,,,,,,2450.96,,,,,,,,,,,,,
2006-02-17,,,,,,,,2450.56,,,,,,,,,,,,,
2006-02-18,,,,,,,,2450.16,,,,,,,,,,,,,
2006-02-19,,,,,,,,2449.76,,,,,,,,,,,,,
2006-02-20,,,,,,,,2449.35,,,,,,,,,,,,,
2006-02-21,,,,,,,,2448.95,,,,,,,,,,,,,
2006-02-22,,,,,,,,2448.57,,,,,,,,,,,,,
2006-02-23,,,,,,,,2448.19,,,,,,,,,,,,,
2006-02-24,,,,,,,,2447.81,,,,,,,,,,,,,
2006-02-25,,,,,,,,2447.58,,,,,,,,,,,,,
2006-02-26,,,,,,,,2447.5,,,,,,,,,,,,,
2006-02-27,,,,,,,,2447.38,,,,,,,,,,,,,
2006-02-28,,,,,,,,2447.3,,,,,,,,,,,,,
2006-03-01,,,,,,,,2447.23,,,,,,,,,,,,,
2006-03-02,,,,,,,,2447.16,,,,,,,,,,,,,
2006-03-03,,,,,,,,2447.08,,,,,,,,,,,,,
2006-03-04,,,,,,,,2447.0,,,,,,,,,,,,,
2006-03-05,,,,,,,,2446.91,,,,,,,,,,,,,
2006-03-06,,,,,,,,2446.82,,,,,,,,,,,,,
2006-03-07,,,,,,,,2446.78,,,,,,,,,,,,,
2006-03-08,,,,,,,,2446.75,,,,,,,,,,,,,
2006-03-09,,,,,,,,2446.69,,,,,,,,,,,,,
2006-03-10,,,,,,,,2446.48,,,,,,,,,,,,,
2006-03-11,,,,,,,,2446.13,,,,,,,,,,,,,
2006-03-12,,,,,,,,2445.77,,,,,,,,,,,,,
2006-03-13,,,,,,,,2445.44,,,,,,,,,,,,,
2006-03-14,,,,,,,,2445.08,,,,,,,,,,,,,
2006-03-15,,,,,,,,2444.73,,,,,,,,,,,,,
2006-03-16,,,,,,,,2444.39,,,,,,,,,,,,,
2006-03-17,,,,,,,,2444.05,,,,,,,,,,,,,
2006-03-18,,,,,,,,2443.71,,,,,,,,,,,,,
2006-03-19,,,,,,,,2443.36,,,,,,,,,,,,,
2006-03-20,,,,,,,,2443.0,,,,,,,,,,,,,
2006-03-21,,,,,,,,2442.64,,,,,,,,,,,,,
2006-03-22,,,,,,,,2442.28,,,,,,,,,,,,,
2006-03-23,,,,,,,,2441.9,,,,,,,,,,,,,
2006-03-24,,,,,,,,2441.51,,,,,,,,,,,,,
2006-03-25,,,,,,,,2441.1,,,,,,,,,,,,,
2006-03-26,,,,,,,,2440.69,,,,,,,,,,,,,
2006-03-27,,,,,,,,2440.27,,,,,,,,,,,,,
2006-03-28,,,,,,,,2439.85,,,,,,,,,,,,,
2006-03-29,,,,,,,,2439.58,,,,,,,,,,,,,
2006-03-30,,,,,,,,2439.42,,,,,,,,,,,,,
2006-03-31,,,,,,,,2439.25,,,,,,,,,,,,,
2006-04-01,,,,,,,,2439.1,,,,,,,,,,,,,
2006-04-02,,,,,,,,2439.02,,,,,,,,,,,,,
2006-04-03,,,,,,,,2438.94,,,,,,,,,,,,,
2006-04-04,,,,,,,,2438.85,,,,,,,,,,,,,
2006-04-05,,,,,,,,2438.77,,,,,,,,,,,,,
2006-04-06,,,,,,,,2438.69,,,,,,,,,,,,,
2006-04-07,,,,,,,,2438.61,,,,,,,,,,,,,
2006-04-08,,,,,,,,2438.42,,,,,,,,,,,,,
2006-04-09,,,,,,,,2438.0,,,,,,,,,,,,,
2006-04-10,,,,,,,,2437.58,,,,,,,,,,,,,
2006-04-11,,,,,,,,2437.14,,,,,,,,,,,,,
2006-04-12,,,,,,,,2436.69,,,,,,,,,,,,,
2006-04-13,,,,,,,,2436.24,,,,,,,,,,,,,
2006-04-14,,,,,,,,2435.78,,,,,,,,,,,,,
2006-04-15,,,,,,,,2435.31,,,,,,,,,,,,,
2006-04-16,,,,,,,,2434.83,,,,,,,,,,,,,
2006-04-17,,,,,,,,2434.4,,,,,,,,,,,,,
2006-04-18,,,,,,,,2434.1,,,,,,,,,,,,,
2006-04-19,,,,,,,,2433.8,,,,,,,,,,,,,
2006-04-20,,,,,,,,2433.45,,,,,,,,,,,,,
2006-04-21,,,,,,,,2433.15,,,,,,,,,,,,,
2006-04-22,,,,,,,,2432.83,,,,,,,,,,,,,
2006-04-23,,,,,,,,2432.53,,,,,,,,,,,,,
2006-04-24,,,,,,,,2432.26,,,,,,,,,,,,,
2006-04-25,,,,,,,,2431.96,,,,,,,,,,,,,
2006-04-26,,,,,,,,2431.62,,,,,,,,,,,,,
2006-04-27,,,,,,,,2431.26,,,,,,,,,,,,,
2006-04-28,,,,,,,,2431.19,,,,,,,,,,,,,
2006-04-29,,,,,,,,2431.14,,,,,,,,,,,,,
2006-04-30,,,,,,,,2431.1,,,,,,,,,,,,,
2006-05-01,,,,,,,,2431.05,,,,,,,,,,,,,
2006-05-02,,,,,,,,2431.0,,,,,,,,,,,,,
2006-05-03,,,,,,,,2430.95,,,,,,,,,,,,,
2006-05-04,,,,,,,,2430.89,,,,,,,,,,,,,
2006-05-05,,,,,,,,2430.82,,,,,,,,,,,,,
2006-05-06,,,,,,,,2430.74,,,,,,,,,,,,,
2006-05-07,,,,,,,,2430.63,,,,,,,,,,,,,
2006-05-08,,,,,,,,2430.3,,,,,,,,,,,,,
2006-05-09,,,,,,,,2429.77,,,,,,,,,,,,,
2006-05-10,,,,,,,,2429.25,,,,,,,,,,,,,
2006-05-11,,,,,,,,2428.7,,,,,,,,,,,,,
2006-05-12,,,,,,,,2428.3,,,,,,,,,,,,,
2006-05-13,,,,,,,,2428.1,,,,,,,,,,,,,
2006-05-14,,,,,,,,2427.95,,,,,,,,,,,,,
2006-05-15,,,,,,,,2427.5,,,,,,,,,,,,,
2006-05-16,,,,,,,,2427.05,,,,,,,,,,,,,
2006-05-17,,,,,,,,2426.7,,,,,,,,,,,,,
2006-05-18,,,,,,,,2426.35,,,,,,,,,,,,,
2006-05-19,,,,,,,,2426.5,,,,,,,,,,,,,
2006-05-20,,,,,,,,2426.7,,,,,,,,,,,,,
2006-05-21,,,,,,,,2426.95,,,,,,,,,,,,,
2006-05-22,,,,,,,,2427.0,,,,,,,,,,,,,
2006-05-23,,,,,,,,2427.05,,,,,,,,,,,,,
2006-05-24,,,,,,,,2427.02,,,,,,,,,,,,,
2006-05-25,,,,,,,,2426.65,,,,,,,,,,,,,
2006-05-26,,,,,,,,2426.15,,,,,,,,,,,,,
2006-05-27,,,,,,,,2425.65,,,,,,,,,,,,,
2006-05-28,,,,,,,,2425.17,,,,,,,,,,,,,
2006-05-29,,,,,,,,2424.72,,,,,,,,,,,,,
2006-05-30,,,,,,,,2424.5,,,,,,,,,,,,,
2006-05-31,,,,,,,,2428.2,,,,,,,,,,,,,
2006-06-01,,,,,,,,2432.5,,,,,,,,,,,,,
2006-06-02,,,,,,,,2435.55,,,,,,,,,,,,,
2006-06-03,,,,,,,,2437.55,,,,,,,,,,,,,
2006-06-04,,,,,,,,2438.75,,,,,,,,,,,,,
2006-06-05,,,,,,,,2439.6,,,,,,,,,,,,,
2006-06-06,,,,,,,,2440.4,,,,,,,,,,,,,
2006-06-07,,,,,,,,2441.0,,,,,,,,,,,,,
2006-06-08,,,,,,,,2441.4,,,,,,,,,,,,,
2006-06-09,,,,,,,,2441.65,,,,,,,,,,,,,
2006-06-10,,,,,,,,2441.65,,,,,,,,,,,,,
2006-06-11,,,,,,,,2441.47,,,,,,,,,,,,,
2006-06-12,,,,,,,,2441.22,,,,,,,,,,,,,
2006-06-13,,,,,,,,2440.86,,,,,,,,,,,,,
2006-06-14,,,,,,,,2440.5,,,,,,,,,,,,,
2006-06-15,,,,,,,,2440.14,,,,,,,,,,,,,
2006-06-16,,,,,,,,2439.8,,,,,,,,,,,,,
2006-06-17,,,,,,,,2439.6,,,,,,,,,,,,,
2006-06-18,,,,,,,,2439.6,,,,,,,,,,,,,
2006-06-19,,,,,,,,2439.65,,,,,,,,,,,,,
2006-06-20,,,,,,,,2439.68,,,,,,,,,,,,,
2006-06-21,,,,,,,,2439.66,,,,,,,,,,,,,
2006-06-22,,,,,,,,2439.73,,,,,,,,,,,,,
2006-06-23,,,,,,,,2439.7,,,,,,,,,,,,,
2006-06-24,,,,,,,,2439.67,,,,,,,,,,,,,
2006-06-25,,,,,,,,2439.65,,,,,,,,,,,,,
2006-06-26,,,,,,,,2440.3,,,,,,,,,,,,,
2006-06-27,,,,,,,,2441.56,,,,,,,,,,,,,
2006-06-28,,,,,,,,2442.87,,,,,,,,,,,,,
2006-06-29,,,,,,,,2443.9,,,,,,,,,,,,,
2006-06-30,,,,,,,,2445.05,,,,,,,,,,,,,
2006-07-01,,,,,,,,2446.7,,,,,,,,,,,,,
2006-07-02,,,,,,,,2448.58,,,,,,,,,,,,,
2006-07-03,,,,,,,,2450.18,,,,,,,,,,,,,
2006-07-04,,,,,,,,2452.85,,,,,,,,,,,,,
2006-07-05,,,,,,,,2456.55,,,,,,,,,,,,,
2006-07-06,,,,,,,,2459.27,,,,,,,,,,,,,
2006-07-07,,,,,,,,2461.36,,,,,,,,,,,,,
2006-07-08,,,,,,,,2462.76,,,,,,,,,,,,,
2006-07-09,,,,,,,,2463.85,,,,,,,,,,,,,
2006-07-10,,,,,,,,2464.83,,,,,,,,,,,,,
2006-07-11,,,,,,,,2465.25,,,,,,,,,,,,,
2006-07-12,,,,,,,,2465.63,,,,,,,,,,,,,
2006-07-13,,,,,,,,2466.05,,,,,,,,,,,,,
2006-07-14,,,,,,,,2466.53,,,,,,,,,,,,,
2006-07-15,,,,,,,,2467.0,,,,,,,,,,,,,
2006-07-16,,,,,,,,2467.75,,,,,,,,,,,,,
2006-07-17,,,,,,,,2468.3,,,,,,,,,,,,,
2006-07-18,,,,,,,,2468.05,,,,,,,,,,,,,
2006-07-19,,,,,,,,2468.13,,,,,,,,,,,,,
2006-07-20,,,,,,,,2468.45,,,,,,,,,,,,,
2006-07-21,,,,,,,,2468.39,,,,,,,,,,,,,
2006-07-22,,,,,,,,2468.41,,,,,,,,,,,,,
2006-07-23,,,,,,,,2468.23,,,,,,,,,,,,,
2006-07-24,,,,,,,,2468.75,,,,,,,,,,,,,
2006-07-25,,,,,,,,2468.8,,,,,,,,,,,,,
2006-07-26,,,,,,,,2468.8,,,,,,,,,,,,,
2006-07-27,,,,,,,,2468.8,,,,,,,,,,,,,
2006-07-28,,,,,,,,2468.8,,,,,,,,,,,,,
2006-07-29,,,,,,,,2468.8,,,,,,,,,,,,,
2006-07-30,,,,,,,,2468.8,,,,,,,,,,,,,
2006-07-31,,,,,,,,2468.8,,,,,,,,,,,,,
2006-08-01,,,,,,,,2468.8,,,,,,,,,,,,,
2006-08-02,,,,,,,,2468.8,,,,,,,,,,,,,
2006-08-03,,,,,,,,2468.8,,,,,,,,,,,,,
2006-08-04,,,,,,,,2468.8,,,,,,,,,,,,,
2006-08-05,,,,,,,,2468.8,,,,,,,,,,,,,
2006-08-06,,,,,,,,2468.8,,,,,,,,,,,,,
2006-08-07,,,,,,,,2468.8,,,,,,,,,,,,,
2006-08-08,,,,,,,,2468.8,,,,,,,,,,,,,
2006-08-09,,,,,,,,2468.8,,,,,,,,,,,,,
2006-08-10,,,,,,,,2468.75,,,,,,,,,,,,,
2006-08-11,,,,,,,,2468.6,,,,,,,,,,,,,
2006-08-12,,,,,,,,2468.8,,,,,,,,,,,,,
2006-08-13,,,,,,,,2468.8,,,,,,,,,,,,,
2006-08-14,,,,,,,,2468.8,,,,,,,,,,,,,
2006-08-15,,,,,,,,2468.8,,,,,,,,,,,,,
2006-08-16,,,,,,,,2468.8,,,,,,,,,,,,,
2006-08-17,,,,,,,,2468.8,,,,,,,,,,,,,
2006-08-18,,,,,,,,2468.8,,,,,,,,,,,,,
2006-08-19,,,,,,,,2468.8,,,,,,,,,,,,,
2006-08-20,,,,,,,,2468.8,,,,,,,,,,,,,
2006-08-21,,,,,,,,2468.8,,,,,,,,,,,,,
2006-08-22,,,,,,,,2468.8,,,,,,,,,,,,,
2006-08-23,,,,,,,,2468.8,,,,,,,,,,,,,
2006-08-24,,,,,,,,2468.8,,,,,,,,,,,,,
2006-08-25,,,,,,,,2468.8,,,,,,,,,,,,,
2006-08-26,,,,,,,,2468.77,,,,,,,,,,,,,
2006-08-27,,,,,,,,2468.6,,,,,,,,,,,,,
2006-08-28,,,,,,,,2468.41,,,,,,,,,,,,,
2006-08-29,,,,,,,,2468.21,,,,,,,,,,,,,
2006-08-30,,,,,,,,2468.0,,,,,,,,,,,,,
2006-08-31,,,,,,,,2467.8,,,,,,,,,,,,,
2006-09-01,,,,,,,,2467.65,,,,,,,,,,,,,
2006-09-02,,,,,,,,2467.5,,,,,,,,,,,,,
2006-09-03,,,,,,,,2467.3,,,,,,,,,,,,,
2006-09-04,,,,,,,,2467.23,,,,,,,,,,,,,
2006-09-05,,,,,,,,2467.15,,,,,,,,,,,,,
2006-09-06,,,,,,,,2466.94,,,,,,,,,,,,,
2006-09-07,,,,,,,,2466.73,,,,,,,,,,,,,
2006-09-08,,,,,,,,2466.5,,,,,,,,,,,,,
2006-09-09,,,,,,,,2466.27,,,,,,,,,,,,,
2006-09-10,,,,,,,,2466.08,,,,,,,,,,,,,
2006-09-11,,,,,,,,2466.02,,,,,,,,,,,,,
2006-09-12,,,,,,,,2465.94,,,,,,,,,,,,,
2006-09-13,,,,,,,,2465.73,,,,,,,,,,,,,
2006-09-14,,,,,,,,2465.55,,,,,,,,,,,,,
2006-09-15,,,,,,,,2465.47,,,,,,,,,,,,,
2006-09-16,,,,,,,,2465.38,,,,,,,,,,,,,
2006-09-17,,,,,,,,2465.31,,,,,,,,,,,,,
2006-09-18,,,,,,,,2465.44,,,,,,,,,,,,,
2006-09-19,,,,,,,,2465.62,,,,,,,,,,,,,
2006-09-20,,,,,,,,2465.7,,,,,,,,,,,,,
2006-09-21,,,,,,,,2465.66,,,,,,,,,,,,,
2006-09-22,,,,,,,,2465.59,,,,,,,,,,,,,
2006-09-23,,,,,,,,2465.59,,,,,,,,,,,,,
2006-09-24,,,,,,,,2465.7,,,,,,,,,,,,,
2006-09-25,,,,,,,,2465.73,,,,,,,,,,,,,
2006-09-26,,,,,,,,2465.79,,,,,,,,,,,,,
2006-09-27,,,,,,,,2465.86,,,,,,,,,,,,,
2006-09-28,,,,,,,,2466.0,,,,,,,,,,,,,
2006-09-29,,,,,,,,2465.9,,,,,,,,,,,,,
2006-09-30,,,,,,,,2465.8,,,,,,,,,,,,,
2006-10-01,,,,,,,,2465.62,,,,,,,,,,,,,
2006-10-02,,,,,,,,2465.43,,,,,,,,,,,,,
2006-10-03,,,,,,,,2465.24,,,,,,,,,,,,,
2006-10-04,,,,,,,,2465.08,,,,,,,,,,,,,
2006-10-05,,,,,,,,2464.9,,,,,,,,,,,,,
2006-10-06,,,,,,,,2464.74,,,,,,,,,,,,,
2006-10-07,,,,,,,,2464.52,,,,,,,,,,,,,
2006-10-08,,,,,,,,2464.35,,,,,,,,,,,,,
2006-10-09,,,,,,,,2464.19,,,,,,,,,,,,,
2006-10-10,,,,,,,,2464.03,,,,,,,,,,,,,
2006-10-11,,,,,,,,2463.97,,,,,,,,,,,,,
2006-10-12,,,,,,,,2463.92,,,,,,,,,,,,,
2006-10-13,,,,,,,,2463.76,,,,,,,,,,,,,
2006-10-14,,,,,,,,2463.56,,,,,,,,,,,,,
2006-10-15,,,,,,,,2463.32,,,,,,,,,,,,,
2006-10-16,,,,,,,,2463.1,,,,,,,,,,,,,
2006-10-17,,,,,,,,2462.89,,,,,,,,,,,,,
2006-10-18,,,,,,,,2462.69,,,,,,,,,,,,,
2006-10-19,,,,,,,,2462.5,,,,,,,,,,,,,
2006-10-20,,,,,,,,2462.31,,,,,,,,,,,,,
2006-10-21,,,,,,,,2462.16,,,,,,,,,,,,,
2006-10-22,,,,,,,,2462.04,,,,,,,,,,,,,
2006-10-23,,,,,,,,2461.87,,,,,,,,,,,,,
2006-10-24,,,,,,,,2461.66,,,,,,,,,,,,,
2006-10-25,,,,,,,,2461.43,,,,,,,,,,,,,
2006-10-26,,,,,,,,2461.21,,,,,,,,,,,,,
2006-10-27,,,,,,,,2460.98,,,,,,,,,,,,,
2006-10-28,,,,,,,,2460.8,,,,,,,,,,,,,
2006-10-29,,,,,,,,2460.67,,,,,,,,,,,,,
2006-10-30,,,,,,,,2460.5,,,,,,,,,,,,,
2006-10-31,,,,,,,,2460.34,,,,,,,,,,,,,
2006-11-01,,,,,,,,2460.2,,,,,,,,,,,,,
2006-11-02,,,,,,,,2460.17,,,,,,,,,,,,,
2006-11-03,,,,,,,,2460.23,,,,,,,,,,,,,
2006-11-04,,,,,,,,2460.36,,,,,,,,,,,,,
2006-11-05,,,,,,,,2460.4,,,,,,,,,,,,,
2006-11-06,,,,,,,,2460.37,,,,,,,,,,,,,
2006-11-07,,,,,,,,2460.4,,,,,,,,,,,,,
2006-11-08,,,,,,,,2460.65,,,,,,,,,,,,,
2006-11-09,,,,,,,,2460.88,,,,,,,,,,,,,
2006-11-10,,,,,,,,2461.05,,,,,,,,,,,,,
2006-11-11,,,,,,,,2461.05,,,,,,,,,,,,,
2006-11-12,,,,,,,,2460.91,,,,,,,,,,,,,
2006-11-13,,,,,,,,2460.73,,,,,,,,,,,,,
2006-11-14,,,,,,,,2460.53,,,,,,,,,,,,,
2006-11-15,,,,,,,,2460.35,,,,,,,,,,,,,
2006-11-16,,,,,,,,2460.2,,,,,,,,,,,,,
2006-11-17,,,,,,,,2460.0,,,,,,,,,,,,,
2006-11-18,,,,,,,,2459.79,,,,,,,,,,,,,
2006-11-19,,,,,,,,2459.65,,,,,,,,,,,,,
2006-11-20,,,,,,,,2459.53,,,,,,,,,,,,,
2006-11-21,,,,,,,,2459.35,,,,,,,,,,,,,
2006-11-22,,,,,,,,2459.25,,,,,,,,,,,,,
2006-11-23,,,,,,,,2459.23,,,,,,,,,,,,,
2006-11-24,,,,,,,,2459.1,,,,,,,,,,,,,
2006-11-25,,,,,,,,2459.0,,,,,,,,,,,,,
2006-11-26,,,,,,,,2458.91,,,,,,,,,,,,,
2006-11-27,,,,,,,,2458.78,,,,,,,,,,,,,
2006-11-28,,,,,,,,2458.62,,,,,,,,,,,,,
2006-11-29,,,,,,,,2458.45,,,,,,,,,,,,,
2006-11-30,,,,,,,,2458.25,,,,,,,,,,,,,
2006-12-01,,,,,,,,2458.06,,,,,,,,,,,,,
2006-12-02,,,,,,,,2457.88,,,,,,,,,,,,,
2006-12-03,,,,,,,,2457.7,,,,,,,,,,,,,
2006-12-04,,,,,,,,2457.51,,,,,,,,,,,,,
2006-12-05,,,,,,,,2457.33,,,,,,,,,,,,,
2006-12-06,,,,,,,,2457.14,,,,,,,,,,,,,
2006-12-07,,,,,,,,2456.95,,,,,,,,,,,,,
2006-12-08,,,,,,,,2456.8,,,,,,,,,,,,,
2006-12-09,,,,,,,,2456.68,,,,,,,,,,,,,
2006-12-10,,,,,,,,2456.55,,,,,,,,,,,,,
2006-12-11,,,,,,,,2456.42,,,,,,,,,,,,,
2006-12-12,,,,,,,,2456.31,,,,,,,,,,,,,
2006-12-13,,,,,,,,2456.17,,,,,,,,,,,,,
2006-12-14,,,,,,,,2456.02,,,,,,,,,,,,,
2006-12-15,,,,,,,,2455.86,,,,,,,,,,,,,
2006-12-16,,,,,,,,2455.68,,,,,,,,,,,,,
2006-12-17,,,,,,,,2455.46,,,,,,,,,,,,,
2006-12-18,,,,,,,,2455.23,,,,,,,,,,,,,
2006-12-19,,,,,,,,2455.06,,,,,,,,,,,,,
2006-12-20,,,,,,,,2454.83,,,,,,,,,,,,,
2006-12-21,,,,,,,,2454.6,,,,,,,,,,,,,
2006-12-22,,,,,,,,2454.34,,,,,,,,,,,,,
2006-12-23,,,,,,,,2454.1,,,,,,,,,,,,,
2006-12-24,,,,,,,,2453.94,,,,,,,,,,,,,
2006-12-25,,,,,,,,2454.0,,,,,,,,,,,,,
2006-12-26,,,,,,,,2454.1,,,,,,,,,,,,,
2006-12-27,,,,,,,,2454.16,,,,,,,,,,,,,
2006-12-28,,,,,,,,2454.19,,,,,,,,,,,,,
2006-12-29,,,,,,,,2454.21,,,,,,,,,,,,,
2006-12-30,,,,,,,,2454.25,,,,,,,,,,,,,
2006-12-31,,,,,,,,2454.29,,,,,,,,,,,,,
2007-01-01,,,,,,,,2454.33,,,,,,,,,,,,,
2007-01-02,,,,,,,,2454.37,,,,,,,,,,,,,
2007-01-03,,,,,,,,2454.39,,,,,,,,,,,,,
2007-01-04,,,,,,,,2454.4,,,,,,,,,,,,,
2007-01-05,,,,,,,,2454.38,,,,,,,,,,,,,
2007-01-06,,,,,,,,2454.36,,,,,,,,,,,,,
2007-01-07,,,,,,,,2454.34,,,,,,,,,,,,,
2007-01-08,,,,,,,,2454.26,,,,,,,,,,,,,
2007-01-09,,,,,,,,2454.06,,,,,,,,,,,,,
2007-01-10,,,,,,,,2453.8,,,,,,,,,,,,,
2007-01-11,,,,,,,,2453.54,,,,,,,,,,,,,
2007-01-12,,,,,,,,2453.25,,,,,,,,,,,,,
2007-01-13,,,,,,,,2452.95,,,,,,,,,,,,,
2007-01-14,,,,,,,,2452.65,,,,,,,,,,,,,
2007-01-15,,,,,,,,2452.35,,,,,,,,,,,,,
2007-01-16,,,,,,,,2452.08,,,,,,,,,,,,,
2007-01-17,,,,,,,,2451.82,,,,,,,,,,,,,
2007-01-18,,,,,,,,2451.55,,,,,,,,,,,,,
2007-01-19,,,,,,,,2451.24,,,,,,,,,,,,,
2007-01-20,,,,,,,,2450.93,,,,,,,,,,,,,
2007-01-21,,,,,,,,2450.62,,,,,,,,,,,,,
2007-01-22,,,,,,,,2450.32,,,,,,,,,,,,,
2007-01-23,,,,,,,,2450.02,,,,,,,,,,,,,
2007-01-24,,,,,,,,2449.7,,,,,,,,,,,,,
2007-01-25,,,,,,,,2449.38,,,,,,,,,,,,,
2007-01-26,,,,,,,,2449.08,,,,,,,,,,,,,
2007-01-27,,,,,,,,2448.73,,,,,,,,,,,,,
2007-01-28,,,,,,,,2448.38,,,,,,,,,,,,,
2007-01-29,,,,,,,,2448.05,,,,,,,,,,,,,
2007-01-30,,,,,,,,2447.95,,,,,,,,,,,,,
2007-01-31,,,,,,,,2447.9,,,,,,,,,,,,,
2007-02-01,,,,,,,,2447.84,,,,,,,,,,,,,
2007-02-02,,,,,,,,2447.78,,,,,,,,,,,,,
2007-02-03,,,,,,,,2447.73,,,,,,,,,,,,,
2007-02-04,,,,,,,,2447.66,,,,,,,,,,,,,
2007-02-05,,,,,,,,2447.58,,,,,,,,,,,,,
2007-02-06,,,,,,,,2447.5,,,,,,,,,,,,,
2007-02-07,,,,,,,,2447.23,,,,,,,,,,,,,
2007-02-08,,,,,,,,2446.84,,,,,,,,,,,,,
2007-02-09,,,,,,,,2446.46,,,,,,,,,,,,,
2007-02-10,,,,,,,,2446.09,,,,,,,,,,,,,
2007-02-11,,,,,,,,2445.72,,,,,,,,,,,,,
2007-02-12,,,,,,,,2445.353,,,,,,,,,,,,,
2007-02-13,,,,,,,,2444.98,,,,,,,,,,,,,
2007-02-14,,,,,,,,2444.58,,,,,,,,,,,,,
2007-02-15,,,,,,,,2444.15,,,,,,,,,,,,,
2007-02-16,,,,,,,,2443.72,,,,,,,,,,,,,
2007-02-17,,,,,,,,2443.28,,,,,,,,,,,,,
2007-02-18,,,,,,,,2442.83,,,,,,,,,,,,,
2007-02-19,,,,,,,,2442.39,,,,,,,,,,,,,
2007-02-20,,,,,,,,2441.93,,,,,,,,,,,,,
2007-02-21,,,,,,,,2441.47,,,,,,,,,,,,,
2007-02-22,,,,,,,,2441.0,,,,,,,,,,,,,
2007-02-23,,,,,,,,2440.52,,,,,,,,,,,,,
2007-02-24,,,,,,,,2440.06,,,,,,,,,,,,,
2007-02-25,,,,,,,,2439.61,,,,,,,,,,,,,
2007-02-26,,,,,,,,2439.16,,,,,,,,,,,,,
2007-02-27,,,,,,,,2439.07,,,,,,,,,,,,,
2007-02-28,,,,,,,,2438.97,,,,,,,,,,,,,
2007-03-01,,,,,,,,2438.86,,,,,,,,,,,,,
2007-03-02,,,,,,,,2438.76,,,,,,,,,,,,,
2007-03-03,,,,,,,,2438.65,,,,,,,,,,,,,
2007-03-04,,,,,,,,2438.54,,,,,,,,,,,,,
2007-03-05,,,,,,,,2438.43,,,,,,,,,,,,,
2007-03-06,,,,,,,,2438.32,,,,,,,,,,,,,
2007-03-07,,,,,,,,2438.2,,,,,,,,,,,,,
2007-03-08,,,,,,,,2438.07,,,,,,,,,,,,,
2007-03-09,,,,,,,,2437.94,,,,,,,,,,,,,
2007-03-10,,,,,,,,2437.46,,,,,,,,,,,,,
2007-03-11,,,,,,,,2436.94,,,,,,,,,,,,,
2007-03-12,,,,,,,,2436.41,,,,,,,,,,,,,
2007-03-13,,,,,,,,2435.9,,,,,,,,,,,,,
2007-03-14,,,,,,,,2435.37,,,,,,,,,,,,,
2007-03-15,,,,,,,,2434.84,,,,,,,,,,,,,
2007-03-16,,,,,,,,2434.28,,,,,,,,,,,,,
2007-03-17,,,,,,,,2433.68,,,,,,,,,,,,,
2007-03-18,,,,,,,,2433.08,,,,,,,,,,,,,
2007-03-19,,,,,,,,2432.47,,,,,,,,,,,,,
2007-03-20,,,,,,,,2431.85,,,,,,,,,,,,,
2007-03-21,,,,,,,,2431.32,,,,,,,,,,,,,
2007-03-22,,,,,,,,2430.8,,,,,,,,,,,,,
2007-03-23,,,,,,,,2430.27,,,,,,,,,,,,,
2007-03-24,,,,,,,,2429.72,,,,,,,,,,,,,
2007-03-25,,,,,,,,2429.17,,,,,,,,,,,,,
2007-03-26,,,,,,,,2428.59,,,,,,,,,,,,,
2007-03-27,,,,,,,,2428.0,,,,,,,,,,,,,
2007-03-28,,,,,,,,2427.42,,,,,,,,,,,,,
2007-03-29,,,,,,,,2426.84,,,,,,,,,,,,,
2007-03-30,,,,,,,,2426.25,,,,,,,,,,,,,
2007-03-31,,,,,,,,2425.65,,,,,,,,,,,,,
2007-04-01,,,,,,,,2425.05,,,,,,,,,,,,,
2007-04-02,,,,,,,,2424.67,,,,,,,,,,,,,
2007-04-03,,,,,,,,2424.57,,,,,,,,,,,,,
2007-04-04,,,,,,,,2424.44,,,,,,,,,,,,,
2007-04-05,,,,,,,,2424.12,,,,,,,,,,,,,
2007-04-06,,,,,,,,2423.52,,,,,,,,,,,,,
2007-04-07,,,,,,,,2423.0,,,,,,,,,,,,,
2007-04-08,,,,,,,,2422.55,,,,,,,,,,,,,
2007-04-09,,,,,,,,2422.37,,,,,,,,,,,,,
2007-04-10,,,,,,,,2422.17,,,,,,,,,,,,,
2007-04-11,,,,,,,,2421.97,,,,,,,,,,,,,
2007-04-12,,,,,,,,2421.76,,,,,,,,,,,,,
2007-04-13,,,,,,,,2421.59,,,,,,,,,,,,,
2007-04-14,,,,,,,,2421.43,,,,,,,,,,,,,
2007-04-15,,,,,,,,2421.27,,,,,,,,,,,,,
2007-04-16,,,,,,,,2421.11,,,,,,,,,,,,,
2007-04-17,,,,,,,,2420.89,,,,,,,,,,,,,
2007-04-18,,,,,,,,2420.52,,,,,,,,,,,,,
2007-04-19,,,,,,,,2420.21,,,,,,,,,,,,,
2007-04-20,,,,,,,,2419.91,,,,,,,,,,,,,
2007-04-21,,,,,,,,2419.57,,,,,,,,,,,,,
2007-04-22,,,,,,,,2419.35,,,,,,,,,,,,,
2007-04-23,,,,,,,,2419.17,,,,,,,,,,,,,
2007-04-24,,,,,,,,2418.97,,,,,,,,,,,,,
2007-04-25,,,,,,,,2418.76,,,,,,,,,,,,,
2007-04-26,,,,,,,,2418.56,,,,,,,,,,,,,
2007-04-27,,,,,,,,2418.5,,,,,,,,,,,,,
2007-04-28,,,,,,,,2418.45,,,,,,,,,,,,,
2007-04-29,,,,,,,,2418.45,,,,,,,,,,,,,
2007-04-30,,,,,,,,2418.55,,,,,,,,,,,,,
2007-05-01,,,,,,,,2418.03,,,,,,,,,,,,,
2007-05-02,,,,,,,,2417.44,,,,,,,,,,,,,
2007-05-03,,,,,,,,2416.89,,,,,,,,,,,,,
2007-05-04,,,,,,,,2416.44,,,,,,,,,,,,,
2007-05-05,,,,,,,,2416.04,,,,,,,,,,,,,
2007-05-06,,,,,,,,2415.66,,,,,,,,,,,,,
2007-05-07,,,,,,,,2415.25,,,,,,,,,,,,,
2007-05-08,,,,,,,,2414.7,,,,,,,,,,,,,
2007-05-09,,,,,,,,2414.14,,,,,,,,,,,,,
2007-05-10,,,,,,,,2413.54,,,,,,,,,,,,,
2007-05-11,,,,,,,,2413.11,,,,,,,,,,,,,
2007-05-12,,,,,,,,2413.0,,,,,,,,,,,,,
2007-05-13,,,,,,,,2412.95,,,,,,,,,,,,,
2007-05-14,,,,,,,,2412.9,,,,,,,,,,,,,
2007-05-15,,,,,,,,2412.85,,,,,,,,,,,,,
2007-05-16,,,,,,,,2412.8,,,,,,,,,,,,,
2007-05-17,,,,,,,,2412.75,,,,,,,,,,,,,
2007-05-18,,,,,,,,2412.7,,,,,,,,,,,,,
2007-05-19,,,,,,,,2412.64,,,,,,,,,,,,,
2007-05-20,,,,,,,,2412.58,,,,,,,,,,,,,
2007-05-21,,,,,,,,2412.52,,,,,,,,,,,,,
2007-05-22,,,,,,,,2412.46,,,,,,,,,,,,,
2007-05-23,,,,,,,,2412.41,,,,,,,,,,,,,
2007-05-24,,,,,,,,2412.36,,,,,,,,,,,,,
2007-05-25,,,,,,,,2412.32,,,,,,,,,,,,,
2007-05-26,,,,,,,,2412.27,,,,,,,,,,,,,
2007-05-27,,,,,,,,2412.22,,,,,,,,,,,,,
2007-05-28,,,,,,,,2412.18,,,,,,,,,,,,,
2007-05-29,,,,,,,,2412.13,,,,,,,,,,,,,
2007-05-30,,,,,,,,2412.08,,,,,,,,,,,,,
2007-05-31,,,,,,,,2412.03,,,,,,,,,,,,,
2007-06-01,,,,,,,,2411.98,,,,,,,,,,,,,
2007-06-02,,,,,,,,2411.93,,,,,,,,,,,,,
2007-06-03,,,,,,,,2411.88,,,,,,,,,,,,,
2007-06-04,,,,,,,,2411.83,,,,,,,,,,,,,
2007-06-05,,,,,,,,2411.78,,,,,,,,,,,,,
2007-06-06,,,,,,,,2411.74,,,,,,,,,,,,,
2007-06-07,,,,,,,,2411.71,,,,,,,,,,,,,
2007-06-08,,,,,,,,2411.67,,,,,,,,,,,,,
2007-06-09,,,,,,,,2411.62,,,,,,,,,,,,,
2007-06-10,,,,,,,,2411.57,,,,,,,,,,,,,
2007-06-11,,,,,,,,2411.52,,,,,,,,,,,,,
2007-06-12,,,,,,,,2411.48,,,,,,,,,,,,,
2007-06-13,,,,,,,,2411.46,,,,,,,,,,,,,
2007-06-14,,,,,,,,2411.45,,,,,,,,,,,,,
2007-06-15,,,,,,,,2411.43,,,,,,,,,,,,,
2007-06-16,,,,,,,,2411.4,,,,,,,,,,,,,
2007-06-17,,,,,,,,2411.37,,,,,,,,,,,,,
2007-06-18,,,,,,,,2411.34,,,,,,,,,,,,,
2007-06-19,,,,,,,,2411.32,,,,,,,,,,,,,
2007-06-20,,,,,,,,2411.31,,,,,,,,,,,,,
2007-06-21,,,,,,,,2411.303,,,,,,,,,,,,,
2007-06-22,,,,,,,,2411.3,,,,,,,,,,,,,
2007-06-23,,,,,,,,2411.32,,,,,,,,,,,,,
2007-06-24,,,,,,,,2411.9,,,,,,,,,,,,,
2007-06-25,,,,,,,,2424.3,,,,,,,,,,,,,
2007-06-26,,,,,,,,2428.0,,,,,,,,,,,,,
2007-06-27,,,,,,,,2429.2,,,,,,,,,,,,,
2007-06-28,,,,,,,,2429.65,,,,,,,,,,,,,
2007-06-29,,,,,,,,2429.5,,,,,,,,,,,,,
2007-06-30,,,,,,,,2430.2,,,,,,,,,,,,,
2007-07-01,,,,,,,,2432.8,,,,,,,,,,,,,
2007-07-02,,,,,,,,2436.6,,,,,,,,,,,,,
2007-07-03,,,,,,,,2441.55,,,,,,,,,,,,,
2007-07-04,,,,,,,,2446.3,,,,,,,,,,,,,
2007-07-05,,,,,,,,2449.9,,,,,,,,,,,,,
2007-07-06,,,,,,,,2452.35,,,,,,,,,,,,,
2007-07-07,,,,,,,,2454.2,,,,,,,,,,,,,
2007-07-08,,,,,,,,2456.5,,,,,,,,,,,,,
2007-07-09,,,,,,,,2459.2,,,,,,,,,,,,,
2007-07-10,,,,,,,,2461.4,,,,,,,,,,,,,
2007-07-11,,,,,,,,2464.35,,,,,,,,,,,,,
2007-07-12,,,,,,,,2466.85,,,,,,,,,,,,,
2007-07-13,,,,,,,,2468.0,,,,,,,,,,,,,
2007-07-14,,,,,,,,2468.2,,,,,,,,,,,,,
2007-07-15,,,,,,,,2468.8,,,,,,,,,,,,,
2007-07-16,,,,,,,,2468.8,,,,,,,,,,,,,
2007-07-17,,,,,,,,2468.8,,,,,,,,,,,,,
2007-07-18,,,,,,,,2468.8,,,,,,,,,,,,,
2007-07-19,,,,,,,,2468.8,,,,,,,,,,,,,
2007-07-20,,,,,,,,2468.8,,,,,,,,,,,,,
2007-07-21,,,,,,,,2468.8,,,,,,,,,,,,,
2007-07-22,,,,,,,,2468.75,,,,,,,,,,,,,
2007-07-23,,,,,,,,2468.55,,,,,,,,,,,,,
2007-07-24,,,,,,,,2468.3,,,,,,,,,,,,,
2007-07-25,,,,,,,,2467.93,,,,,,,,,,,,,
2007-07-26,,,,,,,,2467.52,,,,,,,,,,,,,
2007-07-27,,,,,,,,2467.13,,,,,,,,,,,,,
2007-07-28,,,,,,,,2466.82,,,,,,,,,,,,,
2007-07-29,,,,,,,,2466.6,,,,,,,,,,,,,
2007-07-30,,,,,,,,2466.37,,,,,,,,,,,,,
2007-07-31,,,,,,,,2466.08,,,,,,,,,,,,,
2007-08-01,,,,,,,,2465.75,,,,,,,,,,,,,
2007-08-02,,,,,,,,2465.5,,,,,,,,,,,,,
2007-08-03,,,,,,,,2465.27,,,,,,,,,,,,,
2007-08-04,,,,,,,,2465.23,,,,,,,,,,,,,
2007-08-05,,,,,,,,2465.32,,,,,,,,,,,,,
2007-08-06,,,,,,,,2466.55,,,,,,,,,,,,,
2007-08-07,,,,,,,,2468.7,,,,,,,,,,,,,
2007-08-08,,,,,,,,2468.8,,,,,,,,,,,,,
2007-08-09,,,,,,,,2468.75,,,,,,,,,,,,,
2007-08-10,,,,,,,,2468.8,,,,,,,,,,,,,
2007-08-11,,,,,,,,2468.8,,,,,,,,,,,,,
2007-08-12,,,,,,,,2468.8,,,,,,,,,,,,,
2007-08-13,,,,,,,,2468.8,,,,,,,,,,,,,
2007-08-14,,,,,,,,2468.8,,,,,,,,,,,,,
2007-08-15,,,,,,,,2468.8,,,,,,,,,,,,,
2007-08-16,,,,,,,,2468.8,,,,,,,,,,,,,
2007-08-17,,,,,,,,2468.8,,,,,,,,,,,,,
2007-08-18,,,,,,,,2468.8,,,,,,,,,,,,,
2007-08-19,,,,,,,,2468.8,,,,,,,,,,,,,
2007-08-20,,,,,,,,2468.8,,,,,,,,,,,,,
2007-08-21,,,,,,,,2468.8,,,,,,,,,,,,,
2007-08-22,,,,,,,,2468.8,,,,,,,,,,,,,
2007-08-23,,,,,,,,2468.8,,,,,,,,,,,,,
2007-08-24,,,,,,,,2468.8,,,,,,,,,,,,,
2007-08-25,,,,,,,,2468.8,,,,,,,,,,,,,
2007-08-26,,,,,,,,2468.8,,,,,,,,,,,,,
2007-08-27,,,,,,,,2468.8,,,,,,,,,,,,,
2007-08-28,,,,,,,,2468.8,,,,,,,,,,,,,
2007-08-29,,,,,,,,2468.8,,,,,,,,,,,,,
2007-08-30,,,,,,,,2468.8,,,,,,,,,,,,,
2007-08-31,,,,,,,,2468.8,,,,,,,,,,,,,
2007-09-01,,,,,,,,2468.8,,,,,,,,,,,,,
2007-09-02,,,,,,,,2468.8,,,,,,,,,,,,,
2007-09-03,,,,,,,,2468.8,,,,,,,,,,,,,
2007-09-04,,,,,,,,2468.8,,,,,,,,,,,,,
2007-09-05,,,,,,,,2468.8,,,,,,,,,,,,,
2007-09-06,,,,,,,,2468.8,,,,,,,,,,,,,
2007-09-07,,,,,,,,2468.8,,,,,,,,,,,,,
2007-09-08,,,,,,,,2468.8,,,,,,,,,,,,,
2007-09-09,,,,,,,,2468.8,,,,,,,,,,,,,
2007-09-10,,,,,,,,2468.8,,,,,,,,,,,,,
2007-09-11,,,,,,,,2468.8,,,,,,,,,,,,,
2007-09-12,,,,,,,,2468.8,,,,,,,,,,,,,
2007-09-13,,,,,,,,2468.8,,,,,,,,,,,,,
2007-09-14,,,,,,,,2468.8,,,,,,,,,,,,,
2007-09-15,,,,,,,,2468.8,,,,,,,,,,,,,
2007-09-16,,,,,,,,2468.8,,,,,,,,,,,,,
2007-09-17,,,,,,,,2468.8,,,,,,,,,,,,,
2007-09-18,,,,,,,,2468.8,,,,,,,,,,,,,
2007-09-19,,,,,,,,2468.8,,,,,,,,,,,,,
2007-09-20,,,,,,,,2468.8,,,,,,,,,,,,,
2007-09-21,,,,,,,,2468.8,,,,,,,,,,,,,
2007-09-22,,,,,,,,2468.8,,,,,,,,,,,,,
2007-09-23,,,,,,,,2468.8,,,,,,,,,,,,,
2007-09-24,,,,,,,,2468.8,,,,,,,,,,,,,
2007-09-25,,,,,,,,2468.8,,,,,,,,,,,,,
2007-09-26,,,,,,,,2468.8,,,,,,,,,,,,,
2007-09-27,,,,,,,,2468.8,,,,,,,,,,,,,
2007-09-28,,,,,,,,2468.8,,,,,,,,,,,,,
2007-09-29,,,,,,,,2468.8,,,,,,,,,,,,,
2007-09-30,,,,,,,,2468.8,,,,,,,,,,,,,
2007-10-01,,,,,,,,2468.8,,,,,,,,,,,,,
2007-10-02,,,,,,,,2468.8,,,,,,,,,,,,,
2007-10-03,,,,,,,,2468.8,,,,,,,,,,,,,
2007-10-04,,,,,,,,2468.8,,,,,,,,,,,,,
2007-10-05,,,,,,,,2468.8,,,,,,,,,,,,,
2007-10-06,,,,,,,,2468.8,,,,,,,,,,,,,
2007-10-07,,,,,,,,2468.8,,,,,,,,,,,,,
2007-10-08,,,,,,,,2468.8,,,,,,,,,,,,,
2007-10-09,,,,,,,,2468.8,,,,,,,,,,,,,
2007-10-10,,,,,,,,2468.8,,,,,,,,,,,,,
2007-10-11,,,,,,,,2468.8,,,,,,,,,,,,,
2007-10-12,,,,,,,,2468.63,,,,,,,,,,,,,
2007-10-13,,,,,,,,2468.43,,,,,,,,,,,,,
2007-10-14,,,,,,,,2468.19,,,,,,,,,,,,,
2007-10-15,,,,,,,,2467.95,,,,,,,,,,,,,
2007-10-16,,,,,,,,2467.72,,,,,,,,,,,,,
2007-10-17,,,,,,,,2467.5,,,,,,,,,,,,,
2007-10-18,,,,,,,,2467.6,,,,,,,,,,,,,
2007-10-19,,,,,,,,2468.05,,,,,,,,,,,,,
2007-10-20,,,,,,,,2468.45,,,,,,,,,,,,,
2007-10-21,,,,,,,,2468.8,,,,,,,,,,,,,
2007-10-22,,,,,,,,2468.8,,,,,,,,,,,,,
2007-10-23,,,,,,,,2468.8,,,,,,,,,,,,,
2007-10-24,,,,,,,,2468.8,,,,,,,,,,,,,
2007-10-25,,,,,,,,2468.8,,,,,,,,,,,,,
2007-10-26,,,,,,,,2468.8,,,,,,,,,,,,,
2007-10-27,,,,,,,,2468.8,,,,,,,,,,,,,
2007-10-28,,,,,,,,2468.8,,,,,,,,,,,,,
2007-10-29,,,,,,,,2468.8,,,,,,,,,,,,,
2007-10-30,,,,,,,,2468.8,,,,,,,,,,,,,
2007-10-31,,,,,,,,2468.8,,,,,,,,,,,,,
2007-11-01,,,,,,,,2468.8,,,,,,,,,,,,,
2007-11-02,,,,,,,,2468.8,,,,,,,,,,,,,
2007-11-03,,,,,,,,2468.8,,,,,,,,,,,,,
2007-11-04,,,,,,,,2468.8,,,,,,,,,,,,,
2007-11-05,,,,,,,,2468.8,,,,,,,,,,,,,
2007-11-06,,,,,,,,2468.8,,,,,,,,,,,,,
2007-11-07,,,,,,,,2468.8,,,,,,,,,,,,,
2007-11-08,,,,,,,,2468.8,,,,,,,,,,,,,
2007-11-09,,,,,,,,2468.8,,,,,,,,,,,,,
2007-11-10,,,,,,,,2468.8,,,,,,,,,,,,,
2007-11-11,,,,,,,,2468.8,,,,,,,,,,,,,
2007-11-12,,,,,,,,2468.8,,,,,,,,,,,,,
2007-11-13,,,,,,,,2468.8,,,,,,,,,,,,,
2007-11-14,,,,,,,,2468.8,,,,,,,,,,,,,
2007-11-15,,,,,,,,2468.8,,,,,,,,,,,,,
2007-11-16,,,,,,,,2468.7,,,,,,,,,,,,,
2007-11-17,,,,,,,,2468.5,,,,,,,,,,,,,
2007-11-18,,,,,,,,2468.3,,,,,,,,,,,,,
2007-11-19,,,,,,,,2465.1,,,,,,,,,,,,,
2007-11-20,,,,,,,,2467.9,,,,,,,,,,,,,
2007-11-21,,,,,,,,2467.68,,,,,,,,,,,,,
2007-11-22,,,,,,,,2467.45,,,,,,,,,,,,,
2007-11-23,,,,,,,,2467.29,,,,,,,,,,,,,
2007-11-24,,,,,,,,2467.15,,,,,,,,,,,,,
2007-11-25,,,,,,,,2467.0,,,,,,,,,,,,,
2007-11-26,,,,,,,,2466.82,,,,,,,,,,,,,
2007-11-27,,,,,,,,2466.64,,,,,,,,,,,,,
2007-11-28,,,,,,,,2466.5,,,,,,,,,,,,,
2007-11-29,,,,,,,,2466.37,,,,,,,,,,,,,
2007-11-30,,,,,,,,2466.22,,,,,,,,,,,,,
2007-12-01,,,,,,,,2466.07,,,,,,,,,,,,,
2007-12-02,,,,,,,,2465.92,,,,,,,,,,,,,
2007-12-03,,,,,,,,2465.78,,,,,,,,,,,,,
2007-12-04,,,,,,,,2465.65,,,,,,,,,,,,,
2007-12-05,,,,,,,,2465.53,,,,,,,,,,,,,
2007-12-06,,,,,,,,2465.43,,,,,,,,,,,,,
2007-12-07,,,,,,,,2465.35,,,,,,,,,,,,,
2007-12-08,,,,,,,,2465.29,,,,,,,,,,,,,
2007-12-09,,,,,,,,2465.24,,,,,,,,,,,,,
2007-12-10,,,,,,,,2465.27,,,,,,,,,,,,,
2007-12-11,,,,,,,,2465.38,,,,,,,,,,,,,
2007-12-12,,,,,,,,2465.37,,,,,,,,,,,,,
2007-12-13,,,,,,,,2465.35,,,,,,,,,,,,,
2007-12-14,,,,,,,,2465.31,,,,,,,,,,,,,
2007-12-15,,,,,,,,2465.23,,,,,,,,,,,,,
2007-12-16,,,,,,,,2465.15,,,,,,,,,,,,,
2007-12-17,,,,,,,,2465.11,,,,,,,,,,,,,
2007-12-18,,,,,,,,2465.13,,,,,,,,,,,,,
2007-12-19,,,,,,,,2465.14,,,,,,,,,,,,,
2007-12-20,,,,,,,,2465.3,,,,,,,,,,,,,
2007-12-21,,,,,,,,2465.5,,,,,,,,,,,,,
2007-12-22,,,,,,,,2465.73,,,,,,,,,,,,,
2007-12-23,,,,,,,,2465.95,,,,,,,,,,,,,
2007-12-24,,,,,,,,2466.1,,,,,,,,,,,,,
2007-12-25,,,,,,,,2466.23,,,,,,,,,,,,,
2007-12-26,,,,,,,,2466.36,,,,,,,,,,,,,
2007-12-27,,,,,,,,2466.47,,,,,,,,,,,,,
2007-12-28,,,,,,,,2466.57,,,,,,,,,,,,,
2007-12-29,,,,,,,,2466.68,,,,,,,,,,,,,
2007-12-30,,,,,,,,2466.81,,,,,,,,,,,,,
2007-12-31,,,,,,,,2466.9,,,,,,,,,,,,,
2008-01-01,,,,,,,,2467.0,,,,,,,,,,,,,
2008-01-02,,,,,,,,2467.04,,,,,,,,,,,,,
2008-01-03,,,,,,,,2467.07,,,,,,,,,,,,,
2008-01-04,,,,,,,,2467.1,,,,,,,,,,,,,
2008-01-05,,,,,,,,2467.11,,,,,,,,,,,,,
2008-01-06,,,,,,,,2467.11,,,,,,,,,,,,,
2008-01-07,,,,,,,,2467.03,,,,,,,,,,,,,
2008-01-08,,,,,,,,2466.9,,,,,,,,,,,,,
2008-01-09,,,,,,,,2466.77,,,,,,,,,,,,,
2008-01-10,,,,,,,,2466.61,,,,,,,,,,,,,
2008-01-11,,,,,,,,2466.44,,,,,,,,,,,,,
2008-01-12,,,,,,,,2466.25,,,,,,,,,,,,,
2008-01-13,,,,,,,,2466.04,,,,,,,,,,,,,
2008-01-14,,,,,,,,2465.81,,,,,,,,,,,,,
2008-01-15,,,,,,,,2465.58,,,,,,,,,,,,,
2008-01-16,,,,,,,,2465.33,,,,,,,,,,,,,
2008-01-17,,,,,,,,2465.07,,,,,,,,,,,,,
2008-01-18,,,,,,,,2464.81,,,,,,,,,,,,,
2008-01-19,,,,,,,,2464.58,,,,,,,,,,,,,
2008-01-20,,,,,,,,2464.41,,,,,,,,,,,,,
2008-01-21,,,,,,,,2464.26,,,,,,,,,,,,,
2008-01-22,,,,,,,,2464.15,,,,,,,,,,,,,
2008-01-23,,,,,,,,2464.0,,,,,,,,,,,,,
2008-01-24,,,,,,,,2463.88,,,,,,,,,,,,,
2008-01-25,,,,,,,,2463.75,,,,,,,,,,,,,
2008-01-26,,,,,,,,2463.64,,,,,,,,,,,,,
2008-01-27,,,,,,,,2463.58,,,,,,,,,,,,,
2008-01-28,,,,,,,,2463.58,,,,,,,,,,,,,
2008-01-29,,,,,,,,2463.59,,,,,,,,,,,,,
2008-01-30,,,,,,,,2463.6,,,,,,,,,,,,,
2008-01-31,,,,,,,,2463.65,,,,,,,,,,,,,
2008-02-01,,,,,,,,2463.7,,,,,,,,,,,,,
2008-02-02,,,,,,,,2463.71,,,,,,,,,,,,,
2008-02-03,,,,,,,,2463.71,,,,,,,,,,,,,
2008-02-04,,,,,,,,2463.71,,,,,,,,,,,,,
2008-02-05,,,,,,,,2463.5,,,,,,,,,,,,,
2008-02-06,,,,,,,,2463.64,,,,,,,,,,,,,
2008-02-07,,,,,,,,2463.5,,,,,,,,,,,,,
2008-02-08,,,,,,,,2463.28,,,,,,,,,,,,,
2008-02-09,,,,,,,,2463.1,,,,,,,,,,,,,
2008-02-10,,,,,,,,2462.9,,,,,,,,,,,,,
2008-02-11,,,,,,,,2462.7,,,,,,,,,,,,,
2008-02-12,,,,,,,,2462.49,,,,,,,,,,,,,
2008-02-13,,,,,,,,2462.24,,,,,,,,,,,,,
2008-02-14,,,,,,,,2462.0,,,,,,,,,,,,,
2008-02-15,,,,,,,,2461.8,,,,,,,,,,,,,
2008-02-16,,,,,,,,2461.62,,,,,,,,,,,,,
2008-02-17,,,,,,,,2461.43,,,,,,,,,,,,,
2008-02-18,,,,,,,,2461.2,,,,,,,,,,,,,
2008-02-19,,,,,,,,2461.0,,,,,,,,,,,,,
2008-02-20,,,,,,,,2460.81,,,,,,,,,,,,,
2008-02-21,,,,,,,,2460.58,,,,,,,,,,,,,
2008-02-22,,,,,,,,2460.32,,,,,,,,,,,,,
2008-02-23,,,,,,,,2460.05,,,,,,,,,,,,,
2008-02-24,,,,,,,,2459.79,,,,,,,,,,,,,
2008-02-25,,,,,,,,2459.53,,,,,,,,,,,,,
2008-02-26,,,,,,,,2459.47,,,,,,,,,,,,,
2008-02-27,,,,,,,,2459.4,,,,,,,,,,,,,
2008-02-28,,,,,,,,2459.32,,,,,,,,,,,,,
2008-02-29,,,,,,,,2459.23,,,,,,,,,,,,,
2008-03-01,,,,,,,,2459.14,,,,,,,,,,,,,
2008-03-02,,,,,,,,2459.06,,,,,,,,,,,,,
2008-03-03,,,,,,,,2458.95,,,,,,,,,,,,,
2008-03-04,,,,,,,,2458.7,,,,,,,,,,,,,
2008-03-05,,,,,,,,2458.44,,,,,,,,,,,,,
2008-03-06,,,,,,,,2458.19,,,,,,,,,,,,,
2008-03-07,,,,,,,,2457.94,,,,,,,,,,,,,
2008-03-08,,,,,,,,2457.69,,,,,,,,,,,,,
2008-03-09,,,,,,,,2457.44,,,,,,,,,,,,,
2008-03-10,,,,,,,,2457.18,,,,,,,,,,,,,
2008-03-11,,,,,,,,2456.91,,,,,,,,,,,,,
2008-03-12,,,,,,,,2456.7,,,,,,,,,,,,,
2008-03-13,,,,,,,,2456.52,,,,,,,,,,,,,
2008-03-14,,,,,,,,2456.35,,,,,,,,,,,,,
2008-03-15,,,,,,,,2456.23,,,,,,,,,,,,,
2008-03-16,,,,,,,,2456.19,,,,,,,,,,,,,
2008-03-17,,,,,,,,2456.21,,,,,,,,,,,,,
2008-03-18,,,,,,,,2456.17,,,,,,,,,,,,,
2008-03-19,,,,,,,,2456.1,,,,,,,,,,,,,
2008-03-20,,,,,,,,2456.08,,,,,,,,,,,,,
2008-03-21,,,,,,,,2456.1,,,,,,,,,,,,,
2008-03-22,,,,,,,,2456.26,,,,,,,,,,,,,
2008-03-23,,,,,,,,2456.54,,,,,,,,,,,,,
2008-03-24,,,,,,,,2456.75,,,,,,,,,,,,,
2008-03-25,,,,,,,,2457.0,,,,,,,,,,,,,
2008-03-26,,,,,,,,2457.2,,,,,,,,,,,,,
2008-03-27,,,,,,,,2457.3,,,,,,,,,,,,,
2008-03-28,,,,,,,,2457.36,,,,,,,,,,,,,
2008-03-29,,,,,,,,2457.45,,,,,,,,,,,,,
2008-03-30,,,,,,,,2457.55,,,,,,,,,,,,,
2008-03-31,,,,,,,,2457.65,,,,,,,,,,,,,
2008-04-01,,,,,,,,2457.8,,,,,,,,,,,,,
2008-04-02,,,,,,,,2457.9,,,,,,,,,,,,,
2008-04-03,,,,,,,,2457.92,,,,,,,,,,,,,
2008-04-04,,,,,,,,2457.9,,,,,,,,,,,,,
2008-04-05,,,,,,,,2457.88,,,,,,,,,,,,,
2008-04-06,,,,,,,,2457.79,,,,,,,,,,,,,
2008-04-07,,,,,,,,2457.6,,,,,,,,,,,,,
2008-04-08,,,,,,,,2457.37,,,,,,,,,,,,,
2008-04-09,,,,,,,,2457.15,,,,,,,,,,,,,
2008-04-10,,,,,,,,2456.92,,,,,,,,,,,,,
2008-04-11,,,,,,,,2456.68,,,,,,,,,,,,,
2008-04-12,,,,,,,,2456.44,,,,,,,,,,,,,
2008-04-13,,,,,,,,2456.18,,,,,,,,,,,,,
2008-04-14,,,,,,,,2455.95,,,,,,,,,,,,,
2008-04-15,,,,,,,,2455.71,,,,,,,,,,,,,
2008-04-16,,,,,,,,2455.46,,,,,,,,,,,,,
2008-04-17,,,,,,,,2455.23,,,,,,,,,,,,,
2008-04-18,,,,,,,,2455.0,,,,,,,,,,,,,
2008-04-19,,,,,,,,2454.76,,,,,,,,,,,,,
2008-04-20,,,,,,,,2454.51,,,,,,,,,,,,,
2008-04-21,,,,,,,,2454.23,,,,,,,,,,,,,
2008-04-22,,,,,,,,2453.96,,,,,,,,,,,,,
2008-04-23,,,,,,,,2453.72,,,,,,,,,,,,,
2008-04-24,,,,,,,,2453.47,,,,,,,,,,,,,
2008-04-25,,,,,,,,2453.23,,,,,,,,,,,,,
2008-04-26,,,,,,,,2453.0,,,,,,,,,,,,,
2008-04-27,,,,,,,,2452.76,,,,,,,,,,,,,
2008-04-28,,,,,,,,2452.73,,,,,,,,,,,,,
2008-04-29,,,,,,,,2452.69,,,,,,,,,,,,,
2008-04-30,,,,,,,,2452.65,,,,,,,,,,,,,
2008-05-01,,,,,,,,2452.6,,,,,,,,,,,,,
2008-05-02,,,,,,,,2452.52,,,,,,,,,,,,,
2008-05-03,,,,,,,,2452.45,,,,,,,,,,,,,
2008-05-04,,,,,,,,2452.28,,,,,,,,,,,,,
2008-05-05,,,,,,,,2452.0,,,,,,,,,,,,,
2008-05-06,,,,,,,,2451.72,,,,,,,,,,,,,
2008-05-07,,,,,,,,2451.53,,,,,,,,,,,,,
2008-05-08,,,,,,,,2451.2,,,,,,,,,,,,,
2008-05-09,,,,,,,,2450.87,,,,,,,,,,,,,
2008-05-10,,,,,,,,2450.6,,,,,,,,,,,,,
2008-05-11,,,,,,,,2450.3,,,,,,,,,,,,,
2008-05-12,,,,,,,,2449.96,,,,,,,,,,,,,
2008-05-13,,,,,,,,2449.6,,,,,,,,,,,,,
2008-05-14,,,,,,,,2449.3,,,,,,,,,,,,,
2008-05-15,,,,,,,,2449.0,,,,,,,,,,,,,
2008-05-16,,,,,,,,2448.7,,,,,,,,,,,,,
2008-05-17,,,,,,,,2448.51,,,,,,,,,,,,,
2008-05-18,,,,,,,,2448.24,,,,,,,,,,,,,
2008-05-19,,,,,,,,2447.96,,,,,,,,,,,,,
2008-05-20,,,,,,,,2447.65,,,,,,,,,,,,,
2008-05-21,,,,,,,,2447.31,,,,,,,,,,,,,
2008-05-22,,,,,,,,2446.95,,,,,,,,,,,,,
2008-05-23,,,,,,,,2446.6,,,,,,,,,,,,,
2008-05-24,,,,,,,,2446.23,,,,,,,,,,,,,
2008-05-25,,,,,,,,2445.85,,,,,,,,,,,,,
2008-05-26,,,,,,,,2445.52,,,,,,,,,,,,,
2008-05-27,,,,,,,,2445.27,,,,,,,,,,,,,
2008-05-28,,,,,,,,2445.0,,,,,,,,,,,,,
2008-05-29,,,,,,,,2444.78,,,,,,,,,,,,,
2008-05-30,,,,,,,,2444.5,,,,,,,,,,,,,
2008-05-31,,,,,,,,2444.23,,,,,,,,,,,,,
2008-06-01,,,,,,,,2443.97,,,,,,,,,,,,,
2008-06-02,,,,,,,,2443.89,,,,,,,,,,,,,
2008-06-03,,,,,,,,2443.93,,,,,,,,,,,,,
2008-06-04,,,,,,,,2443.88,,,,,,,,,,,,,
2008-06-05,,,,,,,,2443.82,,,,,,,,,,,,,
2008-06-06,,,,,,,,2443.62,,,,,,,,,,,,,
2008-06-07,,,,,,,,2443.37,,,,,,,,,,,,,
2008-06-08,,,,,,,,2443.12,,,,,,,,,,,,,
2008-06-09,,,,,,,,2442.85,,,,,,,,,,,,,
2008-06-10,,,,,,,,2442.58,,,,,,,,,,,,,
2008-06-11,,,,,,,,2442.44,,,,,,,,,,,,,
2008-06-12,,,,,,,,2442.49,,,,,,,,,,,,,
2008-06-13,,,,,,,,2442.5,,,,,,,,,,,,,
2008-06-14,,,,,,,,2442.65,,,,,,,,,,,,,
2008-06-15,,,,,,,,2443.0,,,,,,,,,,,,,
2008-06-16,,,,,,,,2443.35,,,,,,,,,,,,,
2008-06-17,,,,,,,,2444.0,,,,,,,,,,,,,
2008-06-18,,,,,,,,2444.66,,,,,,,,,,,,,
2008-06-19,,,,,,,,2445.35,,,,,,,,,,,,,
2008-06-20,,,,,,,,2445.97,,,,,,,,,,,,,
2008-06-21,,,,,,,,2446.48,,,,,,,,,,,,,
2008-06-22,,,,,,,,2446.85,,,,,,,,,,,,,
2008-06-23,,,,,,,,2447.06,,,,,,,,,,,,,
2008-06-24,,,,,,,,2447.04,,,,,,,,,,,,,
2008-06-25,,,,,,,,2447.0,,,,,,,,,,,,,
2008-06-26,,,,,,,,2446.91,,,,,,,,,,,,,
2008-06-27,,,,,,,,2446.82,,,,,,,,,,,,,
2008-06-28,,,,,,,,2446.68,,,,,,,,,,,,,
2008-06-29,,,,,,,,2446.64,,,,,,,,,,,,,
2008-06-30,,,,,,,,2447.06,,,,,,,,,,,,,
2008-07-01,,,,,,,,2447.53,,,,,,,,,,,,,
2008-07-02,,,,,,,,2448.2,,,,,,,,,,,,,
2008-07-03,,,,,,,,2448.7,,,,,,,,,,,,,
2008-07-04,,,,,,,,2449.0,,,,,,,,,,,,,
2008-07-05,,,,,,,,2448.96,,,,,,,,,,,,,
2008-07-06,,,,,,,,2448.75,,,,,,,,,,,,,
2008-07-07,,,,,,,,2448.56,,,,,,,,,,,,,
2008-07-08,,,,,,,,2448.33,,,,,,,,,,,,,
2008-07-09,,,,,,,,2447.96,,,,,,,,,,,,,
2008-07-10,,,,,,,,2447.67,,,,,,,,,,,,,
2008-07-11,,,,,,,,2447.5,,,,,,,,,,,,,
2008-07-12,,,,,,,,2447.42,,,,,,,,,,,,,
2008-07-13,,,,,,,,2447.38,,,,,,,,,,,,,
2008-07-14,,,,,,,,2447.38,,,,,,,,,,,,,
2008-07-15,,,,,,,,2447.6,,,,,,,,,,,,,
2008-07-16,,,,,,,,2447.72,,,,,,,,,,,,,
2008-07-17,,,,,,,,2447.83,,,,,,,,,,,,,
2008-07-18,,,,,,,,2447.9,,,,,,,,,,,,,
2008-07-19,,,,,,,,2447.96,,,,,,,,,,,,,
2008-07-20,,,,,,,,2448.0,,,,,,,,,,,,,
2008-07-21,,,,,,,,2448.0,,,,,,,,,,,,,
2008-07-22,,,,,,,,2448.2,,,,,,,,,,,,,
2008-07-23,,,,,,,,2448.43,,,,,,,,,,,,,
2008-07-24,,,,,,,,2448.55,,,,,,,,,,,,,
2008-07-25,,,,,,,,2448.65,,,,,,,,,,,,,
2008-07-26,,,,,,,,2448.77,,,,,,,,,,,,,
2008-07-27,,,,,,,,2449.0,,,,,,,,,,,,,
2008-07-28,,,,,,,,2449.23,,,,,,,,,,,,,
2008-07-29,,,,,,,,2450.5,,,,,,,,,,,,,
2008-07-30,,,,,,,,2452.75,,,,,,,,,,,,,
2008-07-31,,,,,,,,2455.55,,,,,,,,,,,,,
2008-08-01,,,,,,,,2457.85,,,,,,,,,,,,,
2008-08-02,,,,,,,,2459.25,,,,,,,,,,,,,
2008-08-03,,,,,,,,2460.0,,,,,,,,,,,,,
2008-08-04,,,,,,,,2460.32,,,,,,,,,,,,,
2008-08-05,,,,,,,,2460.2,,,,,,,,,,,,,
2008-08-06,,,,,,,,2460.28,,,,,,,,,,,,,
2008-08-07,,,,,,,,2460.5,,,,,,,,,,,,,
2008-08-08,,,,,,,,2460.9,,,,,,,,,,,,,
2008-08-09,,,,,,,,2461.1,,,,,,,,,,,,,
2008-08-10,,,,,,,,2461.6,,,,,,,,,,,,,
2008-08-11,,,,,,,,2462.8,,,,,,,,,,,,,
2008-08-12,,,,,,,,2465.0,,,,,,,,,,,,,
2008-08-13,,,,,,,,2467.6,,,,,,,,,,,,,
2008-08-14,,,,,,,,2467.92,,,,,,,,,,,,,
2008-08-15,,,,,,,,2468.8,,,,,,,,,,,,,
2008-08-16,,,,,,,,2468.8,,,,,,,,,,,,,
2008-08-17,,,,,,,,2468.8,,,,,,,,,,,,,
2008-08-18,,,,,,,,2468.8,,,,,,,,,,,,,
2008-08-19,,,,,,,,2468.8,,,,,,,,,,,,,
2008-08-20,,,,,,,,2468.8,,,,,,,,,,,,,
2008-08-21,,,,,,,,2468.8,,,,,,,,,,,,,
2008-08-22,,,,,,,,2468.8,,,,,,,,,,,,,
2008-08-23,,,,,,,,2468.8,,,,,,,,,,,,,
2008-08-24,,,,,,,,2468.8,,,,,,,,,,,,,
2008-08-25,,,,,,,,2468.8,,,,,,,,,,,,,
2008-08-26,,,,,,,,2468.8,,,,,,,,,,,,,
2008-08-27,,,,,,,,2468.8,,,,,,,,,,,,,
2008-08-28,,,,,,,,2468.8,,,,,,,,,,,,,
2008-08-29,,,,,,,,2468.8,,,,,,,,,,,,,
2008-08-30,,,,,,,,2468.8,,,,,,,,,,,,,
2008-08-31,,,,,,,,2468.8,,,,,,,,,,,,,
2008-09-01,,,,,,,,2468.8,,,,,,,,,,,,,
2008-09-02,,,,,,,,2468.8,,,,,,,,,,,,,
2008-09-03,,,,,,,,2468.8,,,,,,,,,,,,,
2008-09-04,,,,,,,,2468.8,,,,,,,,,,,,,
2008-09-05,,,,,,,,2468.8,,,,,,,,,,,,,
2008-09-06,,,,,,,,2468.8,,,,,,,,,,,,,
2008-09-07,,,,,,,,2468.8,,,,,,,,,,,,,
2008-09-08,,,,,,,,2468.8,,,,,,,,,,,,,
2008-09-09,,,,,,,,2468.8,,,,,,,,,,,,,
2008-09-10,,,,,,,,2468.8,,,,,,,,,,,,,
2008-09-11,,,,,,,,2468.8,,,,,,,,,,,,,
2008-09-12,,,,,,,,2468.8,,,,,,,,,,,,,
2008-09-13,,,,,,,,2468.8,,,,,,,,,,,,,
2008-09-14,,,,,,,,2468.8,,,,,,,,,,,,,
2008-09-15,,,,,,,,2468.8,,,,,,,,,,,,,
2008-09-16,,,,,,,,2468.8,,,,,,,,,,,,,
2008-09-17,,,,,,,,2468.8,,,,,,,,,,,,,
2008-09-18,,,,,,,,2468.8,,,,,,,,,,,,,
2008-09-19,,,,,,,,2468.8,,,,,,,,,,,,,
2008-09-20,,,,,,,,2468.8,,,,,,,,,,,,,
2008-09-21,,,,,,,,2468.8,,,,,,,,,,,,,
2008-09-22,,,,,,,,2468.8,,,,,,,,,,,,,
2008-09-23,,,,,,,,2468.8,,,,,,,,,,,,,
2008-09-24,,,,,,,,2468.65,,,,,,,,,,,,,
2008-09-25,,,,,,,,2468.3,,,,,,,,,,,,,
2008-09-26,,,,,,,,2468.0,,,,,,,,,,,,,
2008-09-27,,,,,,,,2467.68,,,,,,,,,,,,,
2008-09-28,,,,,,,,2467.37,,,,,,,,,,,,,
2008-09-29,,,,,,,,2467.06,,,,,,,,,,,,,
2008-09-30,,,,,,,,2466.73,,,,,,,,,,,,,
2008-10-01,,,,,,,,2466.33,,,,,,,,,,,,,
2008-10-02,,,,,,,,2466.0,,,,,,,,,,,,,
2008-10-03,,,,,,,,2465.7,,,,,,,,,,,,,
2008-10-04,,,,,,,,2465.36,,,,,,,,,,,,,
2008-10-05,,,,,,,,2465.04,,,,,,,,,,,,,
2008-10-06,,,,,,,,2464.72,,,,,,,,,,,,,
2008-10-07,,,,,,,,2464.37,,,,,,,,,,,,,
2008-10-08,,,,,,,,2464.65,,,,,,,,,,,,,
2008-10-09,,,,,,,,2464.9,,,,,,,,,,,,,
2008-10-10,,,,,,,,2464.97,,,,,,,,,,,,,
2008-10-11,,,,,,,,2464.92,,,,,,,,,,,,,
2008-10-12,,,,,,,,2464.82,,,,,,,,,,,,,
2008-10-13,,,,,,,,2464.74,,,,,,,,,,,,,
2008-10-14,,,,,,,,2464.8,,,,,,,,,,,,,
2008-10-15,,,,,,,,2464.85,,,,,,,,,,,,,
2008-10-16,,,,,,,,2464.9,,,,,,,,,,,,,
2008-10-17,,,,,,,,2464.98,,,,,,,,,,,,,
2008-10-18,,,,,,,,2465.0,,,,,,,,,,,,,
2008-10-19,,,,,,,,2464.98,,,,,,,,,,,,,
2008-10-20,,,,,,,,2464.9,,,,,,,,,,,,,
2008-10-21,,,,,,,,2464.9,,,,,,,,,,,,,
2008-10-22,,,,,,,,2464.9,,,,,,,,,,,,,
2008-10-23,,,,,,,,2464.96,,,,,,,,,,,,,
2008-10-24,,,,,,,,2465.32,,,,,,,,,,,,,
2008-10-25,,,,,,,,2465.73,,,,,,,,,,,,,
2008-10-26,,,,,,,,2466.18,,,,,,,,,,,,,
2008-10-27,,,,,,,,2466.57,,,,,,,,,,,,,
2008-10-28,,,,,,,,2466.75,,,,,,,,,,,,,
2008-10-29,,,,,,,,2466.7,,,,,,,,,,,,,
2008-10-30,,,,,,,,2466.47,,,,,,,,,,,,,
2008-10-31,,,,,,,,2466.25,,,,,,,,,,,,,
2008-11-01,,,,,,,,2466.0,,,,,,,,,,,,,
2008-11-02,,,,,,,,2465.75,,,,,,,,,,,,,
2008-11-03,,,,,,,,2465.5,,,,,,,,,,,,,
2008-11-04,,,,,,,,2465.2,,,,,,,,,,,,,
2008-11-05,,,,,,,,2464.93,,,,,,,,,,,,,
2008-11-06,,,,,,,,2464.66,,,,,,,,,,,,,
2008-11-07,,,,,,,,2464.38,,,,,,,,,,,,,
2008-11-08,,,,,,,,2464.13,,,,,,,,,,,,,
2008-11-09,,,,,,,,2463.86,,,,,,,,,,,,,
2008-11-10,,,,,,,,2463.6,,,,,,,,,,,,,
2008-11-11,,,,,,,,2463.36,,,,,,,,,,,,,
2008-11-12,,,,,,,,2463.12,,,,,,,,,,,,,
2008-11-13,,,,,,,,2462.86,,,,,,,,,,,,,
2008-11-14,,,,,,,,2462.6,,,,,,,,,,,,,
2008-11-15,,,,,,,,2462.33,,,,,,,,,,,,,
2008-11-16,,,,,,,,2462.07,,,,,,,,,,,,,
2008-11-17,,,,,,,,2461.8,,,,,,,,,,,,,
2008-11-18,,,,,,,,2461.55,,,,,,,,,,,,,
2008-11-19,,,,,,,,2461.32,,,,,,,,,,,,,
2008-11-20,,,,,,,,2461.1,,,,,,,,,,,,,
2008-11-21,,,,,,,,2460.84,,,,,,,,,,,,,
2008-11-22,,,,,,,,2460.57,,,,,,,,,,,,,
2008-11-23,,,,,,,,2460.31,,,,,,,,,,,,,
2008-11-24,,,,,,,,2460.19,,,,,,,,,,,,,
2008-11-25,,,,,,,,2460.06,,,,,,,,,,,,,
2008-11-26,,,,,,,,2459.93,,,,,,,,,,,,,
2008-11-27,,,,,,,,2459.76,,,,,,,,,,,,,
2008-11-28,,,,,,,,2459.6,,,,,,,,,,,,,
2008-11-29,,,,,,,,2459.52,,,,,,,,,,,,,
2008-11-30,,,,,,,,2459.74,,,,,,,,,,,,,
2008-12-01,,,,,,,,2459.83,,,,,,,,,,,,,
2008-12-02,,,,,,,,2459.8,,,,,,,,,,,,,
2008-12-03,,,,,,,,2459.7,,,,,,,,,,,,,
2008-12-04,,,,,,,,2459.59,,,,,,,,,,,,,
2008-12-05,,,,,,,,2459.43,,,,,,,,,,,,,
2008-12-06,,,,,,,,2459.25,,,,,,,,,,,,,
2008-12-07,,,,,,,,2459.06,,,,,,,,,,,,,
2008-12-08,,,,,,,,2458.9,,,,,,,,,,,,,
2008-12-09,,,,,,,,2458.75,,,,,,,,,,,,,
2008-12-10,,,,,,,,2458.57,,,,,,,,,,,,,
2008-12-11,,,,,,,,2458.4,,,,,,,,,,,,,
2008-12-12,,,,,,,,2458.22,,,,,,,,,,,,,
2008-12-13,,,,,,,,2458.03,,,,,,,,,,,,,
2008-12-14,,,,,,,,2457.83,,,,,,,,,,,,,
2008-12-15,,,,,,,,2457.65,,,,,,,,,,,,,
2008-12-16,,,,,,,,2457.5,,,,,,,,,,,,,
2008-12-17,,,,,,,,2457.3,,,,,,,,,,,,,
2008-12-18,,,,,,,,2457.1,,,,,,,,,,,,,
2008-12-19,,,,,,,,2456.95,,,,,,,,,,,,,
2008-12-20,,,,,,,,2456.77,,,,,,,,,,,,,
2008-12-21,,,,,,,,2456.6,,,,,,,,,,,,,
2008-12-22,,,,,,,,2456.43,,,,,,,,,,,,,
2008-12-23,,,,,,,,2456.25,,,,,,,,,,,,,
2008-12-24,,,,,,,,2456.07,,,,,,,,,,,,,
2008-12-25,,,,,,,,2455.9,,,,,,,,,,,,,
2008-12-26,,,,,,,,2455.78,,,,,,,,,,,,,
2008-12-27,,,,,,,,2455.68,,,,,,,,,,,,,
2008-12-28,,,,,,,,2455.66,,,,,,,,,,,,,
2008-12-29,,,,,,,,2455.57,,,,,,,,,,,,,
2008-12-30,,,,,,,,2455.55,,,,,,,,,,,,,
2008-12-31,,,,,,,,2455.62,,,,,,,,,,,,,
2009-01-01,,,,,,,,2455.68,,,,,,,,,,,,,
2009-01-02,,,,,,,,2455.73,,,,,,,,,,,,,
2009-01-03,,,,,,,,2455.77,,,,,,,,,,,,,
2009-01-04,,,,,,,,2455.8,,,,,,,,,,,,,
2009-01-05,,,,,,,,2455.82,,,,,,,,,,,,,
2009-01-06,,,,,,,,2455.85,,,,,,,,,,,,,
2009-01-07,,,,,,,,2455.87,,,,,,,,,,,,,
2009-01-08,,,,,,,,2455.88,,,,,,,,,,,,,
2009-01-09,,,,,,,,2455.88,,,,,,,,,,,,,
2009-01-10,,,,,,,,2455.86,,,,,,,,,,,,,
2009-01-11,,,,,,,,2455.85,,,,,,,,,,,,,
2009-01-12,,,,,,,,2455.82,,,,,,,,,,,,,
2009-01-13,,,,,,,,2455.67,,,,,,,,,,,,,
2009-01-14,,,,,,,,2455.39,,,,,,,,,,,,,
2009-01-15,,,,,,,,2455.07,,,,,,,,,,,,,
2009-01-16,,,,,,,,2454.76,,,,,,,,,,,,,
2009-01-17,,,,,,,,2454.48,,,,,,,,,,,,,
2009-01-18,,,,,,,,2454.22,,,,,,,,,,,,,
2009-01-19,,,,,,,,2453.98,,,,,,,,,,,,,
2009-01-20,,,,,,,,2453.7,,,,,,,,,,,,,
2009-01-21,,,,,,,,2453.42,,,,,,,,,,,,,
2009-01-22,,,,,,,,2453.15,,,,,,,,,,,,,
2009-01-23,,,,,,,,2452.87,,,,,,,,,,,,,
2009-01-24,,,,,,,,2452.58,,,,,,,,,,,,,
2009-01-25,,,,,,,,2452.28,,,,,,,,,,,,,
2009-01-26,,,,,,,,2452.0,,,,,,,,,,,,,
2009-01-27,,,,,,,,2451.8,,,,,,,,,,,,,
2009-01-28,,,,,,,,2451.55,,,,,,,,,,,,,
2009-01-29,,,,,,,,2451.28,,,,,,,,,,,,,
2009-01-30,,,,,,,,2451.02,,,,,,,,,,,,,
2009-01-31,,,,,,,,2450.76,,,,,,,,,,,,,
2009-02-01,,,,,,,,2450.48,,,,,,,,,,,,,
2009-02-02,,,,,,,,2450.2,,,,,,,,,,,,,
2009-02-03,,,,,,,,2450.14,,,,,,,,,,,,,
2009-02-04,,,,,,,,2450.08,,,,,,,,,,,,,
2009-02-05,,,,,,,,2449.97,,,,,,,,,,,,,
2009-02-06,,,,,,,,2449.85,,,,,,,,,,,,,
2009-02-07,,,,,,,,2449.76,,,,,,,,,,,,,
2009-02-08,,,,,,,,2449.67,,,,,,,,,,,,,
2009-02-09,,,,,,,,2449.58,,,,,,,,,,,,,
2009-02-10,,,,,,,,2449.49,,,,,,,,,,,,,
2009-02-11,,,,,,,,2449.32,,,,,,,,,,,,,
2009-02-12,,,,,,,,2448.95,,,,,,,,,,,,,
2009-02-13,,,,,,,,2448.57,,,,,,,,,,,,,
2009-02-14,,,,,,,,2448.2,,,,,,,,,,,,,
2009-02-15,,,,,,,,2447.83,,,,,,,,,,,,,
2009-02-16,,,,,,,,2447.47,,,,,,,,,,,,,
2009-02-17,,,,,,,,2447.05,,,,,,,,,,,,,
2009-02-18,,,,,,,,2446.63,,,,,,,,,,,,,
2009-02-19,,,,,,,,2446.2,,,,,,,,,,,,,
2009-02-20,,,,,,,,2445.84,,,,,,,,,,,,,
2009-02-21,,,,,,,,2445.5,,,,,,,,,,,,,
2009-02-22,,,,,,,,2445.16,,,,,,,,,,,,,
2009-02-23,,,,,,,,2444.81,,,,,,,,,,,,,
2009-02-24,,,,,,,,2444.45,,,,,,,,,,,,,
2009-02-25,,,,,,,,2444.06,,,,,,,,,,,,,
2009-02-26,,,,,,,,2443.66,,,,,,,,,,,,,
2009-02-27,,,,,,,,2443.23,,,,,,,,,,,,,
2009-02-28,,,,,,,,2442.77,,,,,,,,,,,,,
2009-03-01,,,,,,,,2442.32,,,,,,,,,,,,,
2009-03-02,,,,,,,,2441.92,,,,,,,,,,,,,
2009-03-03,,,,,,,,2441.55,,,,,,,,,,,,,
2009-03-04,,,,,,,,2441.37,,,,,,,,,,,,,
2009-03-05,,,,,,,,2441.2,,,,,,,,,,,,,
2009-03-06,,,,,,,,2441.0,,,,,,,,,,,,,
2009-03-07,,,,,,,,2440.86,,,,,,,,,,,,,
2009-03-08,,,,,,,,2440.73,,,,,,,,,,,,,
2009-03-09,,,,,,,,2440.61,,,,,,,,,,,,,
2009-03-10,,,,,,,,2440.49,,,,,,,,,,,,,
2009-03-11,,,,,,,,2440.37,,,,,,,,,,,,,
2009-03-12,,,,,,,,2440.24,,,,,,,,,,,,,
2009-03-13,,,,,,,,2440.11,,,,,,,,,,,,,
2009-03-14,,,,,,,,2439.96,,,,,,,,,,,,,
2009-03-15,,,,,,,,2439.78,,,,,,,,,,,,,
2009-03-16,,,,,,,,2439.64,,,,,,,,,,,,,
2009-03-17,,,,,,,,2439.54,,,,,,,,,,,,,
2009-03-18,,,,,,,,2439.26,,,,,,,,,,,,,
2009-03-19,,,,,,,,2438.8,,,,,,,,,,,,,
2009-03-20,,,,,,,,2438.34,,,,,,,,,,,,,
2009-03-21,,,,,,,,2437.87,,,,,,,,,,,,,
2009-03-22,,,,,,,,2437.4,,,,,,,,,,,,,
2009-03-23,,,,,,,,2436.93,,,,,,,,,,,,,
2009-03-24,,,,,,,,2436.45,,,,,,,,,,,,,
2009-03-25,,,,,,,,2435.93,,,,,,,,,,,,,
2009-03-26,,,,,,,,2435.4,,,,,,,,,,,,,
2009-03-27,,,,,,,,2434.87,,,,,,,,,,,,,
2009-03-28,,,,,,,,2434.37,,,,,,,,,,,,,
2009-03-29,,,,,,,,2433.92,,,,,,,,,,,,,
2009-03-30,,,,,,,,2433.46,,,,,,,,,,,,,
2009-03-31,,,,,,,,2433.0,,,,,,,,,,,,,
2009-04-01,,,,,,,,2432.52,,,,,,,,,,,,,
2009-04-02,,,,,,,,2432.04,,,,,,,,,,,,,
2009-04-03,,,,,,,,2431.55,,,,,,,,,,,,,
2009-04-04,,,,,,,,2431.03,,,,,,,,,,,,,
2009-04-05,,,,,,,,2430.5,,,,,,,,,,,,,
2009-04-06,,,,,,,,2429.97,,,,,,,,,,,,,
2009-04-07,,,,,,,,2429.4,,,,,,,,,,,,,
2009-04-08,,,,,,,,2428.94,,,,,,,,,,,,,
2009-04-09,,,,,,,,2428.76,,,,,,,,,,,,,
2009-04-10,,,,,,,,2428.63,,,,,,,,,,,,,
2009-04-11,,,,,,,,2428.5,,,,,,,,,,,,,
2009-04-12,,,,,,,,2428.39,,,,,,,,,,,,,
2009-04-13,,,,,,,,2428.29,,,,,,,,,,,,,
2009-04-14,,,,,,,,2428.16,,,,,,,,,,,,,
2009-04-15,,,,,,,,2428.03,,,,,,,,,,,,,
2009-04-16,,,,,,,,2427.89,,,,,,,,,,,,,
2009-04-17,,,,,,,,2427.75,,,,,,,,,,,,,
2009-04-18,,,,,,,,2427.61,,,,,,,,,,,,,
2009-04-19,,,,,,,,2427.47,,,,,,,,,,,,,
2009-04-20,,,,,,,,2427.4,,,,,,,,,,,,,
2009-04-21,,,,,,,,2427.21,,,,,,,,,,,,,
2009-04-22,,,,,,,,2426.85,,,,,,,,,,,,,
2009-04-23,,,,,,,,2426.7,,,,,,,,,,,,,
2009-04-24,,,,,,,,2426.55,,,,,,,,,,,,,
2009-04-25,,,,,,,,2426.52,,,,,,,,,,,,,
2009-04-26,,,,,,,,2426.55,,,,,,,,,,,,,
2009-04-27,,,,,,,,2426.57,,,,,,,,,,,,,
2009-04-28,,,,,,,,2426.57,,,,,,,,,,,,,
2009-04-29,,,,,,,,2426.58,,,,,,,,,,,,,
2009-04-30,,,,,,,,2426.58,,,,,,,,,,,,,
2009-05-01,,,,,,,,2426.58,,,,,,,,,,,,,
2009-05-02,,,,,,,,2426.32,,,,,,,,,,,,,
2009-05-03,,,,,,,,2425.72,,,,,,,,,,,,,
2009-05-04,,,,,,,,2425.08,,,,,,,,,,,,,
2009-05-05,,,,,,,,2424.42,,,,,,,,,,,,,
2009-05-06,,,,,,,,2424.22,,,,,,,,,,,,,
2009-05-07,,,,,,,,2424.08,,,,,,,,,,,,,
2009-05-08,,,,,,,,2423.95,,,,,,,,,,,,,
2009-05-09,,,,,,,,2423.85,,,,,,,,,,,,,
2009-05-10,,,,,,,,2423.77,,,,,,,,,,,,,
2009-05-11,,,,,,,,2423.5,,,,,,,,,,,,,
2009-05-12,,,,,,,,2423.0,,,,,,,,,,,,,
2009-05-13,,,,,,,,2422.5,,,,,,,,,,,,,
2009-05-14,,,,,,,,2422.0,,,,,,,,,,,,,
2009-05-15,,,,,,,,2421.45,,,,,,,,,,,,,
2009-05-16,,,,,,,,2420.9,,,,,,,,,,,,,
2009-05-17,,,,,,,,2420.33,,,,,,,,,,,,,
2009-05-18,,,,,,,,2419.76,,,,,,,,,,,,,
2009-05-19,,,,,,,,2419.18,,,,,,,,,,,,,
2009-05-20,,,,,,,,2418.85,,,,,,,,,,,,,
2009-05-21,,,,,,,,2418.53,,,,,,,,,,,,,
2009-05-22,,,,,,,,2418.21,,,,,,,,,,,,,
2009-05-23,,,,,,,,2417.9,,,,,,,,,,,,,
2009-05-24,,,,,,,,2417.58,,,,,,,,,,,,,
2009-05-25,,,,,,,,2417.25,,,,,,,,,,,,,
2009-05-26,,,,,,,,2416.93,,,,,,,,,,,,,
2009-05-27,,,,,,,,2416.66,,,,,,,,,,,,,
2009-05-28,,,,,,,,2416.32,,,,,,,,,,,,,
2009-05-29,,,,,,,,2416.09,,,,,,,,,,,,,
2009-05-30,,,,,,,,2415.98,,,,,,,,,,,,,
2009-05-31,,,,,,,,2415.9,,,,,,,,,,,,,
2009-06-01,,,,,,,,2415.81,,,,,,,,,,,,,
2009-06-02,,,,,,,,2415.72,,,,,,,,,,,,,
2009-06-03,,,,,,,,2415.67,,,,,,,,,,,,,
2009-06-04,,,,,,,,2415.68,,,,,,,,,,,,,
2009-06-05,,,,,,,,2415.69,,,,,,,,,,,,,
2009-06-06,,,,,,,,2415.7,,,,,,,,,,,,,
2009-06-07,,,,,,,,2415.72,,,,,,,,,,,,,
2009-06-08,,,,,,,,2415.73,,,,,,,,,,,,,
2009-06-09,,,,,,,,2415.75,,,,,,,,,,,,,
2009-06-10,,,,,,,,2415.76,,,,,,,,,,,,,
2009-06-11,,,,,,,,2415.79,,,,,,,,,,,,,
2009-06-12,,,,,,,,2415.81,,,,,,,,,,,,,
2009-06-13,,,,,,,,2415.84,,,,,,,,,,,,,
2009-06-14,,,,,,,,2415.88,,,,,,,,,,,,,
2009-06-15,,,,,,,,2415.93,,,,,,,,,,,,,
2009-06-16,,,,,,,,2415.97,,,,,,,,,,,,,
2009-06-17,,,,,,,,2416.05,,,,,,,,,,,,,
2009-06-18,,,,,,,,2416.1,,,,,,,,,,,,,
2009-06-19,,,,,,,,2416.13,,,,,,,,,,,,,
2009-06-20,,,,,,,,2416.14,,,,,,,,,,,,,
2009-06-21,,,,,,,,2416.18,,,,,,,,,,,,,
2009-06-22,,,,,,,,2416.2,,,,,,,,,,,,,
2009-06-23,,,,,,,,2416.22,,,,,,,,,,,,,
2009-06-24,,,,,,,,2416.25,,,,,,,,,,,,,
2009-06-25,,,,,,,,2416.29,,,,,,,,,,,,,
2009-06-26,,,,,,,,2416.34,,,,,,,,,,,,,
2009-06-27,,,,,,,,2416.38,,,,,,,,,,,,,
2009-06-28,,,,,,,,2416.44,,,,,,,,,,,,,
2009-06-29,,,,,,,,2416.49,,,,,,,,,,,,,
2009-06-30,,,,,,,,2416.55,,,,,,,,,,,,,
2009-07-01,,,,,,,,2416.62,,,,,,,,,,,,,
2009-07-02,,,,,,,,2416.68,,,,,,,,,,,,,
2009-07-03,,,,,,,,2416.75,,,,,,,,,,,,,
2009-07-04,,,,,,,,2417.75,,,,,,,,,,,,,
2009-07-05,,,,,,,,2422.0,,,,,,,,,,,,,
2009-07-06,,,,,,,,2424.7,,,,,,,,,,,,,
2009-07-07,,,,,,,,2428.25,,,,,,,,,,,,,
2009-07-08,,,,,,,,2431.65,,,,,,,,,,,,,
2009-07-09,,,,,,,,2434.35,,,,,,,,,,,,,
2009-07-10,,,,,,,,2435.97,,,,,,,,,,,,,
2009-07-11,,,,,,,,2438.03,,,,,,,,,,,,,
2009-07-12,,,,,,,,2439.78,,,,,,,,,,,,,
2009-07-13,,,,,,,,2440.77,,,,,,,,,,,,,
2009-07-14,,,,,,,,2441.42,,,,,,,,,,,,,
2009-07-15,,,,,,,,2442.16,,,,,,,,,,,,,
2009-07-16,,,,,,,,2444.15,,,,,,,,,,,,,
2009-07-17,,,,,,,,2448.0,,,,,,,,,,,,,
2009-07-18,,,,,,,,2452.65,,,,,,,,,,,,,
2009-07-19,,,,,,,,2457.3,,,,,,,,,,,,,
2009-07-20,,,,,,,,2462.5,,,,,,,,,,,,,
2009-07-21,,,,,,,,2465.8,,,,,,,,,,,,,
2009-07-22,,,,,,,,2467.2,,,,,,,,,,,,,
2009-07-23,,,,,,,,2468.5,,,,,,,,,,,,,
2009-07-24,,,,,,,,2468.8,,,,,,,,,,,,,
2009-07-25,,,,,,,,2468.8,,,,,,,,,,,,,
2009-07-26,,,,,,,,2468.4,,,,,,,,,,,,,
2009-07-27,,,,,,,,2468.5,,,,,,,,,,,,,
2009-07-28,,,,,,,,2468.8,,,,,,,,,,,,,
2009-07-29,,,,,,,,2468.6,,,,,,,,,,,,,
2009-07-30,,,,,,,,2468.4,,,,,,,,,,,,,
2009-07-31,,,,,,,,2468.7,,,,,,,,,,,,,
2009-08-01,,,,,,,,2468.8,,,,,,,,,,,,,
2009-08-02,,,,,,,,2468.8,,,,,,,,,,,,,
2009-08-03,,,,,,,,2468.65,,,,,,,,,,,,,
2009-08-04,,,,,,,,2468.48,,,,,,,,,,,,,
2009-08-05,,,,,,,,2468.7,,,,,,,,,,,,,
2009-08-06,,,,,,,,2468.6,,,,,,,,,,,,,
2009-08-07,,,,,,,,2468.2,,,,,,,,,,,,,
2009-08-08,,,,,,,,2468.0,,,,,,,,,,,,,
2009-08-09,,,,,,,,2467.95,,,,,,,,,,,,,
2009-08-10,,,,,,,,2467.65,,,,,,,,,,,,,
2009-08-11,,,,,,,,2467.28,,,,,,,,,,,,,
2009-08-12,,,,,,,,2466.91,,,,,,,,,,,,,
2009-08-13,,,,,,,,2466.55,,,,,,,,,,,,,
2009-08-14,,,,,,,,2466.3,,,,,,,,,,,,,
2009-08-15,,,,,,,,2466.34,,,,,,,,,,,,,
2009-08-16,,,,,,,,2466.25,,,,,,,,,,,,,
2009-08-17,,,,,,,,2466.6,,,,,,,,,,,,,
2009-08-18,,,,,,,,2467.0,,,,,,,,,,,,,
2009-08-19,,,,,,,,2467.14,,,,,,,,,,,,,
2009-08-20,,,,,,,,2467.0,,,,,,,,,,,,,
2009-08-21,,,,,,,,2467.0,,,,,,,,,,,,,
2009-08-22,,,,,,,,2467.02,,,,,,,,,,,,,
2009-08-23,,,,,,,,2467.08,,,,,,,,,,,,,
2009-08-24,,,,,,,,2467.13,,,,,,,,,,,,,
2009-08-25,,,,,,,,2467.15,,,,,,,,,,,,,
2009-08-26,,,,,,,,2467.15,,,,,,,,,,,,,
2009-08-27,,,,,,,,2467.19,,,,,,,,,,,,,
2009-08-28,,,,,,,,2467.24,,,,,,,,,,,,,
2009-08-29,,,,,,,,2467.18,,,,,,,,,,,,,
2009-08-30,,,,,,,,2467.08,,,,,,,,,,,,,
2009-08-31,,,,,,,,2466.93,,,,,,,,,,,,,
2009-09-01,,,,,,,,2466.77,,,,,,,,,,,,,
2009-09-02,,,,,,,,2466.68,,,,,,,,,,,,,
2009-09-03,,,,,,,,2466.65,,,,,,,,,,,,,
2009-09-04,,,,,,,,2466.66,,,,,,,,,,,,,
2009-09-05,,,,,,,,2466.7,,,,,,,,,,,,,
2009-09-06,,,,,,,,2467.0,,,,,,,,,,,,,
2009-09-07,,,,,,,,2467.5,,,,,,,,,,,,,
2009-09-08,,,,,,,,2468.0,,,,,,,,,,,,,
2009-09-09,,,,,,,,2468.2,,,,,,,,,,,,,
2009-09-10,,,,,,,,2468.16,,,,,,,,,,,,,
2009-09-11,,,,,,,,2468.13,,,,,,,,,,,,,
2009-09-12,,,,,,,,2468.1,,,,,,,,,,,,,
2009-09-13,,,,,,,,2468.0,,,,,,,,,,,,,
2009-09-14,,,,,,,,2467.9,,,,,,,,,,,,,
2009-09-15,,,,,,,,2467.87,,,,,,,,,,,,,
2009-09-16,,,,,,,,2467.88,,,,,,,,,,,,,
2009-09-17,,,,,,,,2467.75,,,,,,,,,,,,,
2009-09-18,,,,,,,,2467.68,,,,,,,,,,,,,
2009-09-19,,,,,,,,2467.76,,,,,,,,,,,,,
2009-09-20,,,,,,,,2467.9,,,,,,,,,,,,,
2009-09-21,,,,,,,,2467.9,,,,,,,,,,,,,
2009-09-22,,,,,,,,2467.85,,,,,,,,,,,,,
2009-09-23,,,,,,,,2467.78,,,,,,,,,,,,,
2009-09-24,,,,,,,,2467.69,,,,,,,,,,,,,
2009-09-25,,,,,,,,2467.6,,,,,,,,,,,,,
2009-09-26,,,,,,,,2467.52,,,,,,,,,,,,,
2009-09-27,,,,,,,,2467.45,,,,,,,,,,,,,
2009-09-28,,,,,,,,2467.37,,,,,,,,,,,,,
2009-09-29,,,,,,,,2467.27,,,,,,,,,,,,,
2009-09-30,,,,,,,,2467.14,,,,,,,,,,,,,
2009-10-01,,,,,,,,2467.0,,,,,,,,,,,,,
2009-10-02,,,,,,,,2466.83,,,,,,,,,,,,,
2009-10-03,,,,,,,,2466.66,,,,,,,,,,,,,
2009-10-04,,,,,,,,2466.73,,,,,,,,,,,,,
2009-10-05,,,,,,,,2466.87,,,,,,,,,,,,,
2009-10-06,,,,,,,,2467.03,,,,,,,,,,,,,
2009-10-07,,,,,,,,2467.16,,,,,,,,,,,,,
2009-10-08,,,,,,,,2467.25,,,,,,,,,,,,,
2009-10-09,,,,,,,,2467.28,,,,,,,,,,,,,
2009-10-10,,,,,,,,2467.3,,,,,,,,,,,,,
2009-10-11,,,,,,,,2467.28,,,,,,,,,,,,,
2009-10-12,,,,,,,,2467.3,,,,,,,,,,,,,
2009-10-13,,,,,,,,2467.35,,,,,,,,,,,,,
2009-10-14,,,,,,,,2467.42,,,,,,,,,,,,,
2009-10-15,,,,,,,,2467.47,,,,,,,,,,,,,
2009-10-16,,,,,,,,2467.5,,,,,,,,,,,,,
2009-10-17,,,,,,,,2467.53,,,,,,,,,,,,,
2009-10-18,,,,,,,,2467.56,,,,,,,,,,,,,
2009-10-19,,,,,,,,2467.54,,,,,,,,,,,,,
2009-10-20,,,,,,,,2467.48,,,,,,,,,,,,,
2009-10-21,,,,,,,,2467.41,,,,,,,,,,,,,
2009-10-22,,,,,,,,2467.4,,,,,,,,,,,,,
2009-10-23,,,,,,,,2467.41,,,,,,,,,,,,,
2009-10-24,,,,,,,,2467.38,,,,,,,,,,,,,
2009-10-25,,,,,,,,2467.31,,,,,,,,,,,,,
2009-10-26,,,,,,,,2467.22,,,,,,,,,,,,,
2009-10-27,,,,,,,,2467.12,,,,,,,,,,,,,
2009-10-28,,,,,,,,2467.0,,,,,,,,,,,,,
2009-10-29,,,,,,,,2466.85,,,,,,,,,,,,,
2009-10-30,,,,,,,,2466.7,,,,,,,,,,,,,
2009-10-31,,,,,,,,2466.56,,,,,,,,,,,,,
2009-11-01,,,,,,,,2466.43,,,,,,,,,,,,,
2009-11-02,,,,,,,,2466.3,,,,,,,,,,,,,
2009-11-03,,,,,,,,2466.18,,,,,,,,,,,,,
2009-11-04,,,,,,,,2466.06,,,,,,,,,,,,,
2009-11-05,,,,,,,,2466.0,,,,,,,,,,,,,
2009-11-06,,,,,,,,2465.98,,,,,,,,,,,,,
2009-11-07,,,,,,,,2465.95,,,,,,,,,,,,,
2009-11-08,,,,,,,,2465.96,,,,,,,,,,,,,
2009-11-09,,,,,,,,2465.99,,,,,,,,,,,,,
2009-11-10,,,,,,,,2466.1,,,,,,,,,,,,,
2009-11-11,,,,,,,,2466.35,,,,,,,,,,,,,
2009-11-12,,,,,,,,2466.75,,,,,,,,,,,,,
2009-11-13,,,,,,,,2467.0,,,,,,,,,,,,,
2009-11-14,,,,,,,,2467.1,,,,,,,,,,,,,
2009-11-15,,,,,,,,2467.12,,,,,,,,,,,,,
2009-11-16,,,,,,,,2467.14,,,,,,,,,,,,,
2009-11-17,,,,,,,,2467.3,,,,,,,,,,,,,
2009-11-18,,,,,,,,2467.45,,,,,,,,,,,,,
2009-11-19,,,,,,,,2467.5,,,,,,,,,,,,,
2009-11-20,,,,,,,,2467.52,,,,,,,,,,,,,
2009-11-21,,,,,,,,2467.57,,,,,,,,,,,,,
2009-11-22,,,,,,,,2467.62,,,,,,,,,,,,,
2009-11-23,,,,,,,,2467.63,,,,,,,,,,,,,
2009-11-24,,,,,,,,2467.6,,,,,,,,,,,,,
2009-11-25,,,,,,,,2467.58,,,,,,,,,,,,,
2009-11-26,,,,,,,,2467.59,,,,,,,,,,,,,
2009-11-27,,,,,,,,2467.6,,,,,,,,,,,,,
2009-11-28,,,,,,,,2467.61,,,,,,,,,,,,,
2009-11-29,,,,,,,,2467.67,,,,,,,,,,,,,
2009-11-30,,,,,,,,2467.82,,,,,,,,,,,,,
2009-12-01,,,,,,,,2467.96,,,,,,,,,,,,,
2009-12-02,,,,,,,,2468.04,,,,,,,,,,,,,
2009-12-03,,,,,,,,2468.1,,,,,,,,,,,,,
2009-12-04,,,,,,,,2468.15,,,,,,,,,,,,,
2009-12-05,,,,,,,,2468.2,,,,,,,,,,,,,
2009-12-06,,,,,,,,2468.25,,,,,,,,,,,,,
2009-12-07,,,,,,,,2468.3,,,,,,,,,,,,,
2009-12-08,,,,,,,,2468.35,,,,,,,,,,,,,
2009-12-09,,,,,,,,2468.38,,,,,,,,,,,,,
2009-12-10,,,,,,,,2468.4,,,,,,,,,,,,,
2009-12-11,,,,,,,,2468.4,,,,,,,,,,,,,
2009-12-12,,,,,,,,2468.36,,,,,,,,,,,,,
2009-12-13,,,,,,,,2468.3,,,,,,,,,,,,,
2009-12-14,,,,,,,,2468.22,,,,,,,,,,,,,
2009-12-15,,,,,,,,2468.15,,,,,,,,,,,,,
2009-12-16,,,,,,,,2468.03,,,,,,,,,,,,,
2009-12-17,,,,,,,,2467.93,,,,,,,,,,,,,
2009-12-18,,,,,,,,2467.82,,,,,,,,,,,,,
2009-12-19,,,,,,,,2467.72,,,,,,,,,,,,,
2009-12-20,,,,,,,,2467.63,,,,,,,,,,,,,
2009-12-21,,,,,,,,2467.53,,,,,,,,,,,,,
2009-12-22,,,,,,,,2467.5,,,,,,,,,,,,,
2009-12-23,,,,,,,,2467.44,,,,,,,,,,,,,
2009-12-24,,,,,,,,2467.36,,,,,,,,,,,,,
2009-12-25,,,,,,,,2467.25,,,,,,,,,,,,,
2009-12-26,,,,,,,,2467.12,,,,,,,,,,,,,
2009-12-30,,,,,,,,2466.72,,,,,,,,,,,,,
2010-01-18,,,,,,,,2466.32,,,,,,,,,,,,,
2010-01-30,,,,,,,,2463.56,,,,,,,,,,,,,
2010-02-18,,,,,,,,2459.82,,,,,,,,,,,,,
2010-03-18,,,,,,,,2452.63,,,,,,,,,,,,,
2010-03-30,,,,,,,,2448.21,,,,,,,,,,,,,
2010-04-18,,,,,,,,2443.28,,,,,,,,,,,,,
2010-04-30,,,,,,,,2438.07,,,,,,,,,,,,,
2010-05-18,,,,,,,,2433.08,,,,,,,,,,,,,
2010-05-30,,,,,,,,2428.21,,,,,,,,,,,,,
2010-06-18,,,,,,,,2424.1,,,,,,,,,,,,,
2010-06-30,,,,,,,,2427.54,,,,,,,,,,,,,
2010-07-18,,,,,,,,2429.5,,,,,,,,,,,,,
2010-07-30,,,,,,,,2438.8,,,,,,,,,,,,,
2010-08-18,,,,,,,,2453.0,,,,,,,,,,,,,
2010-08-30,,,,,,,,2456.45,,,,,,,,,,,,,
2010-09-18,,,,,,,,2461.8,,,,,,,,,,,,,
2010-09-30,,,,,,,,2464.35,,,,,,,,,,,,,
2010-10-18,,,,,,,,2468.1,,,,,,,,,,,,,
2010-10-30,,,,,,,,2468.7,,,,,,,,,,,,,
2010-11-18,,,,,,,,2468.37,,,,,,,,,,,,,
2010-11-30,,,,,,,,2468.8,,,,,,,,,,,,,
2010-12-18,,,,,,,,2467.79,,,,,,,,,,,,,
2010-12-30,,,,,,,,2466.67,,,,,,,,,,,,,
2011-01-18,,,,,,,,2465.48,,,,,,,,,,,,,
2011-01-30,,,,,,,,2463.0,,,,,,,,,,,,,
2011-01-31,,,,,,,,2462.81,,,,,,,,,,,,,
2011-02-18,,,,,,,,2459.75,,,,,,,,,,,,,
2011-03-18,,,,,,,,2454.0,,,,,,,,,,,,,
2011-03-30,,,,,,,,2450.34,,,,,,,,,,,,,
2011-04-18,,,,,,,,2446.36,,,,,,,,,,,,,
2011-04-30,,,,,,,,2446.1,,,,,,,,,,,,,
2011-05-18,,,,,,,,2439.71,,,,,,,,,,,,,
2011-05-30,,,,,,,,2435.94,,,,,,,,,,,,,
2011-06-07,,,,,,,,2436.7,,,,,,,,,,,,,
2011-06-18,,,,,,,,2440.92,,,,,,,,,,,,,
2011-06-30,,,,,,,,2445.15,,,,,,,,,,,,,
2011-07-01,,,,,,,,2445.42,,,,,,,,,,,,,
2011-07-18,,,,,,,,2448.4,,,,,,,,,,,,,
2011-07-30,,,,,,,,2461.1,,,,,,,,,,,,,
2011-08-18,,,,,,,,2468.65,,,,,,,,,,,,,
2011-08-30,,,,,,,,2467.5,,,,,,,,,,,,,
2011-08-31,,,,,,,,2467.6,,,,,,,,,,,,,
2011-09-30,,,,,,,,2466.41,,,,,,,,,,,,,
2011-10-18,,,,,,,,2467.07,,,,,,,,,,,,,
2011-10-30,,,,,,,,2467.81,,,,,,,,,,,,,
2011-11-18,,,,,,,,2467.42,,,,,,,,,,,,,
2011-11-30,,,,,,,,2465.76,,,,,,,,,,,,,
2011-12-18,,,,,,,,2463.87,,,,,,,,,,,,,
2011-12-30,,,,,,,,2462.27,,,,,,,,,,,,,
2012-01-01,,,,,,,,2462.33,,,,,,,,,,,,,
2012-01-18,,,,,,,,2461.83,,,,,,,,,,,,,
2012-01-30,,,,,,,,2459.15,,,,,,,,,,,,,
2012-03-18,,,,,,,,2446.91,,,,,,,,,,,,,
2012-03-30,,,,,,,,2442.63,,,,,,,,,,,,,
2012-04-18,,,,,,,,2432.87,,,,,,,,,,,,,
2012-04-30,,,,,,,,2432.6,,,,,,,,,,,,,
2012-05-18,,,,,,,,2425.65,,,,,,,,,,,,,
2012-05-20,,,,,,,,2425.73,,,,,,,,,,,,,
2012-05-30,,,,,,,,2418.18,,,,,,,,,,,,,
2012-06-18,,,,,,,,2416.35,,,,,,,,,,,,,
2012-06-30,,,,,,,,2419.45,,,,,,,,,,,,,
2012-07-01,,,,,,,,2419.5,,,,,,,,,,,,,
2012-07-02,,,,,,,,2418.75,,,,,,,,,,,,,
2012-07-03,,,,,,,,2418.1,,,,,,,,,,,,,
2012-07-04,,,,,,,,2417.8,,,,,,,,,,,,,
2012-07-05,,,,,,,,2419.5,,,,,,,,,,,,,
2012-07-06,,,,,,,,2421.3,,,,,,,,,,,,,
2012-07-07,,,,,,,,2422.5,,,,,,,,,,,,,
2012-07-08,,,,,,,,2422.65,,,,,,,,,,,,,
2012-07-09,,,,,,,,2422.5,,,,,,,,,,,,,
2012-07-10,,,,,,,,2422.15,,,,,,,,,,,,,
2012-07-11,,,,,,,,2421.8,,,,,,,,,,,,,
2012-07-12,,,,,,,,2421.45,,,,,,,,,,,,,
2012-07-13,,,,,,,,2421.2,,,,,,,,,,,,,
2012-07-14,,,,,,,,2421.0,,,,,,,,,,,,,
2012-07-15,,,,,,,,2420.8,,,,,,,,,,,,,
2012-07-16,,,,,,,,2420.6,,,,,,,,,,,,,
2012-07-17,,,,,,,,2420.4,,,,,,,,,,,,,
2012-07-18,,,,,,,,2420.22,,,,,,,,,,,,,
2012-07-19,,,,,,,,2420.08,,,,,,,,,,,,,
2012-07-20,,,,,,,,2419.95,,,,,,,,,,,,,
2012-07-21,,,,,,,,2419.8,,,,,,,,,,,,,
2012-07-22,,,,,,,,2419.6,,,,,,,,,,,,,
2012-07-23,,,,,,,,2419.44,,,,,,,,,,,,,
2012-07-24,,,,,,,,2419.33,,,,,,,,,,,,,
2012-07-25,,,,,,,,2419.27,,,,,,,,,,,,,
2012-07-26,,,,,,,,2419.2,,,,,,,,,,,,,
2012-07-27,,,,,,,,2419.14,,,,,,,,,,,,,
2012-07-28,,,,,,,,2419.09,,,,,,,,,,,,,
2012-07-29,,,,,,,,2419.27,,,,,,,,,,,,,
2012-07-30,,,,,,,,2419.75,,,,,,,,,,,,,
2012-07-31,,,,,,,,2420.6,,,,,,,,,,,,,
2012-08-01,,,,,,,,2421.4,,,,,,,,,,,,,
2012-08-18,,,,,,,,2447.17,,,,,,,,,,,,,
2012-08-30,,,,,,,,2445.65,,,,,,,,,,,,,
2012-09-01,,,,,,,,2447.36,,,,,,,,,,,,,
2012-09-17,,,,,,,,2454.6,,,,,,,,,,,,,
2012-09-18,,,,,,,,2454.55,,,,,,,,,,,,,
2012-09-20,,,,,,,,2454.45,,,,,,,,,,,,,
2012-09-30,,,,,,,,2453.5,,,,,,,,,,,,,
2013-01-01,,,,,,,,2426.8,,,,,,,,,,,,,
2013-01-02,,,,,,,,2426.93,,,,,,,,,,,,,
2013-01-03,,,,,,,,2427.0,,,,,,,,,,,,,
2013-01-04,,,,,,,,2427.06,,,,,,,,,,,,,
2013-01-05,,,,,,,,2427.1,,,,,,,,,,,,,
2013-01-06,,,,,,,,2427.15,,,,,,,,,,,,,
2013-01-07,,,,,,,,2427.19,,,,,,,,,,,,,
2013-01-08,,,,,,,,2427.24,,,,,,,,,,,,,
2013-01-09,,,,,,,,2427.29,,,,,,,,,,,,,
2013-01-10,,,,,,,,2427.33,,,,,,,,,,,,,
2013-01-11,,,,,,,,2427.36,,,,,,,,,,,,,
2013-01-12,,,,,,,,2427.08,,,,,,,,,,,,,
2013-01-13,,,,,,,,2426.46,,,,,,,,,,,,,
2013-01-14,,,,,,,,2425.83,,,,,,,,,,,,,
2013-01-15,,,,,,,,2425.52,,,,,,,,,,,,,
2013-01-16,,,,,,,,2425.55,,,,,,,,,,,,,
2013-01-17,,,,,,,,2425.54,,,,,,,,,,,,,
2013-01-18,,,,,,,,2425.55,,,,,,,,,,,,,
2013-01-20,,,,,,,,2425.54,,,,,,,,,,,,,
2013-01-21,,,,,,,,2425.55,,,,,,,,,,,,,
2013-01-22,,,,,,,,2425.55,,,,,,,,,,,,,
2013-01-23,,,,,,,,2425.54,,,,,,,,,,,,,
2013-01-24,,,,,,,,2425.53,,,,,,,,,,,,,
2013-01-25,,,,,,,,2425.53,,,,,,,,,,,,,
2013-01-26,,,,,,,,2425.51,,,,,,,,,,,,,
2013-01-27,,,,,,,,2425.5,,,,,,,,,,,,,
2013-01-28,,,,,,,,2425.49,,,,,,,,,,,,,
2013-01-29,,,,,,,,2425.47,,,,,,,,,,,,,
2013-01-30,,,,,,,,2425.46,,,,,,,,,,,,,
2013-01-31,,,,,,,,2425.45,,,,,,,,,,,,,
2013-03-19,,,,,,,,2418.09,,,,,,,,,,,,,
2013-06-18,,,,,,,,2415.0,,,,,,,,,,,,,
2013-06-30,,,,,,,,2434.9,,,,,,,,,,,,,
2013-07-16,,,,,,,,2457.69,,,,,,,,,,,,,
2013-07-17,,,,,,,,2457.82,,,,,,,,,,,,,
2013-07-18,,,,,,,,2458.15,,,,,,,,,,,,,
2013-07-20,,,,,,,,2459.93,,,,,,,,,,,,,
2013-07-21,,,,,,,,2462.8,,,,,,,,,,,,,
2013-09-18,,,,,,,,2466.82,,,,,,,,,,,,,
2013-09-30,,,,,,,,2468.11,,,,,,,,,,,,,
2013-11-18,,,,,,,,2463.23,,,,,,,,,,,,,
2013-11-21,,,,,,,,2462.85,,,,,,,,,,,,,
2013-11-30,,,,,,,,2463.18,,,,,,,,,,,,,
2014-02-18,,,,,,,,2452.26,,,,,,,,,,,,,
2014-04-01,,,,,,,,2440.2,,,,,,,,,,,,,
2014-04-02,,,,,,,,2440.15,,,,,,,,,,,,,
2014-04-03,,,,,,,,2440.1,,,,,,,,,,,,,
2014-04-04,,,,,,,,2440.05,,,,,,,,,,,,,
2014-04-05,,,,,,,,2440.0,,,,,,,,,,,,,
2014-04-07,,,,,,,,2439.9,,,,,,,,,,,,,
2014-04-08,,,,,,,,2439.83,,,,,,,,,,,,,
2014-04-09,,,,,,,,2439.75,,,,,,,,,,,,,
2014-04-10,,,,,,,,2439.67,,,,,,,,,,,,,
2014-04-11,,,,,,,,2439.59,,,,,,,,,,,,,
2014-04-12,,,,,,,,2439.27,,,,,,,,,,,,,
2014-04-13,,,,,,,,2438.7,,,,,,,,,,,,,
2014-04-14,,,,,,,,2438.12,,,,,,,,,,,,,
2014-04-15,,,,,,,,2437.53,,,,,,,,,,,,,
2014-04-16,,,,,,,,2436.93,,,,,,,,,,,,,
2014-04-17,,,,,,,,2436.31,,,,,,,,,,,,,
2014-04-18,,,,,,,,2435.69,,,,,,,,,,,,,
2014-04-19,,,,,,,,2435.06,,,,,,,,,,,,,
2014-04-20,,,,,,,,2434.39,,,,,,,,,,,,,
2014-04-21,,,,,,,,2433.71,,,,,,,,,,,,,
2014-04-22,,,,,,,,2433.02,,,,,,,,,,,,,
2014-04-23,,,,,,,,2432.31,,,,,,,,,,,,,
2014-04-24,,,,,,,,2431.59,,,,,,,,,,,,,
2014-04-25,,,,,,,,2430.86,,,,,,,,,,,,,
2014-04-26,,,,,,,,2430.11,,,,,,,,,,,,,
2014-04-27,,,,,,,,2429.35,,,,,,,,,,,,,
2014-04-28,,,,,,,,2428.58,,,,,,,,,,,,,
2014-04-29,,,,,,,,2428.5,,,,,,,,,,,,,
2014-04-30,,,,,,,,2428.42,,,,,,,,,,,,,
2014-05-13,,,,,,,,2428.15,,,,,,,,,,,,,
2014-06-18,,,,,,,,2416.5,,,,,,,,,,,,,
2014-06-30,,,,,,,,2425.13,,,,,,,,,,,,,
2015-01-01,,,,,,,,2461.37,,,,,,,,,,,,,
2015-01-02,,,,,,,,2461.43,,,,,,,,,,,,,
2015-01-03,,,,,,,,2461.49,,,,,,,,,,,,,
2015-01-04,,,,,,,,2461.56,,,,,,,,,,,,,
2015-01-05,,,,,,,,2461.6,,,,,,,,,,,,,
2015-01-06,,,,,,,,2461.63,,,,,,,,,,,,,
2015-01-07,,,,,,,,2461.66,,,,,,,,,,,,,
2015-01-08,,,,,,,,2461.7,,,,,,,,,,,,,
2015-01-09,,,,,,,,2461.73,,,,,,,,,,,,,
2015-01-10,,,,,,,,2461.77,,,,,,,,,,,,,
2015-01-11,,,,,,,,2461.78,,,,,,,,,,,,,
2015-01-12,,,,,,,,2461.59,,,,,,,,,,,,,
2015-01-14,,,,,,,,2461.1,,,,,,,,,,,,,
2015-01-15,,,,,,,,2460.83,,,,,,,,,,,,,
2015-01-16,,,,,,,,2460.54,,,,,,,,,,,,,
2015-01-17,,,,,,,,2460.22,,,,,,,,,,,,,
2015-01-18,,,,,,,,2499.9,,,,,,,,,,,,,
2015-01-19,,,,,,,,2459.57,,,,,,,,,,,,,
2015-01-20,,,,,,,,2459.33,,,,,,,,,,,,,
2015-01-21,,,,,,,,2459.11,,,,,,,,,,,,,
2015-01-22,,,,,,,,2458.87,,,,,,,,,,,,,
2015-01-23,,,,,,,,2458.6,,,,,,,,,,,,,
2015-01-24,,,,,,,,2458.3,,,,,,,,,,,,,
2015-01-25,,,,,,,,2458.02,,,,,,,,,,,,,
2015-01-26,,,,,,,,2457.76,,,,,,,,,,,,,
2015-01-27,,,,,,,,2457.6,,,,,,,,,,,,,
2015-01-28,,,,,,,,2457.38,,,,,,,,,,,,,
2015-01-29,,,,,,,,2457.38,,,,,,,,,,,,,
2015-01-30,,,,,,,,2457.39,,,,,,,,,,,,,
2015-01-31,,,,,,,,2457.39,,,,,,,,,,,,,
2015-03-13,,,,,,,,2449.25,,,,,,,,,,,,,
2015-04-06,,,,,,,,2439.88,,,,,,,,,,,,,
2015-04-21,,,,,,,,2435.5,,,,,,,,,,,,,
2015-04-30,,,,,,,,2429.92,,,,,,,,,,,,,
2015-05-01,,,,,,,,2429.24,,,,,,,,,,,,,
2015-05-02,,,,,,,,2429.2,,,,,,,,,,,,,
2015-05-03,,,,,,,,2429.17,,,,,,,,,,,,,
2015-05-04,,,,,,,,2429.14,,,,,,,,,,,,,
2015-05-05,,,,,,,,2429.1,,,,,,,,,,,,,
2015-05-06,,,,,,,,2429.06,,,,,,,,,,,,,
2015-05-07,,,,,,,,2429.03,,,,,,,,,,,,,
2015-05-08,,,,,,,,2429.0,,,,,,,,,,,,,
2015-05-09,,,,,,,,2428.97,,,,,,,,,,,,,
2015-05-10,,,,,,,,2428.94,,,,,,,,,,,,,
2015-05-11,,,,,,,,2428.88,,,,,,,,,,,,,
2015-05-12,,,,,,,,2428.81,,,,,,,,,,,,,
2015-05-13,,,,,,,,2428.65,,,,,,,,,,,,,
2015-05-14,,,,,,,,2428.18,,,,,,,,,,,,,
2015-05-15,,,,,,,,2427.7,,,,,,,,,,,,,
2015-05-16,,,,,,,,2427.22,,,,,,,,,,,,,
2015-05-17,,,,,,,,2426.74,,,,,,,,,,,,,
2015-05-18,,,,,,,,2426.4,,,,,,,,,,,,,
2015-05-19,,,,,,,,2426.12,,,,,,,,,,,,,
2015-05-20,,,,,,,,2426.0,,,,,,,,,,,,,
2015-05-21,,,,,,,,2426.0,,,,,,,,,,,,,
2015-05-22,,,,,,,,2426.03,,,,,,,,,,,,,
2015-05-23,,,,,,,,2425.9,,,,,,,,,,,,,
2015-05-24,,,,,,,,2425.23,,,,,,,,,,,,,
2015-05-25,,,,,,,,2424.55,,,,,,,,,,,,,
2015-05-26,,,,,,,,2423.85,,,,,,,,,,,,,
2015-05-27,,,,,,,,2423.14,,,,,,,,,,,,,
2015-05-28,,,,,,,,2422.49,,,,,,,,,,,,,
2015-05-29,,,,,,,,2421.79,,,,,,,,,,,,,
2015-05-30,,,,,,,,2421.19,,,,,,,,,,,,,
2015-05-31,,,,,,,,2420.72,,,,,,,,,,,,,
2015-06-01,,,,,,,,2420.27,,,,,,,,,,,,,
2015-06-02,,,,,,,,2420.3,,,,,,,,,,,,,
2015-06-03,,,,,,,,2420.34,,,,,,,,,,,,,
2015-06-04,,,,,,,,2420.4,,,,,,,,,,,,,
2015-06-05,,,,,,,,2420.5,,,,,,,,,,,,,
2015-06-06,,,,,,,,2420.58,,,,,,,,,,,,,
2015-06-07,,,,,,,,2420.63,,,,,,,,,,,,,
2015-06-08,,,,,,,,2420.67,,,,,,,,,,,,,
2015-06-09,,,,,,,,2420.71,,,,,,,,,,,,,
2015-06-10,,,,,,,,2420.74,,,,,,,,,,,,,
2015-06-11,,,,,,,,2420.76,,,,,,,,,,,,,
2015-06-12,,,,,,,,2420.78,,,,,,,,,,,,,
2015-06-13,,,,,,,,2420.8,,,,,,,,,,,,,
2015-06-14,,,,,,,,2420.83,,,,,,,,,,,,,
2015-06-15,,,,,,,,2420.87,,,,,,,,,,,,,
2015-06-16,,,,,,,,2420.89,,,,,,,,,,,,,
2015-06-17,,,,,,,,2420.93,,,,,,,,,,,,,
2015-06-18,,,,,,,,2420.98,,,,,,,,,,,,,
2015-06-19,,,,,,,,2421.1,,,,,,,,,,,,,
2015-06-20,,,,,,,,2421.26,,,,,,,,,,,,,
2015-06-21,,,,,,,,2421.75,,,,,,,,,,,,,
2015-06-22,,,,,,,,2424.4,,,,,,,,,,,,,
2015-06-23,,,,,,,,2429.0,,,,,,,,,,,,,
2015-06-24,,,,,,,,2433.0,,,,,,,,,,,,,
2015-06-25,,,,,,,,2435.6,,,,,,,,,,,,,
2015-06-26,,,,,,,,2438.25,,,,,,,,,,,,,
2015-06-27,,,,,,,,2441.2,,,,,,,,,,,,,
2015-06-28,,,,,,,,2445.25,,,,,,,,,,,,,
2015-06-29,,,,,,,,2448.6,,,,,,,,,,,,,
2015-06-30,,,,,,,,2450.4,,,,,,,,,,,,,
2015-07-01,,,,,,,,2451.2,,,,,,,,,,,,,
2015-07-02,,,,,,,,2451.6,,,,,,,,,,,,,
2015-07-03,,,,,,,,2452.0,,,,,,,,,,,,,
2015-07-04,,,,,,,,2452.3,,,,,,,,,,,,,
2015-07-05,,,,,,,,2452.47,,,,,,,,,,,,,
2015-07-06,,,,,,,,2452.6,,,,,,,,,,,,,
2015-07-07,,,,,,,,2452.65,,,,,,,,,,,,,
2015-07-08,,,,,,,,2452.67,,,,,,,,,,,,,
2015-07-09,,,,,,,,2452.68,,,,,,,,,,,,,
2015-07-10,,,,,,,,2452.68,,,,,,,,,,,,,
2015-07-11,,,,,,,,2452.62,,,,,,,,,,,,,
2015-07-12,,,,,,,,2452.67,,,,,,,,,,,,,
2015-07-13,,,,,,,,2452.83,,,,,,,,,,,,,
2015-07-14,,,,,,,,2452.94,,,,,,,,,,,,,
2015-07-15,,,,,,,,2452.91,,,,,,,,,,,,,
2015-07-16,,,,,,,,2452.8,,,,,,,,,,,,,
2015-07-17,,,,,,,,2452.53,,,,,,,,,,,,,
2015-07-18,,,,,,,,2451.93,,,,,,,,,,,,,
2015-07-19,,,,,,,,2451.4,,,,,,,,,,,,,
2015-07-20,,,,,,,,2452.0,,,,,,,,,,,,,
2015-07-21,,,,,,,,2453.25,,,,,,,,,,,,,
2015-07-22,,,,,,,,2453.83,,,,,,,,,,,,,
2015-07-23,,,,,,,,2453.96,,,,,,,,,,,,,
2015-07-24,,,,,,,,2453.75,,,,,,,,,,,,,
2015-07-25,,,,,,,,2453.4,,,,,,,,,,,,,
2015-07-26,,,,,,,,2453.0,,,,,,,,,,,,,
2015-07-27,,,,,,,,2452.6,,,,,,,,,,,,,
2015-07-28,,,,,,,,2452.15,,,,,,,,,,,,,
2015-07-29,,,,,,,,2451.7,,,,,,,,,,,,,
2015-07-30,,,,,,,,2451.28,,,,,,,,,,,,,
2015-07-31,,,,,,,,2450.9,,,,,,,,,,,,,
2015-08-01,,,,,,,,2450.67,,,,,,,,,,,,,
2015-08-02,,,,,,,,2450.37,,,,,,,,,,,,,
2015-08-03,,,,,,,,2450.02,,,,,,,,,,,,,
2015-08-04,,,,,,,,2449.63,,,,,,,,,,,,,
2015-08-05,,,,,,,,2449.21,,,,,,,,,,,,,
2015-08-06,,,,,,,,2449.0,,,,,,,,,,,,,
2015-08-07,,,,,,,,2449.05,,,,,,,,,,,,,
2015-08-08,,,,,,,,2449.45,,,,,,,,,,,,,
2015-08-09,,,,,,,,2450.05,,,,,,,,,,,,,
2015-08-10,,,,,,,,2450.52,,,,,,,,,,,,,
2015-08-11,,,,,,,,2450.82,,,,,,,,,,,,,
2015-08-12,,,,,,,,2451.05,,,,,,,,,,,,,
2015-08-13,,,,,,,,2451.4,,,,,,,,,,,,,
2015-08-14,,,,,,,,2451.62,,,,,,,,,,,,,
2015-08-15,,,,,,,,2451.9,,,,,,,,,,,,,
2015-08-16,,,,,,,,2451.93,,,,,,,,,,,,,
2015-08-17,,,,,,,,2451.91,,,,,,,,,,,,,
2015-08-18,,,,,,,,2452.12,,,,,,,,,,,,,
2015-08-19,,,,,,,,2452.25,,,,,,,,,,,,,
2015-08-20,,,,,,,,2452.25,,,,,,,,,,,,,
2015-08-21,,,,,,,,2451.9,,,,,,,,,,,,,
2015-08-22,,,,,,,,2451.41,,,,,,,,,,,,,
2015-08-23,,,,,,,,2451.07,,,,,,,,,,,,,
2015-08-24,,,,,,,,2450.41,,,,,,,,,,,,,
2015-08-25,,,,,,,,2449.53,,,,,,,,,,,,,
2015-08-26,,,,,,,,2449.15,,,,,,,,,,,,,
2015-08-27,,,,,,,,2448.95,,,,,,,,,,,,,
2015-08-28,,,,,,,,2448.92,,,,,,,,,,,,,
2015-08-29,,,,,,,,2448.76,,,,,,,,,,,,,
2015-08-30,,,,,,,,2448.41,,,,,,,,,,,,,
2015-08-31,,,,,,,,2448.05,,,,,,,,,,,,,
2015-09-01,,,,,,,,2447.67,,,,,,,,,,,,,
2015-09-02,,,,,,,,2447.33,,,,,,,,,,,,,
2015-09-03,,,,,,,,2447.05,,,,,,,,,,,,,
2015-09-04,,,,,,,,2447.05,,,,,,,,,,,,,
2015-09-05,,,,,,,,2447.15,,,,,,,,,,,,,
2015-09-06,,,,,,,,2447.5,,,,,,,,,,,,,
2015-09-07,,,,,,,,2448.28,,,,,,,,,,,,,
2015-09-08,,,,,,,,2448.9,,,,,,,,,,,,,
2015-09-09,,,,,,,,2449.38,,,,,,,,,,,,,
2015-09-10,,,,,,,,2450.1,,,,,,,,,,,,,
2015-09-11,,,,,,,,2450.56,,,,,,,,,,,,,
2015-09-12,,,,,,,,2450.78,,,,,,,,,,,,,
2015-09-13,,,,,,,,2450.95,,,,,,,,,,,,,
2015-09-14,,,,,,,,2451.04,,,,,,,,,,,,,
2015-09-15,,,,,,,,2450.96,,,,,,,,,,,,,
2015-09-16,,,,,,,,2450.7,,,,,,,,,,,,,
2015-09-17,,,,,,,,2450.4,,,,,,,,,,,,,
2015-09-18,,,,,,,,2450.15,,,,,,,,,,,,,
2015-09-19,,,,,,,,2449.94,,,,,,,,,,,,,
2015-09-20,,,,,,,,2449.57,,,,,,,,,,,,,
2015-09-21,,,,,,,,2449.15,,,,,,,,,,,,,
2015-09-22,,,,,,,,2449.0,,,,,,,,,,,,,
2015-09-23,,,,,,,,2448.81,,,,,,,,,,,,,
2015-09-24,,,,,,,,2448.37,,,,,,,,,,,,,
2015-09-25,,,,,,,,2447.63,,,,,,,,,,,,,
2015-09-26,,,,,,,,2447.12,,,,,,,,,,,,,
2015-09-27,,,,,,,,2446.85,,,,,,,,,,,,,
2015-09-28,,,,,,,,2446.9,,,,,,,,,,,,,
2015-09-29,,,,,,,,2447.1,,,,,,,,,,,,,
2015-09-30,,,,,,,,2447.36,,,,,,,,,,,,,
2015-10-07,,,,,,,,2450.32,,,,,,,,,,,,,
2015-10-08,,,,,,,,2450.84,,,,,,,,,,,,,
2015-10-09,,,,,,,,2451.18,,,,,,,,,,,,,
2015-10-10,,,,,,,,2451.56,,,,,,,,,,,,,
2015-10-14,,,,,,,,2452.85,,,,,,,,,,,,,
2015-10-15,,,,,,,,2452.77,,,,,,,,,,,,,
2015-10-16,,,,,,,,2452.63,,,,,,,,,,,,,
2015-10-26,,,,,,,,2449.66,,,,,,,,,,,,,
2015-10-29,,,,,,,,2448.88,,,,,,,,,,,,,
2015-11-07,,,,,,,,2452.56,,,,,,,,,,,,,
2015-11-08,,,,,,,,2452.85,,,,,,,,,,,,,
2015-11-09,,,,,,,,2453.04,,,,,,,,,,,,,
2015-11-10,,,,,,,,2453.32,,,,,,,,,,,,,
2015-11-14,,,,,,,,2454.48,,,,,,,,,,,,,
2015-11-15,,,,,,,,2454.65,,,,,,,,,,,,,
2015-11-16,,,,,,,,2454.87,,,,,,,,,,,,,
2015-11-26,,,,,,,,2454.75,,,,,,,,,,,,,
2015-11-29,,,,,,,,2454.15,,,,,,,,,,,,,
2015-12-07,,,,,,,,2454.08,,,,,,,,,,,,,
2015-12-08,,,,,,,,2454.16,,,,,,,,,,,,,
2015-12-09,,,,,,,,2454.25,,,,,,,,,,,,,
2015-12-10,,,,,,,,2454.15,,,,,,,,,,,,,
2015-12-14,,,,,,,,2453.1,,,,,,,,,,,,,
2015-12-15,,,,,,,,2452.85,,,,,,,,,,,,,
2015-12-16,,,,,,,,2452.57,,,,,,,,,,,,,
2015-12-26,,,,,,,,2450.63,,,,,,,,,,,,,
2015-12-29,,,,,,,,2450.35,,,,,,,,,,,,,
2016-01-07,,,,,,,,2449.58,,,,,,,,,,,,,
2016-01-08,,,,,,,,2449.27,,,,,,,,,,,,,
2016-01-09,,,,,,,,2449.0,,,,,,,,,,,,,
2016-01-10,,,,,,,,2448.71,,,,,,,,,,,,,
2016-01-14,,,,,,,,2447.36,,,,,,,,,,,,,
2016-01-15,,,,,,,,2447.0,,,,,,,,,,,,,
2016-01-16,,,,,,,,2446.6,,,,,,,,,,,,,
2016-01-26,,,,,,,,2444.61,,,,,,,,,,,,,
2016-01-29,,,,,,,,2444.56,,,,,,,,,,,,,
2016-02-07,,,,,,,,2441.92,,,,,,,,,,,,,
2016-02-08,,,,,,,,2441.53,,,,,,,,,,,,,
2016-02-09,,,,,,,,2441.15,,,,,,,,,,,,,
2016-02-10,,,,,,,,2440.75,,,,,,,,,,,,,
2016-02-14,,,,,,,,2439.15,,,,,,,,,,,,,
2016-02-15,,,,,,,,2438.75,,,,,,,,,,,,,
2016-02-16,,,,,,,,2438.34,,,,,,,,,,,,,
2016-02-26,,,,,,,,2437.41,,,,,,,,,,,,,
2016-02-29,,,,,,,,2437.27,,,,,,,,,,,,,
2016-03-07,,,,,,,,2435.43,,,,,,,,,,,,,
2016-03-08,,,,,,,,2434.94,,,,,,,,,,,,,
2016-03-09,,,,,,,,2434.43,,,,,,,,,,,,,
2016-03-14,,,,,,,,2431.88,,,,,,,,,,,,,
2016-03-15,,,,,,,,2431.36,,,,,,,,,,,,,
2016-03-16,,,,,,,,2430.84,,,,,,,,,,,,,
2016-03-26,,,,,,,,2427.29,,,,,,,,,,,,,
2016-03-29,,,,,,,,2427.18,,,,,,,,,,,,,
2016-04-07,,,,,,,,2426.58,,,,,,,,,,,,,
2016-04-08,,,,,,,,2426.16,,,,,,,,,,,,,
2016-04-09,,,,,,,,2425.78,,,,,,,,,,,,,
2016-04-14,,,,,,,,2425.02,,,,,,,,,,,,,
2016-04-15,,,,,,,,2424.97,,,,,,,,,,,,,
2016-04-16,,,,,,,,2424.92,,,,,,,,,,,,,
2016-04-26,,,,,,,,2424.42,,,,,,,,,,,,,
2016-04-29,,,,,,,,2424.26,,,,,,,,,,,,,
2016-05-07,,,,,,,,2423.64,,,,,,,,,,,,,
2016-05-09,,,,,,,,2423.53,,,,,,,,,,,,,
2016-05-14,,,,,,,,2423.24,,,,,,,,,,,,,
2016-05-15,,,,,,,,2423.19,,,,,,,,,,,,,
2016-05-16,,,,,,,,2423.13,,,,,,,,,,,,,
2016-05-25,,,,,,,,2422.65,,,,,,,,,,,,,
2016-05-26,,,,,,,,2422.59,,,,,,,,,,,,,
2016-05-29,,,,,,,,2422.2,,,,,,,,,,,,,
2016-06-07,,,,,,,,2420.6,,,,,,,,,,,,,
2016-06-15,,,,,,,,2418.59,,,,,,,,,,,,,
2016-06-16,,,,,,,,2418.04,,,,,,,,,,,,,
2016-06-25,,,,,,,,2413.34,,,,,,,,,,,,,
2016-06-26,,,,,,,,2413.33,,,,,,,,,,,,,
2016-06-29,,,,,,,,2413.65,,,,,,,,,,,,,
2016-07-07,,,,,,,,2433.3,,,,,,,,,,,,,
2016-07-09,,,,,,,,2434.75,,,,,,,,,,,,,
2016-07-14,,,,,,,,2439.8,,,,,,,,,,,,,
2016-07-15,,,,,,,,2440.45,,,,,,,,,,,,,
2016-07-16,,,,,,,,2440.95,,,,,,,,,,,,,
2016-07-26,,,,,,,,2443.5,,,,,,,,,,,,,
2016-07-29,,,,,,,,2443.6,,,,,,,,,,,,,
2016-08-07,,,,,,,,2441.42,,,,,,,,,,,,,
2016-08-09,,,,,,,,2441.41,,,,,,,,,,,,,
2016-08-14,,,,,,,,2441.49,,,,,,,,,,,,,
2016-08-15,,,,,,,,2441.31,,,,,,,,,,,,,
2016-08-16,,,,,,,,2441.15,,,,,,,,,,,,,
2016-08-26,,,,,,,,2438.2,,,,,,,,,,,,,
2016-08-29,,,,,,,,2436.78,,,,,,,,,,,,,
2016-09-07,,,,,,,,2437.25,,,,,,,,,,,,,
2016-09-09,,,,,,,,2435.22,,,,,,,,,,,,,
2016-09-14,,,,,,,,2431.75,,,,,,,,,,,,,
2016-09-15,,,,,,,,2431.0,,,,,,,,,,,,,
2016-09-16,,,,,,,,2430.1,,,,,,,,,,,,,
2016-09-26,,,,,,,,2431.68,,,,,,,,,,,,,
2016-09-29,,,,,,,,2433.0,,,,,,,,,,,,,
2016-10-07,,,,,,,,2430.85,,,,,,,,,,,,,
2016-10-08,,,,,,,,2429.9,,,,,,,,,,,,,
2016-10-09,,,,,,,,2429.05,,,,,,,,,,,,,
2016-10-10,,,,,,,,2427.75,,,,,,,,,,,,,
2016-10-14,,,,,,,,2425.4,,,,,,,,,,,,,
2016-10-29,,,,,,,,2421.08,,,,,,,,,,,,,
2016-11-07,,,,,,,,2426.0,,,,,,,,,,,,,
2016-11-09,,,,,,,,2426.16,,,,,,,,,,,,,
2016-11-14,,,,,,,,2422.3,,,,,,,,,,,,,
2016-11-15,,,,,,,,2421.3,,,,,,,,,,,,,
2016-11-21,,,,,,,,2421.65,,,,,,,,,,,,,
2016-11-26,,,,,,,,2422.15,,,,,,,,,,,,,
2016-11-29,,,,,,,,2422.41,,,,,,,,,,,,,
2016-12-10,,,,,,,,2422.74,,,,,,,,,,,,,
2016-12-14,,,,,,,,2422.82,,,,,,,,,,,,,
2016-12-29,,,,,,,,2423.47,,,,,,,,,,,,,
2017-01-02,,,,,,,,2423.46,,,,,,,,,,,,,
2017-01-09,,,,,,,,2423.44,,,,,,,,,,,,,
2017-01-10,,,,,,,,2423.43,,,,,,,,,,,,,
2017-01-14,,,,,,,,2423.4,,,,,,,,,,,,,
2017-03-10,,,,,,,,2424.65,,,,,,,,,,,,,
2017-03-14,,,,,,,,2424.23,,,,,,,,,,,,,
2017-04-10,,,,,,,,2419.24,,,,,,,,,,,,,
2017-05-14,,,,,,,,2414.03,,,,,,,,,,,,,
2017-05-16,,,,,,,,2413.61,,,,,,,,,,,,,
2017-05-26,,,,,,,,2412.27,,,,,,,,,,,,,
2017-06-07,,,,,,,,2411.78,,,,,,,,,,,,,
2017-06-15,,,,,,,,2411.6,,,,,,,,,,,,,
2017-06-16,,,,,,,,2411.78,,,,,,,,,,,,,
2017-06-26,,,,,,,,2411.92,,,,,,,,,,,,,
2017-06-28,,,,,,,,2412.35,,,,,,,,,,,,,
2017-07-07,,,,,,,,2421.15,,,,,,,,,,,,,
2017-07-09,,,,,,,,2422.05,,,,,,,,,,,,,
2017-07-14,,,,,,,,2422.45,,,,,,,,,,,,,
2017-07-15,,,,,,,,2422.35,,,,,,,,,,,,,
2017-08-07,,,,,,,,2436.0,,,,,,,,,,,,,
2017-08-09,,,,,,,,2436.85,,,,,,,,,,,,,
2017-08-14,,,,,,,,2436.1,,,,,,,,,,,,,
2017-08-15,,,,,,,,2435.75,,,,,,,,,,,,,
2017-08-16,,,,,,,,2435.75,,,,,,,,,,,,,
2017-08-26,,,,,,,,2436.12,,,,,,,,,,,,,
2017-08-29,,,,,,,,2437.65,,,,,,,,,,,,,
2017-09-07,,,,,,,,2446.1,,,,,,,,,,,,,
2017-09-09,,,,,,,,2447.1,,,,,,,,,,,,,
2017-09-26,,,,,,,,2450.15,,,,,,,,,,,,,
2017-10-08,,,,,,,,2455.0,,,,,,,,,,,,,
2017-10-09,,,,,,,,2455.13,,,,,,,,,,,,,
2017-10-10,,,,,,,,2455.24,,,,,,,,,,,,,
2017-10-29,,,,,,,,2456.95,,,,,,,,,,,,,
2017-11-07,,,,,,,,2455.02,,,,,,,,,,,,,
2017-11-09,,,,,,,,2455.05,,,,,,,,,,,,,
2017-11-26,,,,,,,,2454.3,,,,,,,,,,,,,
2017-12-08,,,,,,,,2451.68,,,,,,,,,,,,,
2017-12-10,,,,,,,,2451.75,,,,,,,,,,,,,
2017-12-29,,,,,,,,2448.59,,,,,,,,,,,,,
2018-01-10,,,,,,,,2446.98,,,,,,,,,,,,,
2018-01-18,,,,,,,,2444.91,,,,,,,,,,,,,
2018-02-10,,,,,,,,2439.18,,,,,,,,,,,,,
2018-03-10,,,,,,,,2431.69,,,,,,,,,,,,,
2018-03-31,,,,,,,,2424.24,,,,,,,,,,,,,
2018-04-07,,,,,,,,2423.79,,,,,,,,,,,,,
2018-04-26,,,,,,,,2417.43,,,,,,,,,,,,,
2018-05-02,,,,,,,,2416.7,,,,,,,,,,,,,
2018-05-10,,,,,,,,2414.95,,,,,,,,,,,,,
2018-05-31,,,,,,,,2418.8,,,,,,,,,,,,,
2019-08-31,,,,,,,,2468.8,,,,,,,,,,,,,
2025-10-11,,,,,,,,2468.28,,,,,,,,,,,,,
2025-10-12,,,,,,,,2468.7,,,,,,,,,,,,,
2025-10-13,,,,,,,,2468.8,,,,,,,,,,,,,
2025-10-14,,,,,,,,2468.8,,,,,,,,,,,,,
2025-10-15,,,,,,,,2468.72,,,,,,,,,,,,,
2025-10-16,,,,,,,,2468.75,,,,,,,,,,,,,
2026-02-12,,,,,,,,2462.37,,,,,,,,,,,,,
2026-02-13,,,,,,,,2462.15,,,,,,,,,,,,,
