Date,_id,Reservoir Name,Basin,Sub Basin,River,Monitoring Date,Percentage Full,Reservoir Level (ft),Design Gross Capacity (TMC),Gross Capacity (TMC),Live Capacity (TMC),Live Above Cill (TMC),Inflow (Cusecs),Outflow to River (Cusecs),Canal Withdrawal (Cusecs),Evaporation (Cusecs),Cumulative Inflow (TMC),Cumulative Outflow (TMC),Cumulative Withdrawal (TMC),Cumulative Evaporation (TMC),RAINFALL
2023-06-01,95802.0,Linganamakki Dam,W F Rivers Basin,W F Rivers Basin,Sharavati,01-06-2023 12:06:00,11,1748.05,156.61,16.688,151.749,,2476.852,27581.019,,,398,,,,
2023-06-02,95803.0,Linganamakki Dam,W F Rivers Basin,W F Rivers Basin,Sharavati,02-06-2023 12:06:00,10.84,1747.75,156.61,16.454,151.749,,2476.852,659.722,,,612,,,,
2023-06-03,95804.0,Linganamakki Dam,W F Rivers Basin,W F Rivers Basin,Sharavati,03-06-2023 12:06:00,10.64,1747.35,156.61,16.142,151.749,,9548.611,,,,275,,,,
2023-06-04,95805.0,Linganamakki Dam,W F Rivers Basin,W F Rivers Basin,Sharavati,04-06-2023 12:06:00,10.41,1746.9,156.61,15.791,151.749,,2442.13,14120.37,,,214,221,,,
2023-06-05,95806.0,Linganamakki Dam,W F Rivers Basin,W F Rivers Basin,Sharavati,05-06-2023 12:06:00,10.17,1746.45,156.61,15.439,151.749,,2442.13,17314.815,,,1249,,,,
2023-06-06,95807.0,Linganamakki Dam,W F Rivers Basin,W F Rivers Basin,Sharavati,06-06-2023 12:06:00,9.94,1746,156.61,15.088,151.749,,2442.13,20648.148,,,215,454,,,
2023-06-07,95808.0,Linganamakki Dam,W F Rivers Basin,W F Rivers Basin,Sharavati,07-06-2023 12:06:00,9.69,1745.5,156.61,14.697,151.749,,2442.13,23750,,,212,924,,,
2023-06-08,95809.0,Linganamakki Dam,W F Rivers Basin,W F Rivers Basin,Sharavati,08-06-2023 12:06:00,9.45,1745.05,156.61,14.346,151.749,,2442.13,26909.722,,,16,7741,,,
2023-06-09,95810.0,Linganamakki Dam,W F Rivers Basin,W F Rivers Basin,Sharavati,09-06-2023 12:06:00,9.2,1744.5,156.61,13.965,151.749,,2442.13,29930.556,,,91,5285,,,
2023-06-10,95811.0,Linganamakki Dam,W F Rivers Basin,W F Rivers Basin,Sharavati,10-06-2023 12:06:00,9.07,1744.2,156.61,13.76,151.749,,2442.13,32905.093,,,187,4222,,,
2023-06-11,95812.0,Linganamakki Dam,W F Rivers Basin,W F Rivers Basin,Sharavati,11-06-2023 12:06:00,8.84,1743.7,156.61,13.419,151.749,,2442.13,35567.13,,,166,3450,,,
2023-06-12,95813.0,Linganamakki Dam,W F Rivers Basin,W F Rivers Basin,Sharavati,12-06-2023 12:06:00,8.66,1743.3,156.61,13.146,151.749,,2442.13,38182.87,,,130,3625,,,
2023-06-13,95814.0,Linganamakki Dam,W F Rivers Basin,W F Rivers Basin,Sharavati,13-06-2023 12:06:00,8.51,1742.95,156.61,12.907,151.749,,474.537,3194.444,,,252,3576,,,
2023-06-14,95815.0,Linganamakki Dam,W F Rivers Basin,W F Rivers Basin,Sharavati,14-06-2023 12:06:00,8.28,1742.45,156.61,12.565,151.749,,2916.667,44502.315,,,151,315,,,
2023-06-15,95816.0,Linganamakki Dam,W F Rivers Basin,W F Rivers Basin,Sharavati,15-06-2023 12:06:00,8.12,1742.1,156.61,12.325,151.749,,3020.833,47407.407,,,213,110,,,
2023-06-16,95817.0,Linganamakki Dam,W F Rivers Basin,W F Rivers Basin,Sharavati,16-06-2023 12:06:00,7.99,1741.8,156.61,12.12,151.749,,520.833,2789.352,,,306,4337,,,
2023-06-17,95818.0,Linganamakki Dam,W F Rivers Basin,W F Rivers Basin,Sharavati,17-06-2023 12:06:00,7.85,1741.5,156.61,11.915,151.749,,23.148,2303.241,,,309,4535,,,
2023-06-18,95819.0,Linganamakki Dam,W F Rivers Basin,W F Rivers Basin,Sharavati,18-06-2023 12:06:00,7.78,1741.35,156.61,11.813,151.749,,659.722,1886.574,,,365,4699,,,
2023-06-19,95820.0,Linganamakki Dam,W F Rivers Basin,W F Rivers Basin,Sharavati,19-06-2023 12:06:00,7.67,1741.1,156.61,11.642,151.749,,127.315,1944.444,,,376,4866,,,
2023-06-20,95821.0,Linganamakki Dam,W F Rivers Basin,W F Rivers Basin,Sharavati,20-06-2023 12:06:00,7.56,1740.85,156.61,11.471,151.749,,4351.852,58206.019,,,209,903,,,
2023-06-21,95822.0,Linganamakki Dam,W F Rivers Basin,W F Rivers Basin,Sharavati,21-06-2023 12:06:00,7.45,1740.6,156.61,11.3,151.749,,4351.852,60081.019,,,146,2497,,,
2023-06-22,95823.0,Linganamakki Dam,W F Rivers Basin,W F Rivers Basin,Sharavati,22-06-2023 12:06:00,7.34,1740.35,156.61,11.135,151.749,,138.889,1898.148,,,389,5355,,,
2023-06-23,95824.0,Linganamakki Dam,W F Rivers Basin,W F Rivers Basin,Sharavati,23-06-2023 12:06:00,7.27,1740.2,156.61,11.038,151.749,,543.981,1805.556,,,436,5511,,,
2023-06-24,95825.0,Linganamakki Dam,W F Rivers Basin,W F Rivers Basin,Sharavati,24-06-2023 12:06:00,7.36,1740.4,156.61,11.167,151.749,,2557.87,960.648,,,657,5594,,,
2023-06-25,95826.0,Linganamakki Dam,W F Rivers Basin,W F Rivers Basin,Sharavati,25-06-2023 12:06:00,7.36,1740.4,156.61,11.167,151.749,,1597.222,1562.5,,,796,5729,,,
2023-06-26,95827.0,Linganamakki Dam,W F Rivers Basin,W F Rivers Basin,Sharavati,26-06-2023 12:06:00,7.27,1740.2,156.61,11.038,151.749,,486.111,1793.981,,,838,5884,,,
2023-06-27,95828.0,Linganamakki Dam,W F Rivers Basin,W F Rivers Basin,Sharavati,27-06-2023 12:06:00,7.21,1740.05,156.61,10.94,151.749,,856.481,1793.981,,,911,6039,,,
2023-06-28,95829.0,Linganamakki Dam,W F Rivers Basin,W F Rivers Basin,Sharavati,28-06-2023 12:06:00,7.23,1740.1,156.61,10.973,151.749,,2071.759,1793.981,,,1091,6194,,,
2023-06-29,95830.0,Linganamakki Dam,W F Rivers Basin,W F Rivers Basin,Sharavati,29-06-2023 12:06:00,7.25,1740.15,156.61,11.005,151.749,,2326.389,1793.981,,,1291,6348,,,
2023-06-30,95831.0,Linganamakki Dam,W F Rivers Basin,W F Rivers Basin,Sharavati,30-06-2023 12:06:00,7.34,1740.35,156.61,11.135,151.749,,2962.963,1354.167,,,1547,6465,,,
2023-07-01,95832.0,Linganamakki Dam,W F Rivers Basin,W F Rivers Basin,Sharavati,01-07-2023 12:07:00,7.47,1740.65,156.61,11.335,151.749,,3449.074,1064.815,,,1845,6557,,,
2023-07-02,95833.0,Linganamakki Dam,W F Rivers Basin,W F Rivers Basin,Sharavati,02-07-2023 12:07:00,7.72,1741.2,156.61,11.718,151.749,,5462.963,1006.944,,,2317,6645,,,
2023-07-03,95834.0,Linganamakki Dam,W F Rivers Basin,W F Rivers Basin,Sharavati,03-07-2023 12:07:00,7.94,1741.7,156.61,12.052,151.749,,5370.37,1435.185,,,2781,6769,,,
2023-07-04,95835.0,Linganamakki Dam,W F Rivers Basin,W F Rivers Basin,Sharavati,04-07-2023 12:07:00,8.37,1742.65,156.61,12.702,151.749,,9236.111,1678.241,,,3579,6913,,,
2023-07-05,95836.0,Linganamakki Dam,W F Rivers Basin,W F Rivers Basin,Sharavati,05-07-2023 12:07:00,9.2,1744.5,156.61,13.965,151.749,,15462.963,1701.389,,,4915,7060,,,
2023-07-06,95837.0,Linganamakki Dam,W F Rivers Basin,W F Rivers Basin,Sharavati,06-07-2023 12:07:00,10.43,1746.95,156.61,15.83,151.749,,23252.315,798.611,,,6924,7129,,,
2023-07-07,95838.0,Linganamakki Dam,W F Rivers Basin,W F Rivers Basin,Sharavati,07-07-2023 12:07:00,11.67,1749.35,156.61,17.703,151.749,,22152.778,474.537,,,8839,7170,,,
2023-07-08,95839.0,Linganamakki Dam,W F Rivers Basin,W F Rivers Basin,Sharavati,08-07-2023 12:07:00,12.55,1750.95,156.61,19.052,151.749,,16087.963,393.519,,,10229,7204,,,
2023-07-09,95840.0,Linganamakki Dam,W F Rivers Basin,W F Rivers Basin,Sharavati,09-07-2023 12:07:00,12.99,1751.7,156.61,19.716,151.749,,8634.259,833.333,,,10975,7276,,,
2023-07-10,95841.0,Linganamakki Dam,W F Rivers Basin,W F Rivers Basin,Sharavati,10-07-2023 12:07:00,13.11,1751.9,156.61,19.893,151.749,,3993.056,1898.148,,,11320,7441,,,
2023-07-11,95842.0,Linganamakki Dam,W F Rivers Basin,W F Rivers Basin,Sharavati,11-07-2023 12:07:00,13.14,1751.95,156.61,19.938,151.749,,2615.741,2210.648,,,11547,7632,,,
2023-07-12,95843.0,Linganamakki Dam,W F Rivers Basin,W F Rivers Basin,Sharavati,12-07-2023 12:07:00,13.84,1753.15,156.61,20.999,151.749,,14340.278,1840.278,,,12786,7791,,,
2023-07-13,95844.0,Linganamakki Dam,W F Rivers Basin,W F Rivers Basin,Sharavati,13-07-2023 12:07:00,14.6,1754.45,156.61,22.15,151.749,,14895.833,1388.889,,,14073,7911,,,
2023-07-14,95845.0,Linganamakki Dam,W F Rivers Basin,W F Rivers Basin,Sharavati,14-07-2023 12:07:00,15.12,1755.3,156.61,22.938,151.749,,10844.907,19733.796,,,15009,45115,,,
2023-07-15,95846.0,Linganamakki Dam,W F Rivers Basin,W F Rivers Basin,Sharavati,15-07-2023 12:07:00,15.51,1755.9,156.61,23.538,151.749,,9131.944,21956.019,,,15799,77911,,,
2023-07-16,95847.0,Linganamakki Dam,W F Rivers Basin,W F Rivers Basin,Sharavati,16-07-2023 12:07:00,15.84,1756.4,156.61,24.038,151.749,,7824.074,24004.63,,,16475,52366,,,
2023-07-17,95848.0,Linganamakki Dam,W F Rivers Basin,W F Rivers Basin,Sharavati,17-07-2023 12:07:00,16.43,1757.3,156.61,24.937,151.749,,12233.796,25555.556,,,17531,69226,,,
2023-07-18,95849.0,Linganamakki Dam,W F Rivers Basin,W F Rivers Basin,Sharavati,18-07-2023 12:07:00,17.52,1758.95,156.61,26.586,151.749,,20787.037,27291.667,,,19328,87496,,,
2023-07-19,95850.0,Linganamakki Dam,W F Rivers Basin,W F Rivers Basin,Sharavati,19-07-2023 12:07:00,19.29,1761.45,156.61,29.267,151.749,,32071.759,28391.204,,,22099,69725,,,
2023-07-20,95851.0,Linganamakki Dam,W F Rivers Basin,W F Rivers Basin,Sharavati,20-07-2023 12:07:00,21.66,1764.65,156.61,32.866,151.749,,43043.981,1157.407,,,25818,8901,,,
2023-07-21,95852.0,Linganamakki Dam,W F Rivers Basin,W F Rivers Basin,Sharavati,21-07-2023 12:07:00,23.83,1767.3,156.61,36.165,151.749,,39537.037,1701.389,,,29234,9048,,,
2023-07-22,95853.0,Linganamakki Dam,W F Rivers Basin,W F Rivers Basin,Sharavati,22-07-2023 12:07:00,26.73,1770.7,156.61,40.566,151.749,,52372.685,1284.722,,,33759,9159,,,
2023-07-23,95854.0,Linganamakki Dam,W F Rivers Basin,W F Rivers Basin,Sharavati,23-07-2023 12:07:00,30.9,1775.15,156.61,46.888,151.749,,73506.944,92.593,,,40110,9168,,,
2023-07-24,95855.0,Linganamakki Dam,W F Rivers Basin,W F Rivers Basin,Sharavati,24-07-2023 12:07:00,34.76,1778.85,156.61,52.746,151.749,,67314.815,32627.315,,,45926,53372,,,
2023-07-25,95856.0,Linganamakki Dam,W F Rivers Basin,W F Rivers Basin,Sharavati,25-07-2023 12:07:00,38.64,1782.3,156.61,58.634,151.749,,68645.833,32627.315,,,51857,65147,,,
2023-07-26,95857.0,Linganamakki Dam,W F Rivers Basin,W F Rivers Basin,Sharavati,26-07-2023 12:07:00,41.08,1784.4,156.61,62.346,151.749,,42986.111,32627.315,,,55572,74515,,,
2023-07-27,95858.0,Linganamakki Dam,W F Rivers Basin,W F Rivers Basin,Sharavati,27-07-2023 12:07:00,42.49,1785.55,156.61,64.484,151.749,,25636.574,891.204,,,57786,9245,,,
2023-07-28,95859.0,Linganamakki Dam,W F Rivers Basin,W F Rivers Basin,Sharavati,28-07-2023 12:07:00,43.46,1786.3,156.61,65.952,151.749,,19803.241,3368.056,,,59498,9536,,,
2023-07-29,95860.0,Linganamakki Dam,W F Rivers Basin,W F Rivers Basin,Sharavati,29-07-2023 12:07:00,44.37,1787,156.61,67.324,151.749,,18483.796,2048.611,,,61095,9713,,,
2023-07-30,95861.0,Linganamakki Dam,W F Rivers Basin,W F Rivers Basin,Sharavati,30-07-2023 12:07:00,44.95,1787.45,156.61,68.205,151.749,,12881.944,3148.148,,,62208,9985,,,
2023-07-31,95862.0,Linganamakki Dam,W F Rivers Basin,W F Rivers Basin,Sharavati,31-07-2023 12:07:00,45.46,1787.85,156.61,68.988,151.749,,13657.407,3900.463,,,63388,10322,,,
2023-08-01,95863.0,Linganamakki Dam,W F Rivers Basin,W F Rivers Basin,Sharavati,01-08-2023 12:08:00,45.98,1788.25,156.61,69.772,151.749,,12175.926,3136.574,,,64440,10592,,,
2023-08-02,95864.0,Linganamakki Dam,W F Rivers Basin,W F Rivers Basin,Sharavati,02-08-2023 12:08:00,46.37,1788.55,156.61,70.36,151.749,,9918.981,3101.852,,,65298,10861,,,
2023-08-03,95865.0,Linganamakki Dam,W F Rivers Basin,W F Rivers Basin,Sharavati,03-08-2023 12:08:00,46.75,1788.85,156.61,70.947,151.749,,11701.389,6053.241,,,66308,11384,,,
2023-08-04,95866.0,Linganamakki Dam,W F Rivers Basin,W F Rivers Basin,Sharavati,04-08-2023 12:08:00,47.66,1789.55,156.61,72.318,151.749,,18715.278,3009.259,,,67925,11644,,,
2023-08-05,95867.0,Linganamakki Dam,W F Rivers Basin,W F Rivers Basin,Sharavati,05-08-2023 12:08:00,48.45,1790.15,156.61,73.523,151.749,,17395.833,2870.37,,,69428,11891,,,
2023-08-06,95868.0,Linganamakki Dam,W F Rivers Basin,W F Rivers Basin,Sharavati,06-08-2023 12:08:00,48.95,1790.5,156.61,74.279,151.749,,11412.037,3078.704,,,70414,12157,,,
2023-08-07,95869.0,Linganamakki Dam,W F Rivers Basin,W F Rivers Basin,Sharavati,07-08-2023 12:08:00,49.09,1790.6,156.61,74.495,151.749,,10069.444,7476.852,,,71284,12803,,,
2023-08-08,95870.0,Linganamakki Dam,W F Rivers Basin,W F Rivers Basin,Sharavati,08-08-2023 12:08:00,49.09,1790.6,156.61,74.495,151.749,,7893.519,7766.204,,,71966,13475,,,
2023-08-09,95871.0,Linganamakki Dam,W F Rivers Basin,W F Rivers Basin,Sharavati,09-08-2023 12:08:00,49.16,1790.65,156.61,74.603,151.749,,7916.667,6134.259,,,72650,14005,,,
2023-08-10,95872.0,Linganamakki Dam,W F Rivers Basin,W F Rivers Basin,Sharavati,10-08-2023 12:08:00,49.23,1790.7,156.61,74.711,151.749,,8159.722,6354.167,,,73355,14555,,,
2023-08-11,95873.0,Linganamakki Dam,W F Rivers Basin,W F Rivers Basin,Sharavati,11-08-2023 12:08:00,49.23,1790.7,156.61,74.711,151.749,,5694.444,5532.407,,,73847,15033,,,
2023-08-12,95874.0,Linganamakki Dam,W F Rivers Basin,W F Rivers Basin,Sharavati,12-08-2023 12:08:00,49.23,1790.7,156.61,74.711,151.749,,6712.963,6574.074,,,74427,15601,,,
2023-08-13,95875.0,Linganamakki Dam,W F Rivers Basin,W F Rivers Basin,Sharavati,13-08-2023 12:08:00,49.16,1790.65,156.61,74.603,151.749,,4814.815,6250,,,74842,16140,,,
2023-08-14,95876.0,Linganamakki Dam,W F Rivers Basin,W F Rivers Basin,Sharavati,14-08-2023 12:08:00,49.02,1790.55,156.61,74.387,151.749,,5231.481,7511.574,,,75294,16790,,,
2023-08-15,95877.0,Linganamakki Dam,W F Rivers Basin,W F Rivers Basin,Sharavati,15-08-2023 12:08:00,48.88,1790.45,156.61,74.171,151.749,,3969.907,6261.574,,,75637,17331,,,
2023-08-16,95878.0,Linganamakki Dam,W F Rivers Basin,W F Rivers Basin,Sharavati,16-08-2023 12:08:00,48.74,1790.35,156.61,73.955,151.749,,4641.204,6944.444,,,76038,17931,,,
2023-08-17,95879.0,Linganamakki Dam,W F Rivers Basin,W F Rivers Basin,Sharavati,17-08-2023 12:08:00,48.59,1790.25,156.61,73.739,151.749,,4074.074,6377.315,,,76390,18482,,,
2023-08-18,95880.0,Linganamakki Dam,W F Rivers Basin,W F Rivers Basin,Sharavati,18-08-2023 12:08:00,48.52,1790.2,156.61,73.631,151.749,,4386.574,5902.778,,,76768,18992,,,
2023-08-19,95881.0,Linganamakki Dam,W F Rivers Basin,W F Rivers Basin,Sharavati,19-08-2023 12:08:00,48.81,1790.4,156.61,74.063,151.749,,9652.778,4594.907,,,77602,19389,,,
2023-08-20,95882.0,Linganamakki Dam,W F Rivers Basin,W F Rivers Basin,Sharavati,20-08-2023 12:08:00,48.81,1790.4,156.61,74.063,151.749,,5648.148,5486.111,,,78090,19863,,,
2023-08-21,95883.0,Linganamakki Dam,W F Rivers Basin,W F Rivers Basin,Sharavati,21-08-2023 12:08:00,48.59,1790.25,156.61,73.739,151.749,,4745.37,7847.222,,,78500,20541,,,
2023-08-22,95884.0,Linganamakki Dam,W F Rivers Basin,W F Rivers Basin,Sharavati,22-08-2023 12:08:00,48.31,1790.05,156.61,73.307,151.749,,3136.574,7870.37,,,78771,21221,,,
2023-08-23,95885.0,Linganamakki Dam,W F Rivers Basin,W F Rivers Basin,Sharavati,23-08-2023 12:08:00,48.04,1789.85,156.61,72.905,151.749,,3425.926,7789.352,,,79067,21894,,,
2023-08-24,95886.0,Linganamakki Dam,W F Rivers Basin,W F Rivers Basin,Sharavati,24-08-2023 12:08:00,47.72,1789.6,156.61,72.416,151.749,,1250,7025.463,,,79175,22501,,,
2023-08-25,95887.0,Linganamakki Dam,W F Rivers Basin,W F Rivers Basin,Sharavati,25-08-2023 12:08:00,47.46,1789.4,156.61,72.024,151.749,,3113.426,7430.556,,,79444,23143,,,
2023-08-26,95888.0,Linganamakki Dam,W F Rivers Basin,W F Rivers Basin,Sharavati,26-08-2023 12:08:00,47.33,1789.3,156.61,71.828,151.749,,3935.185,6053.241,,,79785,23667,,,
2023-08-27,95889.0,Linganamakki Dam,W F Rivers Basin,W F Rivers Basin,Sharavati,27-08-2023 12:08:00,47.14,1789.15,156.61,71.535,151.749,,1157.407,4699.074,,,79885,24072,,,
2023-08-28,95890.0,Linganamakki Dam,W F Rivers Basin,W F Rivers Basin,Sharavati,28-08-2023 12:08:00,46.95,1789,156.61,71.241,151.749,,3379.63,6168.981,,,80176,24605,,,
2023-08-29,95891.0,Linganamakki Dam,W F Rivers Basin,W F Rivers Basin,Sharavati,29-08-2023 12:08:00,46.56,1788.7,156.61,70.654,151.749,,1550.926,8043.981,,,80310,25301,,,
2023-08-30,95892.0,Linganamakki Dam,W F Rivers Basin,W F Rivers Basin,Sharavati,30-08-2023 12:08:00,46.24,1788.45,156.61,70.164,151.749,,2268.519,8032.407,,,80507,25995,,,
2023-08-31,95893.0,Linganamakki Dam,W F Rivers Basin,W F Rivers Basin,Sharavati,31-08-2023 12:08:00,45.78,1788.1,156.61,69.478,151.749,,1226.852,9212.963,,,80613,26791,,,
2023-09-01,95894.0,Linganamakki Dam,W F Rivers Basin,W F Rivers Basin,Sharavati,01-09-2023 12:09:00,45.4,1787.8,156.61,68.89,151.749,,1597.222,8101.852,,,80750,27492,,,
2023-09-02,95895.0,Linganamakki Dam,W F Rivers Basin,W F Rivers Basin,Sharavati,02-09-2023 12:09:00,45.14,1787.6,156.61,68.499,151.749,,1145.833,5462.963,,,80850,27963,,,
2023-09-03,95896.0,Linganamakki Dam,W F Rivers Basin,W F Rivers Basin,Sharavati,03-09-2023 12:09:00,45.01,1787.5,156.61,68.303,151.749,,2974.537,5057.87,,,81106,28400,,,
2023-09-04,95897.0,Linganamakki Dam,W F Rivers Basin,W F Rivers Basin,Sharavati,04-09-2023 12:09:00,45.01,1787.5,156.61,68.303,151.749,,1701.389,3819.444,,,81253,28730,,,
2023-09-05,95898.0,Linganamakki Dam,W F Rivers Basin,W F Rivers Basin,Sharavati,05-09-2023 12:09:00,45.01,1787.5,156.61,68.303,151.749,,2418.981,4548.611,,,81462,29123,,,
2023-09-06,95899.0,Linganamakki Dam,W F Rivers Basin,W F Rivers Basin,Sharavati,06-09-2023 12:09:00,44.62,1787.2,156.61,67.716,151.749,,1701.389,3784.722,,,81608,29450,,,
2023-09-07,95900.0,Linganamakki Dam,W F Rivers Basin,W F Rivers Basin,Sharavati,07-09-2023 12:09:00,44.56,1787.15,156.61,67.618,151.749,,2557.87,3946.759,,,81830,29792,,,
2023-09-08,95901.0,Linganamakki Dam,W F Rivers Basin,W F Rivers Basin,Sharavati,08-09-2023 12:09:00,44.56,1787.15,156.61,67.618,151.749,,3981.481,3888.889,,,82173,30127,,,
2023-09-09,95902.0,Linganamakki Dam,W F Rivers Basin,W F Rivers Basin,Sharavati,09-09-2023 12:09:00,44.43,1787.05,156.61,67.422,151.749,,2222.222,4375,,,82365,30505,,,
2023-09-10,95903.0,Linganamakki Dam,W F Rivers Basin,W F Rivers Basin,Sharavati,10-09-2023 12:09:00,44.37,1787,156.61,67.324,151.749,,2638.889,3252.315,,,82593,30785,,,
2023-09-11,95904.0,Linganamakki Dam,W F Rivers Basin,W F Rivers Basin,Sharavati,11-09-2023 12:09:00,44.24,1786.9,156.61,67.128,151.749,,3622.685,5706.019,,,82906,31279,,,
2023-09-12,95905.0,Linganamakki Dam,W F Rivers Basin,W F Rivers Basin,Sharavati,12-09-2023 12:09:00,44.11,1786.8,156.61,66.932,151.749,,2893.519,5000,,,83156,31710,,,
2023-09-13,95906.0,Linganamakki Dam,W F Rivers Basin,W F Rivers Basin,Sharavati,13-09-2023 12:09:00,43.85,1786.6,156.61,66.54,151.749,,2210.648,6550.926,,,83347,32277,,,
2023-09-14,95907.0,Linganamakki Dam,W F Rivers Basin,W F Rivers Basin,Sharavati,14-09-2023 12:09:00,43.85,1786.6,156.61,66.54,151.749,,6261.574,6192.13,,,83889,32811,,,
2023-09-15,95908.0,Linganamakki Dam,W F Rivers Basin,W F Rivers Basin,Sharavati,15-09-2023 12:09:00,44.02,1786.75,156.61,66.804,151.749,,7361.111,4317.13,,,84525,33185,,,
2023-09-16,95909.0,Linganamakki Dam,W F Rivers Basin,W F Rivers Basin,Sharavati,16-09-2023 12:09:00,44.56,1787.15,156.61,67.618,151.749,,11655.093,2673.611,,,85532,33415,,,
2023-09-17,95910.0,Linganamakki Dam,W F Rivers Basin,W F Rivers Basin,Sharavati,17-09-2023 12:09:00,44.82,1787.35,156.61,68.009,151.749,,7164.352,2604.167,,,86151,33640,,,
2023-09-18,95911.0,Linganamakki Dam,W F Rivers Basin,W F Rivers Basin,Sharavati,18-09-2023 12:09:00,45.01,1787.5,156.61,68.303,151.749,,5740.741,1909.722,,,86647,33805,,,
2023-09-19,95912.0,Linganamakki Dam,W F Rivers Basin,W F Rivers Basin,Sharavati,19-09-2023 12:09:00,45.01,1787.5,156.61,68.303,151.749,,5497.685,5393.519,,,87121,34271,,,
2023-09-20,95913.0,Linganamakki Dam,W F Rivers Basin,W F Rivers Basin,Sharavati,20-09-2023 12:09:00,45.01,1787.5,156.61,68.303,151.749,,5671.296,5659.722,,,87611,34759,,,
2023-09-21,95914.0,Linganamakki Dam,W F Rivers Basin,W F Rivers Basin,Sharavati,21-09-2023 12:09:00,44.82,1787.35,156.61,68.009,151.749,,3043.981,6643.519,,,87874,35333,,,
2023-09-22,95915.0,Linganamakki Dam,W F Rivers Basin,W F Rivers Basin,Sharavati,22-09-2023 12:09:00,44.75,1787.3,156.61,67.911,151.749,,4178.241,4780.093,,,88235,35746,,,
2023-09-23,95916.0,Linganamakki Dam,W F Rivers Basin,W F Rivers Basin,Sharavati,23-09-2023 12:09:00,44.62,1787.2,156.61,67.716,151.749,,1655.093,3773.148,,,88378,36072,,,
2023-09-24,95917.0,Linganamakki Dam,W F Rivers Basin,W F Rivers Basin,Sharavati,24-09-2023 12:09:00,44.75,1787.3,156.61,67.911,151.749,,5034.722,2731.481,,,88813,36307,,,
2023-09-25,95918.0,Linganamakki Dam,W F Rivers Basin,W F Rivers Basin,Sharavati,25-09-2023 12:09:00,44.75,1787.3,156.61,67.911,151.749,,4062.5,3923.611,,,89163,36647,,,
2023-09-26,95919.0,Linganamakki Dam,W F Rivers Basin,W F Rivers Basin,Sharavati,26-09-2023 12:09:00,44.75,1787.3,156.61,67.911,151.749,,4305.556,4212.963,,,89535,37010,,,
2023-09-27,95920.0,Linganamakki Dam,W F Rivers Basin,W F Rivers Basin,Sharavati,27-09-2023 12:09:00,44.69,1787.25,156.61,67.814,151.749,,4351.852,5740.741,,,89911,37506,,,
2023-09-28,95921.0,Linganamakki Dam,W F Rivers Basin,W F Rivers Basin,Sharavati,28-09-2023 12:09:00,44.69,1787.25,156.61,67.814,151.749,,4803.241,4710.648,,,90326,37913,,,
2023-09-29,95922.0,Linganamakki Dam,W F Rivers Basin,W F Rivers Basin,Sharavati,29-09-2023 12:09:00,45.01,1787.5,156.61,68.303,151.749,,8923.611,2881.944,,,91098,38162,,,
2023-09-30,95923.0,Linganamakki Dam,W F Rivers Basin,W F Rivers Basin,Sharavati,30-09-2023 12:09:00,45.59,1787.95,156.61,69.184,151.749,,11736.111,1655.093,,,92112,38305,,,
2023-10-01,95924.0,Linganamakki Dam,W F Rivers Basin,W F Rivers Basin,Sharavati,01-10-2023 12:10:00,46.11,1788.35,156.61,69.968,151.749,,9421.296,1655.093,,,92926,6503,,,
2023-10-02,95925.0,Linganamakki Dam,W F Rivers Basin,W F Rivers Basin,Sharavati,02-10-2023 12:10:00,46.3,1788.5,156.61,70.262,151.749,,7025.463,3935.185,,,93533,38646,,,
2023-10-03,95926.0,Linganamakki Dam,W F Rivers Basin,W F Rivers Basin,Sharavati,03-10-2023 12:10:00,46.3,1788.5,156.61,70.262,151.749,,4305.556,4108.796,,,93906,39001,,,
2023-10-04,95927.0,Linganamakki Dam,W F Rivers Basin,W F Rivers Basin,Sharavati,04-10-2023 12:10:00,46.24,1788.45,156.61,70.164,151.749,,5393.519,6215.278,,,94371,39537,,,
2023-10-05,95928.0,Linganamakki Dam,W F Rivers Basin,W F Rivers Basin,Sharavati,05-10-2023 12:10:00,46.11,1788.35,156.61,69.968,151.749,,3159.722,5231.481,,,94645,39989,,,
2023-10-06,95929.0,Linganamakki Dam,W F Rivers Basin,W F Rivers Basin,Sharavati,06-10-2023 12:10:00,45.91,1788.2,156.61,69.674,151.749,,3680.556,7303.241,,,94963,40620,,,
2023-10-07,95930.0,Linganamakki Dam,W F Rivers Basin,W F Rivers Basin,Sharavati,07-10-2023 12:10:00,45.72,1788.05,156.61,69.38,151.749,,3043.981,5902.778,,,95226,41130,,,
2023-10-08,95931.0,Linganamakki Dam,W F Rivers Basin,W F Rivers Basin,Sharavati,08-10-2023 12:10:00,45.59,1787.95,156.61,69.184,151.749,,2175.926,4652.778,,,95414,41532,,,
2023-10-09,95932.0,Linganamakki Dam,W F Rivers Basin,W F Rivers Basin,Sharavati,09-10-2023 12:10:00,45.4,1787.8,156.61,68.89,151.749,,3587.963,6747.685,,,95724,42115,,,
2023-10-10,95933.0,Linganamakki Dam,W F Rivers Basin,W F Rivers Basin,Sharavati,10-10-2023 12:10:00,45.2,1787.65,156.61,68.597,151.749,,3136.574,5949.074,,,95995,42629,,,
2023-10-11,95934.0,Linganamakki Dam,W F Rivers Basin,W F Rivers Basin,Sharavati,11-10-2023 12:10:00,45.08,1787.55,156.61,68.401,151.749,,2673.611,4745.37,,,96226,43038,,,
2023-10-12,95935.0,Linganamakki Dam,W F Rivers Basin,W F Rivers Basin,Sharavati,12-10-2023 12:10:00,44.95,1787.45,156.61,68.205,151.749,,1585.648,4409.722,,,96364,43419,,,
2023-10-13,95936.0,Linganamakki Dam,W F Rivers Basin,W F Rivers Basin,Sharavati,13-10-2023 12:10:00,44.82,1787.35,156.61,68.009,151.749,,1111.111,3171.296,,,96459,43692,,,
2023-10-14,95937.0,Linganamakki Dam,W F Rivers Basin,W F Rivers Basin,Sharavati,14-10-2023 12:10:00,44.69,1787.25,156.61,67.814,151.749,,2372.685,4432.87,,,96664,44075,,,
2023-10-15,95938.0,Linganamakki Dam,W F Rivers Basin,W F Rivers Basin,Sharavati,15-10-2023 12:10:00,44.56,1787.15,156.61,67.618,151.749,,1851.852,3912.037,,,96825,44413,,,
2023-10-16,95939.0,Linganamakki Dam,W F Rivers Basin,W F Rivers Basin,Sharavati,16-10-2023 12:10:00,44.49,1787.1,156.61,67.52,151.749,,3090.278,3680.556,,,97092,44731,,,
2023-10-17,95940.0,Linganamakki Dam,W F Rivers Basin,W F Rivers Basin,Sharavati,17-10-2023 12:10:00,44.43,1787.05,156.61,67.422,151.749,,2650.463,3993.056,,,97321,45076,,,
2023-10-18,95941.0,Linganamakki Dam,W F Rivers Basin,W F Rivers Basin,Sharavati,18-10-2023 12:10:00,44.3,1786.95,156.61,67.226,151.749,,1597.222,3680.556,,,97459,45393,,,
2023-10-19,95942.0,Linganamakki Dam,W F Rivers Basin,W F Rivers Basin,Sharavati,19-10-2023 12:10:00,44.17,1786.85,156.61,67.03,151.749,,1863.426,3912.037,,,97619,45731,,,
2023-10-20,95943.0,Linganamakki Dam,W F Rivers Basin,W F Rivers Basin,Sharavati,20-10-2023 12:10:00,44.02,1786.75,156.61,66.804,151.749,,1840.278,3900.463,,,97778,46068,,,
2023-10-21,95944.0,Linganamakki Dam,W F Rivers Basin,W F Rivers Basin,Sharavati,21-10-2023 12:10:00,43.85,1786.6,156.61,66.54,151.749,,1076.389,3888.889,,,97871,46404,,,
2023-10-22,95945.0,Linganamakki Dam,W F Rivers Basin,W F Rivers Basin,Sharavati,22-10-2023 12:10:00,43.72,1786.5,156.61,66.344,151.749,,972.222,2951.389,,,97955,46659,,,
2023-10-23,95946.0,Linganamakki Dam,W F Rivers Basin,W F Rivers Basin,Sharavati,23-10-2023 12:10:00,43.59,1786.4,156.61,66.148,151.749,,324.074,3125,,,97983,46929,,,
2023-10-24,95947.0,Linganamakki Dam,W F Rivers Basin,W F Rivers Basin,Sharavati,24-10-2023 12:10:00,43.46,1786.3,156.61,65.952,151.749,,625,2696.759,,,98037,47162,,,
2023-10-25,95948.0,Linganamakki Dam,W F Rivers Basin,W F Rivers Basin,Sharavati,25-10-2023 12:10:00,43.33,1786.2,156.61,65.757,151.749,,1076.389,3125,,,98130,47431,,,
2023-10-26,95949.0,Linganamakki Dam,W F Rivers Basin,W F Rivers Basin,Sharavati,26-10-2023 12:10:00,43.14,1786.05,156.61,65.463,151.749,,2048.611,4861.111,,,98307,47851,,,
2023-10-27,95950.0,Linganamakki Dam,W F Rivers Basin,W F Rivers Basin,Sharavati,27-10-2023 12:10:00,42.88,1785.85,156.61,65.071,151.749,,162.037,4467.593,,,98321,48238,,,
2023-10-28,95951.0,Linganamakki Dam,W F Rivers Basin,W F Rivers Basin,Sharavati,28-10-2023 12:10:00,42.69,1785.7,156.61,64.778,151.749,,83599.537,119398.148,,,606,3384,,,
2023-10-29,95952.0,Linganamakki Dam,W F Rivers Basin,W F Rivers Basin,Sharavati,29-10-2023 12:10:00,42.62,1785.65,156.61,64.68,151.749,,2442.13,3032.407,,,98532,48740,,,
2023-10-30,95953.0,Linganamakki Dam,W F Rivers Basin,W F Rivers Basin,Sharavati,30-10-2023 12:10:00,42.62,1785.65,156.61,64.68,151.749,,3275.463,3136.574,,,98815,49012,,,
2023-10-31,95954.0,Linganamakki Dam,W F Rivers Basin,W F Rivers Basin,Sharavati,31-10-2023 12:10:00,42.56,1785.6,156.61,64.582,151.749,,1076.389,2453.704,,,98908,49223,,,
2023-11-01,95955.0,Linganamakki Dam,W F Rivers Basin,W F Rivers Basin,Sharavati,01-11-2023 12:11:00,42.43,1785.5,156.61,64.386,151.749,,127.315,2245.37,,,98919,49417,,,
2023-11-02,95956.0,Linganamakki Dam,W F Rivers Basin,W F Rivers Basin,Sharavati,02-11-2023 12:11:00,42.3,1785.4,156.61,64.19,151.749,,775.463,2858.796,,,98985,49663,,,
2023-11-03,95957.0,Linganamakki Dam,W F Rivers Basin,W F Rivers Basin,Sharavati,03-11-2023 12:11:00,42.11,1785.25,156.61,63.897,151.749,,1979.167,10254.63,,,639,2505,,,
2023-11-04,95958.0,Linganamakki Dam,W F Rivers Basin,W F Rivers Basin,Sharavati,04-11-2023 12:11:00,41.98,1785.15,156.61,63.701,151.749,,613.426,2708.333,,,99038,50131,,,
2023-11-05,95959.0,Linganamakki Dam,W F Rivers Basin,W F Rivers Basin,Sharavati,05-11-2023 12:11:00,42.36,1785.45,156.61,64.288,151.749,,9571.759,2013.889,,,99865,50305,,,
2023-11-06,95960.0,Linganamakki Dam,W F Rivers Basin,W F Rivers Basin,Sharavati,06-11-2023 12:11:00,42.49,1785.55,156.61,64.484,151.749,,4120.37,1770.833,,,100220,50458,,,
2023-11-07,95961.0,Linganamakki Dam,W F Rivers Basin,W F Rivers Basin,Sharavati,07-11-2023 12:11:00,42.62,1785.65,156.61,64.68,151.749,,4143.519,1770.833,,,100578,50611,,,
2023-11-08,95962.0,Linganamakki Dam,W F Rivers Basin,W F Rivers Basin,Sharavati,08-11-2023 12:11:00,42.82,1785.8,156.61,64.973,151.749,,4560.185,1458.333,,,100972,50738,,,
2023-11-09,95963.0,Linganamakki Dam,W F Rivers Basin,W F Rivers Basin,Sharavati,09-11-2023 12:11:00,42.88,1785.85,156.61,65.071,151.749,,3773.148,2175.926,,,101299,50925,,,
2023-11-10,95964.0,Linganamakki Dam,W F Rivers Basin,W F Rivers Basin,Sharavati,10-11-2023 12:11:00,42.82,1785.8,156.61,64.973,151.749,,277.778,1759.259,,,101323,51078,,,
2023-11-11,95965.0,Linganamakki Dam,W F Rivers Basin,W F Rivers Basin,Sharavati,11-11-2023 12:11:00,42.75,1785.75,156.61,64.876,151.749,,370.37,983.796,,,101356,51162,,,
2023-11-12,95966.0,Linganamakki Dam,W F Rivers Basin,W F Rivers Basin,Sharavati,12-11-2023 12:11:00,42.75,1785.75,156.61,64.876,151.749,,4016.204,2199.074,,,101703,51352,,,
2023-11-13,95967.0,Linganamakki Dam,W F Rivers Basin,W F Rivers Basin,Sharavati,13-11-2023 12:11:00,42.69,1785.7,156.61,64.778,151.749,,439.815,1782.407,,,101740,51506,,,
2023-11-14,95968.0,Linganamakki Dam,W F Rivers Basin,W F Rivers Basin,Sharavati,14-11-2023 12:11:00,42.62,1785.65,156.61,64.68,151.749,,1168.981,1759.259,,,101841,51657,,,
2023-11-15,95969.0,Linganamakki Dam,W F Rivers Basin,W F Rivers Basin,Sharavati,15-11-2023 12:11:00,42.49,1785.55,156.61,64.484,151.749,,81.019,2141.204,,,101848,51843,,,
2023-11-16,95970.0,Linganamakki Dam,W F Rivers Basin,W F Rivers Basin,Sharavati,16-11-2023 12:11:00,42.3,1785.4,156.61,64.19,151.749,,35115.741,35474.537,,,515,2661,,,
2023-11-17,95971.0,Linganamakki Dam,W F Rivers Basin,W F Rivers Basin,Sharavati,17-11-2023 12:11:00,42.17,1785.3,156.61,63.994,151.749,,810.185,2893.519,,,101918,52327,,,
2023-11-18,95972.0,Linganamakki Dam,W F Rivers Basin,W F Rivers Basin,Sharavati,18-11-2023 12:11:00,42.04,1785.2,156.61,63.799,151.749,,1354.167,3425.926,,,102035,52623,,,
2023-11-19,95973.0,Linganamakki Dam,W F Rivers Basin,W F Rivers Basin,Sharavati,19-11-2023 12:11:00,41.91,1785.1,156.61,63.603,151.749,,289.352,2349.537,,,102060,52826,,,
2023-11-20,95974.0,Linganamakki Dam,W F Rivers Basin,W F Rivers Basin,Sharavati,20-11-2023 12:11:00,41.78,1785,156.61,63.407,151.749,,960.648,2858.796,,,102144,53073,,,
2023-11-21,95975.0,Linganamakki Dam,W F Rivers Basin,W F Rivers Basin,Sharavati,21-11-2023 12:11:00,41.67,1784.9,156.61,63.23,151.749,,486.111,2800.926,,,102185,53315,,,
2023-11-22,95976.0,Linganamakki Dam,W F Rivers Basin,W F Rivers Basin,Sharavati,22-11-2023 12:11:00,41.49,1784.75,156.61,62.965,151.749,,625,3912.037,,,102239,53653,,,
2023-11-23,95977.0,Linganamakki Dam,W F Rivers Basin,W F Rivers Basin,Sharavati,23-11-2023 12:11:00,41.43,1784.7,156.61,62.877,151.749,,1516.204,2048.611,,,102370,53830,,,
2023-11-24,95978.0,Linganamakki Dam,W F Rivers Basin,W F Rivers Basin,Sharavati,24-11-2023 12:11:00,41.26,1784.55,156.61,62.611,151.749,,41157.407,58125,,,603,204,,,
2023-11-25,95979.0,Linganamakki Dam,W F Rivers Basin,W F Rivers Basin,Sharavati,25-11-2023 12:11:00,41.14,1784.45,156.61,62.435,151.749,,601.852,2488.426,,,102423,54249,,,
2023-11-26,95980.0,Linganamakki Dam,W F Rivers Basin,W F Rivers Basin,Sharavati,26-11-2023 12:11:00,41.2,1784.5,156.61,62.523,151.749,,1226.852,1747.685,,,102528,54400,,,
2023-11-27,95981.0,Linganamakki Dam,W F Rivers Basin,W F Rivers Basin,Sharavati,27-11-2023 12:11:00,40.97,1784.3,156.61,62.169,151.749,,42974.537,64861.111,,,590,2391,,,
2023-11-28,95982.0,Linganamakki Dam,W F Rivers Basin,W F Rivers Basin,Sharavati,28-11-2023 12:11:00,40.85,1784.2,156.61,61.993,151.749,,451.389,2291.667,,,102567,54813,,,
2023-11-29,95983.0,Linganamakki Dam,W F Rivers Basin,W F Rivers Basin,Sharavati,29-11-2023 12:11:00,40.79,1784.15,156.61,61.904,151.749,,1226.852,1631.944,,,102673,54954,,,
2023-11-30,95984.0,Linganamakki Dam,W F Rivers Basin,W F Rivers Basin,Sharavati,30-11-2023 12:11:00,40.74,1784.1,156.61,61.816,151.749,,717.593,1875,,,102735,55117,,,
2023-12-01,95985.0,Linganamakki Dam,W F Rivers Basin,W F Rivers Basin,Sharavati,01-12-2023 12:12:00,40.62,1784,156.61,61.639,151.749,,717.593,2581.019,,,102797,55340,,,
2023-12-02,95986.0,Linganamakki Dam,W F Rivers Basin,W F Rivers Basin,Sharavati,02-12-2023 12:12:00,40.5,1783.9,156.61,61.462,151.749,,2152.778,7013.889,,,545,715,,,
2023-12-03,95987.0,Linganamakki Dam,W F Rivers Basin,W F Rivers Basin,Sharavati,03-12-2023 12:12:00,40.44,1783.85,156.61,61.374,151.749,,1365.741,1875,,,102977,55723,,,
2023-12-04,95988.0,Linganamakki Dam,W F Rivers Basin,W F Rivers Basin,Sharavati,04-12-2023 12:12:00,40.33,1783.75,156.61,61.197,151.749,,1168.981,3032.407,,,103078,55985,,,
2023-12-05,95989.0,Linganamakki Dam,W F Rivers Basin,W F Rivers Basin,Sharavati,05-12-2023 12:12:00,40.21,1783.65,156.61,61.02,151.749,,1354.167,3240.741,,,103195,56265,,,
2023-12-06,95990.0,Linganamakki Dam,W F Rivers Basin,W F Rivers Basin,Sharavati,06-12-2023 12:12:00,40.04,1783.5,156.61,60.755,151.749,,6041.667,49618.056,,,473,2105,,,
2023-12-07,95991.0,Linganamakki Dam,W F Rivers Basin,W F Rivers Basin,Sharavati,07-12-2023 12:12:00,39.8,1783.3,156.61,60.401,151.749,,6041.667,53171.296,,,514,2595,,,
2023-12-08,95992.0,Linganamakki Dam,W F Rivers Basin,W F Rivers Basin,Sharavati,08-12-2023 12:12:00,39.63,1783.15,156.61,60.136,151.749,,6041.667,56076.389,,,536,2869,,,
2023-12-09,95993.0,Linganamakki Dam,W F Rivers Basin,W F Rivers Basin,Sharavati,09-12-2023 12:12:00,39.51,1783.05,156.61,59.959,151.749,,6041.667,57800.926,,,535,527,,,
2023-12-10,95994.0,Linganamakki Dam,W F Rivers Basin,W F Rivers Basin,Sharavati,10-12-2023 12:12:00,39.34,1782.9,156.61,59.694,151.749,,6041.667,60196.759,,,536,1713,,,
2023-12-11,95995.0,Linganamakki Dam,W F Rivers Basin,W F Rivers Basin,Sharavati,11-12-2023 12:12:00,39.22,1782.8,156.61,59.517,151.749,,1238.426,3125,,,103302,60426,,,
2023-12-12,95996.0,Linganamakki Dam,W F Rivers Basin,W F Rivers Basin,Sharavati,12-12-2023 12:12:00,39.16,1782.75,156.61,59.429,151.749,,1250,2476.852,,,103410,60640,,,
2023-12-13,95997.0,Linganamakki Dam,W F Rivers Basin,W F Rivers Basin,Sharavati,13-12-2023 12:12:00,38.87,1782.5,156.61,58.987,151.749,,1712.963,2245.37,,,103558,60833,,,
2023-12-14,95998.0,Linganamakki Dam,W F Rivers Basin,W F Rivers Basin,Sharavati,14-12-2023 12:12:00,38.87,1782.5,156.61,58.987,151.749,,879.63,2743.056,,,103635,61071,,,
2023-12-15,95999.0,Linganamakki Dam,W F Rivers Basin,W F Rivers Basin,Sharavati,15-12-2023 12:12:00,38.81,1782.45,156.61,58.899,151.749,,11226.852,74085.648,,,539,94,,,
2023-12-16,96000.0,Linganamakki Dam,W F Rivers Basin,W F Rivers Basin,Sharavati,16-12-2023 12:12:00,38.64,1782.3,156.61,58.634,151.749,,11574.074,76967.593,,,536,356,,,
2023-12-17,96001.0,Linganamakki Dam,W F Rivers Basin,W F Rivers Basin,Sharavati,17-12-2023 12:12:00,38.46,1782.15,156.61,58.369,151.749,,11574.074,79467.593,,,536,556,,,
2023-12-18,96002.0,Linganamakki Dam,W F Rivers Basin,W F Rivers Basin,Sharavati,18-12-2023 12:12:00,38.35,1782.05,156.61,58.192,151.749,,601.852,2465.278,,,103725,62034,,,
2023-12-19,96003.0,Linganamakki Dam,W F Rivers Basin,W F Rivers Basin,Sharavati,19-12-2023 12:12:00,38.23,1781.95,156.61,58.016,151.749,,300.926,2152.778,,,103751,62220,,,
2023-12-20,96004.0,Linganamakki Dam,W F Rivers Basin,W F Rivers Basin,Sharavati,20-12-2023 12:12:00,38.11,1781.85,156.61,57.839,151.749,,613.426,2465.278,,,103803,62433,,,
2023-12-21,96005.0,Linganamakki Dam,W F Rivers Basin,W F Rivers Basin,Sharavati,21-12-2023 12:12:00,37.88,1781.65,156.61,57.486,151.749,,13078.704,90173.611,,,842,1300,,,
2023-12-22,96006.0,Linganamakki Dam,W F Rivers Basin,W F Rivers Basin,Sharavati,22-12-2023 12:12:00,37.71,1781.5,156.61,57.22,151.749,,69.444,3263.889,,,103809,63028,,,
2023-12-23,96007.0,Linganamakki Dam,W F Rivers Basin,W F Rivers Basin,Sharavati,23-12-2023 12:12:00,37.47,1781.3,156.61,56.866,151.749,,13148.148,96585.648,,,664,1418,,,
2023-12-24,96008.0,Linganamakki Dam,W F Rivers Basin,W F Rivers Basin,Sharavati,24-12-2023 12:12:00,37.3,1781.15,156.61,56.601,151.749,,13148.148,99131.944,,,671,1488,,,
2023-12-25,96009.0,Linganamakki Dam,W F Rivers Basin,W F Rivers Basin,Sharavati,25-12-2023 12:12:00,37.12,1781,156.61,56.336,151.749,,46.296,2546.296,,,103812,63739,,,
2023-12-26,96010.0,Linganamakki Dam,W F Rivers Basin,W F Rivers Basin,Sharavati,26-12-2023 12:12:00,36.95,1780.85,156.61,56.071,151.749,,13182.87,104675.926,,,704,1847,,,
2023-12-27,96011.0,Linganamakki Dam,W F Rivers Basin,W F Rivers Basin,Sharavati,27-12-2023 12:12:00,36.78,1780.7,156.61,55.806,151.749,,1201527.778,743171.296,,,16094,,,,
2023-12-28,96012.0,Linganamakki Dam,W F Rivers Basin,W F Rivers Basin,Sharavati,28-12-2023 12:12:00,36.6,1780.55,156.61,55.54,151.749,,13182.87,109618.056,,,552,135,,,
2023-12-29,96013.0,Linganamakki Dam,W F Rivers Basin,W F Rivers Basin,Sharavati,29-12-2023 12:12:00,36.43,1780.4,156.61,55.275,151.749,,324.074,2847.222,,,103841,64672,,,
2023-12-30,96014.0,Linganamakki Dam,W F Rivers Basin,W F Rivers Basin,Sharavati,30-12-2023 12:12:00,36.25,1780.25,156.61,55.01,151.749,,277.778,3460.648,,,103865,64971,,,
2023-12-31,96015.0,Linganamakki Dam,W F Rivers Basin,W F Rivers Basin,Sharavati,31-12-2023 12:12:00,36.08,1780.1,156.61,54.745,151.749,,104.167,3182.87,,,103874,65246,,,
2024-01-01,96016.0,Linganamakki Dam,W F Rivers Basin,W F Rivers Basin,Sharavati,01-01-2024 12:01:00,35.75,1779.8,156.61,54.251,151.749,,821.759,9247.685,,,688,294,,,
2024-01-02,96017.0,Linganamakki Dam,W F Rivers Basin,W F Rivers Basin,Sharavati,02-01-2024 12:01:00,35.59,1779.65,156.61,54.014,151.749,,682.87,2986.111,,,103995,66028,,,
2024-01-03,96018.0,Linganamakki Dam,W F Rivers Basin,W F Rivers Basin,Sharavati,03-01-2024 12:01:00,35.44,1779.5,156.61,53.776,151.749,,1585.648,15185.185,,,557,78,,,
2024-01-04,96019.0,Linganamakki Dam,W F Rivers Basin,W F Rivers Basin,Sharavati,04-01-2024 12:01:00,35.28,1779.35,156.61,53.538,151.749,,613.426,2893.519,,,104055,66533,,,
2024-01-05,96020.0,Linganamakki Dam,W F Rivers Basin,W F Rivers Basin,Sharavati,05-01-2024 12:01:00,35.18,1779.25,156.61,53.38,151.749,,335.648,2025.463,,,104084,66707,,,
2024-01-06,96021.0,Linganamakki Dam,W F Rivers Basin,W F Rivers Basin,Sharavati,06-01-2024 12:01:00,34.92,1779,156.61,52.984,151.749,,532.407,1608.796,,,104130,66846,,,
2024-01-07,96022.0,Linganamakki Dam,W F Rivers Basin,W F Rivers Basin,Sharavati,07-01-2024 12:01:00,35.02,1779.1,156.61,53.142,151.749,,405.093,2118.056,,,104164,67030,,,
2024-01-08,96023.0,Linganamakki Dam,W F Rivers Basin,W F Rivers Basin,Sharavati,08-01-2024 12:01:00,34.92,1779,156.61,52.984,151.749,,4050.926,26134.259,,,678,589,,,
2024-01-09,96024.0,Linganamakki Dam,W F Rivers Basin,W F Rivers Basin,Sharavati,09-01-2024 12:01:00,34.92,1779,156.61,52.984,151.749,,1712.963,1585.648,,,104363,67366,,,
2024-01-10,96025.0,Linganamakki Dam,W F Rivers Basin,W F Rivers Basin,Sharavati,10-01-2024 12:01:00,34.86,1778.95,156.61,52.905,151.749,,416.667,1504.63,,,104399,67496,,,
2024-01-11,96026.0,Linganamakki Dam,W F Rivers Basin,W F Rivers Basin,Sharavati,11-01-2024 12:01:00,34.76,1778.85,156.61,52.746,151.749,,671.296,2337.963,,,104457,67698,,,
2024-01-12,96027.0,Linganamakki Dam,W F Rivers Basin,W F Rivers Basin,Sharavati,12-01-2024 12:01:00,34.65,1778.75,156.61,52.588,151.749,,856.481,2523.148,,,104531,67917,,,
2024-01-13,96028.0,Linganamakki Dam,W F Rivers Basin,W F Rivers Basin,Sharavati,13-01-2024 12:01:00,34.5,1778.6,156.61,52.35,151.749,,115.741,2395.833,,,104541,68124,,,
2024-01-14,96029.0,Linganamakki Dam,W F Rivers Basin,W F Rivers Basin,Sharavati,14-01-2024 12:01:00,34.34,1778.45,156.61,52.113,151.749,,7824.074,39166.667,,,519,245,,,
2024-01-15,96030.0,Linganamakki Dam,W F Rivers Basin,W F Rivers Basin,Sharavati,15-01-2024 12:01:00,34.19,1778.3,156.61,51.876,151.749,,497.685,2754.63,,,104584,68593,,,
2024-01-16,96031.0,Linganamakki Dam,W F Rivers Basin,W F Rivers Basin,Sharavati,16-01-2024 12:01:00,34.03,1778.15,156.61,51.638,151.749,,23.148,2905.093,,,104586,68844,,,
2024-01-17,96032.0,Linganamakki Dam,W F Rivers Basin,W F Rivers Basin,Sharavati,17-01-2024 12:01:00,33.87,1778,156.61,51.401,151.749,,162.037,3055.556,,,104601,69108,,,
2024-01-18,96033.0,Linganamakki Dam,W F Rivers Basin,W F Rivers Basin,Sharavati,18-01-2024 12:01:00,33.66,1777.8,156.61,51.084,151.749,,1210659.722,802881.944,,,10792,,,,
2024-01-19,96034.0,Linganamakki Dam,W F Rivers Basin,W F Rivers Basin,Sharavati,19-01-2024 12:01:00,33.45,1777.6,156.61,50.767,151.749,,289.352,6273.148,,,104625,69911,,,
2024-01-20,96035.0,Linganamakki Dam,W F Rivers Basin,W F Rivers Basin,Sharavati,20-01-2024 12:01:00,33.3,1777.45,156.61,50.529,151.749,,1210937.5,811250,,,11992,,,,
2024-01-21,96036.0,Linganamakki Dam,W F Rivers Basin,W F Rivers Basin,Sharavati,21-01-2024 12:01:00,33.09,1777.25,156.61,50.213,151.749,,1210937.5,814479.167,,,12591,,,,
2024-01-22,96037.0,Linganamakki Dam,W F Rivers Basin,W F Rivers Basin,Sharavati,22-01-2024 12:01:00,32.83,1777,156.61,49.817,151.749,,8796.296,66192.13,,,605,302,,,
2024-01-23,96038.0,Linganamakki Dam,W F Rivers Basin,W F Rivers Basin,Sharavati,23-01-2024 12:01:00,32.57,1776.75,156.61,49.421,151.749,,1210937.5,821944.444,,,13804,,,,
2024-01-24,96039.0,Linganamakki Dam,W F Rivers Basin,W F Rivers Basin,Sharavati,24-01-2024 12:01:00,32.36,1776.55,156.61,49.104,151.749,,8796.296,73136.574,,,606,302,,,
2024-01-25,96040.0,Linganamakki Dam,W F Rivers Basin,W F Rivers Basin,Sharavati,25-01-2024 12:01:00,66.11,1801.7,156.61,100.326,151.749,,335.648,7025.463,,,104654,71898,,,
2024-01-26,96041.0,Linganamakki Dam,W F Rivers Basin,W F Rivers Basin,Sharavati,26-01-2024 12:01:00,32.15,1776.35,156.61,48.788,151.749,,9131.944,81701.389,,,607,335,,,
2024-01-27,96042.0,Linganamakki Dam,W F Rivers Basin,W F Rivers Basin,Sharavati,27-01-2024 12:01:00,31.99,1776.2,156.61,48.55,151.749,,1211273.148,835312.5,,,16228,,,,
2024-01-28,96043.0,Linganamakki Dam,W F Rivers Basin,W F Rivers Basin,Sharavati,28-01-2024 12:01:00,31.89,1776.1,156.61,48.392,151.749,,57.87,1736.111,,,104660,72321,,,
2024-01-29,96044.0,Linganamakki Dam,W F Rivers Basin,W F Rivers Basin,Sharavati,29-01-2024 12:01:00,31.68,1775.9,156.61,48.076,151.749,,9189.815,88217.593,,,643,752,,,
2024-01-30,96045.0,Linganamakki Dam,W F Rivers Basin,W F Rivers Basin,Sharavati,30-01-2024 12:01:00,31.47,1775.7,156.61,47.759,151.749,,1211342.593,843391.204,,,18149,,,,
2024-01-31,96046.0,Linganamakki Dam,W F Rivers Basin,W F Rivers Basin,Sharavati,31-01-2024 12:01:00,31.32,1775.55,156.61,47.521,151.749,,1211400.463,845740.741,,,643,,,,
2024-02-01,96047.0,Linganamakki Dam,W F Rivers Basin,W F Rivers Basin,Sharavati,01-02-2024 12:02:00,31.26,1775.5,156.61,47.442,151.749,,57.87,9155.093,,,645,760,,,
2024-02-02,96048.0,Linganamakki Dam,W F Rivers Basin,W F Rivers Basin,Sharavati,02-02-2024 12:02:00,30.79,1775.05,156.61,46.729,151.749,,57.87,12916.667,,,644,29,,,
2024-02-03,96049.0,Linganamakki Dam,W F Rivers Basin,W F Rivers Basin,Sharavati,03-02-2024 12:02:00,30.6,1774.85,156.61,46.438,151.749,,57.87,16134.259,,,641,253,,,
2024-02-04,96050.0,Linganamakki Dam,W F Rivers Basin,W F Rivers Basin,Sharavati,04-02-2024 12:02:00,30.41,1774.65,156.61,46.154,151.749,,173.611,3275.463,,,104680,74270,,,
2024-02-05,96051.0,Linganamakki Dam,W F Rivers Basin,W F Rivers Basin,Sharavati,05-02-2024 12:02:00,30.23,1774.45,156.61,45.871,151.749,,497.685,3587.963,,,104722,74580,,,
2024-02-06,96052.0,Linganamakki Dam,W F Rivers Basin,W F Rivers Basin,Sharavati,06-02-2024 12:02:00,30.04,1774.25,156.61,45.589,151.749,,729.167,26064.815,,,639,1381,,,
2024-02-07,96053.0,Linganamakki Dam,W F Rivers Basin,W F Rivers Basin,Sharavati,07-02-2024 12:02:00,29.86,1774.05,156.61,45.306,151.749,,231.481,3298.611,,,104742,75129,,,
2024-02-08,96054.0,Linganamakki Dam,W F Rivers Basin,W F Rivers Basin,Sharavati,08-02-2024 12:02:00,29.67,1773.85,156.61,45.023,151.749,,960.648,32326.389,,,639,2211,,,
2024-02-09,96055.0,Linganamakki Dam,W F Rivers Basin,W F Rivers Basin,Sharavati,09-02-2024 12:02:00,29.48,1773.65,156.61,44.739,151.749,,92.593,3171.296,,,104751,75659,,,
2024-02-10,96056.0,Linganamakki Dam,W F Rivers Basin,W F Rivers Basin,Sharavati,10-02-2024 12:02:00,29.3,1773.45,156.61,44.456,151.749,,23.148,3101.852,,,104753,75927,,,
2024-02-11,96057.0,Linganamakki Dam,W F Rivers Basin,W F Rivers Basin,Sharavati,11-02-2024 12:02:00,29.11,1773.25,156.61,44.174,151.749,,57.87,3125,,,104758,76197,,,
2024-02-12,96058.0,Linganamakki Dam,W F Rivers Basin,W F Rivers Basin,Sharavati,12-02-2024 12:02:00,28.92,1773.05,156.61,43.891,151.749,,1145.833,44363.426,,,604,143,,,
2024-02-13,96059.0,Linganamakki Dam,W F Rivers Basin,W F Rivers Basin,Sharavati,13-02-2024 12:02:00,28.78,1772.9,156.61,43.673,151.749,,219.907,2766.204,,,104777,76665,,,
2024-02-14,96060.0,Linganamakki Dam,W F Rivers Basin,W F Rivers Basin,Sharavati,14-02-2024 12:02:00,28.59,1772.7,156.61,43.378,151.749,,1354.167,49988.426,,,636,1283,,,
2024-02-15,96061.0,Linganamakki Dam,W F Rivers Basin,W F Rivers Basin,Sharavati,15-02-2024 12:02:00,28.44,1772.55,156.61,43.157,151.749,,1354.167,52256.944,,,635,364,,,
2024-02-16,96062.0,Linganamakki Dam,W F Rivers Basin,W F Rivers Basin,Sharavati,16-02-2024 12:02:00,28.25,1772.35,156.61,42.862,151.749,,1354.167,55115.741,,,632,343,,,
2024-02-17,96063.0,Linganamakki Dam,W F Rivers Basin,W F Rivers Basin,Sharavati,17-02-2024 12:02:00,28.05,1772.15,156.61,42.567,151.749,,1354.167,57962.963,,,630,903,,,
2024-02-18,96064.0,Linganamakki Dam,W F Rivers Basin,W F Rivers Basin,Sharavati,18-02-2024 12:02:00,27.86,1771.95,156.61,42.278,151.749,,416.667,3495.37,,,104812,77902,,,
2024-02-19,96065.0,Linganamakki Dam,W F Rivers Basin,W F Rivers Basin,Sharavati,19-02-2024 12:02:00,27.72,1771.75,156.61,42.067,151.749,,393.519,3472.222,,,104846,78202,,,
2024-02-20,96066.0,Linganamakki Dam,W F Rivers Basin,W F Rivers Basin,Sharavati,20-02-2024 12:02:00,27.46,1771.5,156.61,41.668,151.749,,1213495.37,908587.963,,,13585,,,,
2024-02-21,96067.0,Linganamakki Dam,W F Rivers Basin,W F Rivers Basin,Sharavati,21-02-2024 12:02:00,27.28,1771.3,156.61,41.397,151.749,,2152.778,71273.148,,,768,123,,,
2024-02-22,96068.0,Linganamakki Dam,W F Rivers Basin,W F Rivers Basin,Sharavati,22-02-2024 12:02:00,27.1,1771.1,156.61,41.126,151.749,,2627.315,74791.667,,,766,466,,,
2024-02-23,96069.0,Linganamakki Dam,W F Rivers Basin,W F Rivers Basin,Sharavati,23-02-2024 12:02:00,26.92,1770.9,156.61,40.849,151.749,,289.352,3379.63,,,104911,79346,,,
2024-02-24,96070.0,Linganamakki Dam,W F Rivers Basin,W F Rivers Basin,Sharavati,24-02-2024 12:02:00,26.69,1770.65,156.61,40.495,151.749,,1214247.685,922013.889,,,16253,,,,
2024-02-25,96071.0,Linganamakki Dam,W F Rivers Basin,W F Rivers Basin,Sharavati,25-02-2024 12:02:00,26.41,1770.35,156.61,40.071,151.749,,1214247.685,925520.833,,,16806,,,,
2024-02-26,96072.0,Linganamakki Dam,W F Rivers Basin,W F Rivers Basin,Sharavati,26-02-2024 12:02:00,26.08,1770,156.61,39.576,151.749,,1214247.685,928819.444,,,17281,,,,
2024-02-27,96073.0,Linganamakki Dam,W F Rivers Basin,W F Rivers Basin,Sharavati,27-02-2024 12:02:00,25.95,1769.85,156.61,39.386,151.749,,1214247.685,932291.667,,,17750,,,,
2024-02-28,96074.0,Linganamakki Dam,W F Rivers Basin,W F Rivers Basin,Sharavati,28-02-2024 12:02:00,25.75,1769.6,156.61,39.07,151.749,,1214247.685,935763.889,,,679,,,,
2024-02-29,,,,,,,,1769.475,,,,,,,,,,,,,
2024-03-01,96075.0,Linganamakki Dam,W F Rivers Basin,W F Rivers Basin,Sharavati,01-03-2024 12:03:00,25.54,1769.35,156.61,38.755,151.749,,254.63,3460.648,,,104934,81149,,,
2024-03-02,96076.0,Linganamakki Dam,W F Rivers Basin,W F Rivers Basin,Sharavati,02-03-2024 12:03:00,25.37,1769.15,156.61,38.502,151.749,,312.5,3043.981,,,104961,81412,,,
2024-03-03,96077.0,Linganamakki Dam,W F Rivers Basin,W F Rivers Basin,Sharavati,03-03-2024 12:03:00,25.18,1768.9,156.61,38.205,151.749,,567.13,13449.074,,,643,307,,,
2024-03-04,96078.0,Linganamakki Dam,W F Rivers Basin,W F Rivers Basin,Sharavati,04-03-2024 12:03:00,25,1768.65,156.61,37.934,151.749,,567.13,16574.074,,,697,838,,,
2024-03-05,96079.0,Linganamakki Dam,W F Rivers Basin,W F Rivers Basin,Sharavati,05-03-2024 12:03:00,24.8,1768.4,156.61,37.627,151.749,,833.333,20057.87,,,815,266,,,
2024-03-06,96080.0,Linganamakki Dam,W F Rivers Basin,W F Rivers Basin,Sharavati,06-03-2024 12:03:00,24.56,1768.15,156.61,37.266,151.749,,833.333,23506.944,,,590,490,,,
2024-03-07,96081.0,Linganamakki Dam,W F Rivers Basin,W F Rivers Basin,Sharavati,07-03-2024 12:03:00,24.37,1767.95,156.61,36.987,151.749,,1250,26666.667,,,592,417,,,
2024-03-08,96082.0,Linganamakki Dam,W F Rivers Basin,W F Rivers Basin,Sharavati,08-03-2024 12:03:00,24.17,1767.7,156.61,36.671,151.749,,1215509.259,962372.685,,,6115,,,,
2024-03-09,96083.0,Linganamakki Dam,W F Rivers Basin,W F Rivers Basin,Sharavati,09-03-2024 12:03:00,23.96,1767.45,156.61,36.355,151.749,,1446.759,33495.37,,,685,188,,,
2024-03-10,96084.0,Linganamakki Dam,W F Rivers Basin,W F Rivers Basin,Sharavati,10-03-2024 12:03:00,23.75,1767.2,156.61,36.039,151.749,,1215694.444,968969.907,,,7370,,,,
2024-03-11,96085.0,Linganamakki Dam,W F Rivers Basin,W F Rivers Basin,Sharavati,11-03-2024 12:03:00,23.54,1766.95,156.61,35.723,151.749,,173.611,3402.778,,,105051,84013,,,
2024-03-12,96086.0,Linganamakki Dam,W F Rivers Basin,W F Rivers Basin,Sharavati,12-03-2024 12:03:00,23.33,1766.7,156.61,35.407,151.749,,1215868.056,975787.037,,,8444,,,,
2024-03-13,96087.0,Linganamakki Dam,W F Rivers Basin,W F Rivers Basin,Sharavati,13-03-2024 12:03:00,23.12,1766.45,156.61,35.091,151.749,,1620.37,46909.722,,,616,683,,,
2024-03-14,96088.0,Linganamakki Dam,W F Rivers Basin,W F Rivers Basin,Sharavati,14-03-2024 12:03:00,22.92,1766.2,156.61,34.775,151.749,,1770.833,50277.778,,,706,151,,,
2024-03-15,96089.0,Linganamakki Dam,W F Rivers Basin,W F Rivers Basin,Sharavati,15-03-2024 12:03:00,22.71,1765.95,156.61,34.46,151.749,,1216018.519,985949.074,,,10411,,,,
2024-03-16,96090.0,Linganamakki Dam,W F Rivers Basin,W F Rivers Basin,Sharavati,16-03-2024 12:03:00,22.5,1765.7,156.61,34.144,151.749,,1886.574,57002.315,,,644,123,,,
2024-03-17,96091.0,Linganamakki Dam,W F Rivers Basin,W F Rivers Basin,Sharavati,17-03-2024 12:03:00,22.25,1765.4,156.61,33.765,151.749,,1886.574,60358.796,,,644,241,,,
2024-03-18,96092.0,Linganamakki Dam,W F Rivers Basin,W F Rivers Basin,Sharavati,18-03-2024 12:03:00,22.04,1765.15,156.61,33.449,151.749,,1216145.833,995810.185,,,12344,,,,
2024-03-19,96093.0,Linganamakki Dam,W F Rivers Basin,W F Rivers Basin,Sharavati,19-03-2024 12:03:00,21.88,1764.95,156.61,33.204,151.749,,1886.574,65567.13,,,693,69,,,
2024-03-20,96094.0,Linganamakki Dam,W F Rivers Basin,W F Rivers Basin,Sharavati,20-03-2024 12:03:00,21.7,1764.7,156.61,32.922,151.749,,1886.574,68888.889,,,770,200,,,
2024-03-21,96095.0,Linganamakki Dam,W F Rivers Basin,W F Rivers Basin,Sharavati,21-03-2024 12:03:00,21.51,1764.45,156.61,32.641,151.749,,23.148,3310.185,,,105076,86788,,,
2024-03-22,96096.0,Linganamakki Dam,W F Rivers Basin,W F Rivers Basin,Sharavati,22-03-2024 12:03:00,21.29,1764.15,156.61,32.304,151.749,,1909.722,75497.685,,,327,335,,,
2024-03-23,96097.0,Linganamakki Dam,W F Rivers Basin,W F Rivers Basin,Sharavati,23-03-2024 12:03:00,21.1,1763.9,156.61,32.022,151.749,,185.185,3252.315,,,105092,87355,,,
2024-03-24,96098.0,Linganamakki Dam,W F Rivers Basin,W F Rivers Basin,Sharavati,24-03-2024 12:03:00,20.92,1763.65,156.61,31.741,151.749,,1216342.593,1014317.13,,,15866,,,,
2024-03-25,96099.0,Linganamakki Dam,W F Rivers Basin,W F Rivers Basin,Sharavati,25-03-2024 12:03:00,20.73,1763.4,156.61,31.46,151.749,,1216342.593,1020532.407,,,16325,,,,
2024-03-26,96100.0,Linganamakki Dam,W F Rivers Basin,W F Rivers Basin,Sharavati,26-03-2024 12:03:00,20.55,1763.15,156.61,31.179,151.749,,393.519,3252.315,,,105127,88455,,,
2024-03-27,96101.0,Linganamakki Dam,W F Rivers Basin,W F Rivers Basin,Sharavati,27-03-2024 12:03:00,20.36,1762.9,156.61,30.898,151.749,,2488.426,94756.944,,,656,266,,,
2024-03-28,96102.0,Linganamakki Dam,W F Rivers Basin,W F Rivers Basin,Sharavati,28-03-2024 12:03:00,20.14,1762.6,156.61,30.56,151.749,,2488.426,98009.259,,,633,131,,,
2024-03-29,96103.0,Linganamakki Dam,W F Rivers Basin,W F Rivers Basin,Sharavati,29-03-2024 12:03:00,19.95,1762.35,156.61,30.279,151.749,,1216747.685,1033553.241,,,18422,,,,
2024-03-30,96104.0,Linganamakki Dam,W F Rivers Basin,W F Rivers Basin,Sharavati,30-03-2024 12:03:00,19.73,1762.05,156.61,29.942,151.749,,1216747.685,1036793.981,,,19042,,,,
2024-03-31,96105.0,Linganamakki Dam,W F Rivers Basin,W F Rivers Basin,Sharavati,31-03-2024 12:03:00,19.51,1761.75,156.61,29.605,151.749,,7129.63,,,,278,,,,
2024-04-01,96106.0,Linganamakki Dam,W F Rivers Basin,W F Rivers Basin,Sharavati,01-04-2024 12:04:00,19.32,1761.5,156.61,29.323,151.749,,1216747.685,1043229.167,,,1225,,,,
2024-04-02,96107.0,Linganamakki Dam,W F Rivers Basin,W F Rivers Basin,Sharavati,02-04-2024 12:04:00,19.1,1761.2,156.61,28.986,151.749,,7083.333,,,,181894,,,,
2024-04-03,96108.0,Linganamakki Dam,W F Rivers Basin,W F Rivers Basin,Sharavati,03-04-2024 12:04:00,18.84,1760.85,156.61,28.592,151.749,,7071.759,,,,182504,,,,
2024-04-04,96109.0,Linganamakki Dam,W F Rivers Basin,W F Rivers Basin,Sharavati,04-04-2024 12:04:00,18.58,1760.5,156.61,28.199,151.749,,7013.889,,,,183110,,,,
2024-04-05,96110.0,Linganamakki Dam,W F Rivers Basin,W F Rivers Basin,Sharavati,05-04-2024 12:04:00,18.36,1760.2,156.61,27.861,151.749,,5428.241,,,,183579,,,,
2024-04-06,96111.0,Linganamakki Dam,W F Rivers Basin,W F Rivers Basin,Sharavati,06-04-2024 12:04:00,18.11,1759.85,156.61,27.486,151.749,,5000,,,,184011,,,,
2024-04-07,96112.0,Linganamakki Dam,W F Rivers Basin,W F Rivers Basin,Sharavati,07-04-2024 12:04:00,17.88,1759.5,156.61,27.136,151.749,,5972.222,,,,184527,,,,
2024-04-08,96113.0,Linganamakki Dam,W F Rivers Basin,W F Rivers Basin,Sharavati,08-04-2024 12:04:00,17.65,1759.15,156.61,26.786,151.749,,1216747.685,1071851.852,,,5031,,,,
2024-04-09,96114.0,Linganamakki Dam,W F Rivers Basin,W F Rivers Basin,Sharavati,09-04-2024 12:04:00,17.42,1758.8,156.61,26.436,151.749,,7696.759,,,,185752,,,,
2024-04-10,96115.0,Linganamakki Dam,W F Rivers Basin,W F Rivers Basin,Sharavati,10-04-2024 12:04:00,17.19,1758.45,156.61,26.087,151.749,,1216747.685,1079803.241,,,6415,,,,
2024-04-11,96116.0,Linganamakki Dam,W F Rivers Basin,W F Rivers Basin,Sharavati,11-04-2024 12:04:00,16.96,1758.1,156.61,25.737,151.749,,6226.852,,,,187009,,,,
2024-04-12,96117.0,Linganamakki Dam,W F Rivers Basin,W F Rivers Basin,Sharavati,12-04-2024 12:04:00,16.73,1757.75,156.61,25.387,151.749,,1216747.685,1087523.148,,,7378,,,,
2024-04-13,96118.0,Linganamakki Dam,W F Rivers Basin,W F Rivers Basin,Sharavati,13-04-2024 12:04:00,16.6,1757.55,156.61,25.187,151.749,,833.333,53715.278,,,497,834,,,
2024-04-14,96119.0,Linganamakki Dam,W F Rivers Basin,W F Rivers Basin,Sharavati,14-04-2024 12:04:00,16.4,1757.25,156.61,24.887,151.749,,416.667,3750,,,105235,94543,,,
2024-04-15,96120.0,Linganamakki Dam,W F Rivers Basin,W F Rivers Basin,Sharavati,15-04-2024 12:04:00,16.24,1757,156.61,24.637,151.749,,520.833,3402.778,,,105280,94837,,,
2024-04-16,96121.0,Linganamakki Dam,W F Rivers Basin,W F Rivers Basin,Sharavati,16-04-2024 12:04:00,16.04,1756.7,156.61,24.338,151.749,,2037.037,64409.722,,,577,257,,,
2024-04-17,96122.0,Linganamakki Dam,W F Rivers Basin,W F Rivers Basin,Sharavati,17-04-2024 12:04:00,15.81,1756.35,156.61,23.988,151.749,,1218773.148,1104745.37,,,10184,,,,
2024-04-18,96123.0,Linganamakki Dam,W F Rivers Basin,W F Rivers Basin,Sharavati,18-04-2024 12:04:00,15.58,1756,156.61,23.638,151.749,,1218773.148,1107395.833,,,10759,,,,
2024-04-19,96124.0,Linganamakki Dam,W F Rivers Basin,W F Rivers Basin,Sharavati,19-04-2024 12:04:00,15.35,1755.65,156.61,23.288,151.749,,196.759,3495.37,,,105319,95981,,,
2024-04-20,96125.0,Linganamakki Dam,W F Rivers Basin,W F Rivers Basin,Sharavati,20-04-2024 12:04:00,15.25,1755.5,156.61,23.139,151.749,,2361.111,76550.926,,,573,139,,,
2024-04-21,96126.0,Linganamakki Dam,W F Rivers Basin,W F Rivers Basin,Sharavati,21-04-2024 12:04:00,15.15,1755.35,156.61,22.988,151.749,,1219108.796,1114988.426,,,12468,,,,
2024-04-22,96127.0,Linganamakki Dam,W F Rivers Basin,W F Rivers Basin,Sharavati,22-04-2024 12:04:00,15.02,1755.15,156.61,22.788,151.749,,115.741,2245.37,,,105341,96529,,,
2024-04-23,96128.0,Linganamakki Dam,W F Rivers Basin,W F Rivers Basin,Sharavati,23-04-2024 12:04:00,14.86,1754.9,156.61,22.549,151.749,,1219224.537,1119826.389,,,13752,,,,
2024-04-24,96129.0,Linganamakki Dam,W F Rivers Basin,W F Rivers Basin,Sharavati,24-04-2024 12:04:00,14.71,1754.65,156.61,22.327,151.749,,671.296,2916.667,,,105399,97005,,,
2024-04-25,,,,,,,,1754.403947368421,,,,,,,,,,,,,
2024-04-26,,,,,,,,1754.157894736842,,,,,,,,,,,,,
2024-04-27,,,,,,,,1753.9118421052633,,,,,,,,,,,,,
2024-04-28,,,,,,,,1753.6657894736843,,,,,,,,,,,,,
2024-04-29,,,,,,,,1753.4197368421053,,,,,,,,,,,,,
2024-04-30,,,,,,,,1753.1736842105263,,,,,,,,,,,,,
2024-05-01,,,,,,,,1752.9276315789475,,,,,,,,,,,,,
2024-05-02,,,,,,,,1752.6815789473685,,,,,,,,,,,,,
2024-05-03,,,,,,,,1752.4355263157895,,,,,,,,,,,,,
2024-05-04,,,,,,,,1752.1894736842105,,,,,,,,,,,,,
2024-05-05,,,,,,,,1751.9434210526315,,,,,,,,,,,,,
2024-05-06,,,,,,,,1751.6973684210527,,,,,,,,,,,,,
2024-05-07,,,,,,,,1751.4513157894737,,,,,,,,,,,,,
2024-05-08,,,,,,,,1751.2052631578947,,,,,,,,,,,,,
2024-05-09,,,,,,,,1750.959210526316,,,,,,,,,,,,,
2024-05-10,,,,,,,,1750.713157894737,,,,,,,,,,,,,
2024-05-11,,,,,,,,1750.467105263158,,,,,,,,,,,,,
2024-05-12,,,,,,,,1750.221052631579,,,,,,,,,,,,,
2024-05-13,,,,,,,,1749.975,,,,,,,,,,,,,
2024-05-14,,,,,,,,1749.7289473684211,,,,,,,,,,,,,
2024-05-15,,,,,,,,1749.482894736842,,,,,,,,,,,,,
2024-05-16,,,,,,,,1749.2368421052631,,,,,,,,,,,,,
2024-05-17,,,,,,,,1748.990789473684,,,,,,,,,,,,,
2024-05-18,,,,,,,,1748.744736842105,,,,,,,,,,,,,
2024-05-19,,,,,,,,1748.4986842105263,,,,,,,,,,,,,
2024-05-20,,,,,,,,1748.252631578947,,,,,,,,,,,,,
2024-05-21,,,,,,,,1748.0065789473683,,,,,,,,,,,,,
2024-05-22,,,,,,,,1747.7605263157895,,,,,,,,,,,,,
2024-05-23,,,,,,,,1747.5144736842103,,,,,,,,,,,,,
2024-05-24,,,,,,,,1747.2684210526315,,,,,,,,,,,,,
2024-05-25,,,,,,,,1747.0223684210523,,,,,,,,,,,,,
2024-05-26,,,,,,,,1746.7763157894738,,,,,,,,,,,,,
2024-05-27,,,,,,,,1746.5302631578948,,,,,,,,,,,,,
2024-05-28,,,,,,,,1746.2842105263155,,,,,,,,,,,,,
2024-05-29,,,,,,,,1746.0381578947367,,,,,,,,,,,,,
2024-05-30,,,,,,,,1745.792105263158,,,,,,,,,,,,,
2024-05-31,,,,,,,,1745.546052631579,,,,,,,,,,,,,
2024-06-01,96130.0,Linganamakki Dam,W F Rivers Basin,W F Rivers Basin,Sharavati,01-06-2024 12:06:00,9.58,1745.3,156.61,14.541,151.749,,2384.259,2581.019,,,206,414,,,
2024-06-02,96131.0,Linganamakki Dam,W F Rivers Basin,W F Rivers Basin,Sharavati,02-06-2024 12:06:00,9.43,1745,156.61,14.307,151.749,,57.87,2916.667,,,211,666,,,
2024-06-03,96132.0,Linganamakki Dam,W F Rivers Basin,W F Rivers Basin,Sharavati,03-06-2024 12:06:00,9.27,1744.65,156.61,14.068,151.749,,2442.13,10902.778,,,213,,,,
2024-06-04,96133.0,Linganamakki Dam,W F Rivers Basin,W F Rivers Basin,Sharavati,04-06-2024 12:06:00,9.14,1744.35,156.61,13.863,151.749,,219.907,12025.463,,,19,279,,,
2024-06-05,96134.0,Linganamakki Dam,W F Rivers Basin,W F Rivers Basin,Sharavati,05-06-2024 12:06:00,8.98,1744,156.61,13.624,151.749,,219.907,14456.019,,,211,1496,,,
2024-06-06,96135.0,Linganamakki Dam,W F Rivers Basin,W F Rivers Basin,Sharavati,06-06-2024 12:06:00,8.87,1743.75,156.61,13.453,151.749,,451.389,16944.444,,,58,288,,,
2024-06-07,96136.0,Linganamakki Dam,W F Rivers Basin,W F Rivers Basin,Sharavati,07-06-2024 12:06:00,8.78,1743.55,156.61,13.316,151.749,,925.926,19398.148,,,138,268,,,
2024-06-08,96137.0,Linganamakki Dam,W F Rivers Basin,W F Rivers Basin,Sharavati,08-06-2024 12:06:00,9.2,1744.5,156.61,13.965,151.749,,7743.056,19583.333,,,807,274,,,
2024-06-09,96138.0,Linganamakki Dam,W F Rivers Basin,W F Rivers Basin,Sharavati,09-06-2024 12:06:00,9.43,1745,156.61,14.307,151.749,,5289.352,20636.574,,,1264,260,,,
2024-06-10,96139.0,Linganamakki Dam,W F Rivers Basin,W F Rivers Basin,Sharavati,10-06-2024 12:06:00,9.56,1745.25,156.61,14.502,151.749,,4224.537,22812.5,,,1628,258,,,
2024-06-11,96140.0,Linganamakki Dam,W F Rivers Basin,W F Rivers Basin,Sharavati,11-06-2024 12:06:00,9.63,1745.4,156.61,14.619,151.749,,3449.074,24733.796,,,1926,229,,,
2024-06-12,96141.0,Linganamakki Dam,W F Rivers Basin,W F Rivers Basin,Sharavati,12-06-2024 12:06:00,9.76,1745.65,156.61,14.814,151.749,,3622.685,26238.426,,,2240,227,,,
2024-06-13,96142.0,Linganamakki Dam,W F Rivers Basin,W F Rivers Basin,Sharavati,13-06-2024 12:06:00,9.79,1745.7,156.61,14.853,151.749,,2372.685,1701.389,,,2445,2414,,,
2024-06-14,96143.0,Linganamakki Dam,W F Rivers Basin,W F Rivers Basin,Sharavati,14-06-2024 12:06:00,9.71,1745.55,156.61,14.736,151.749,,312.5,29687.5,,,2472,270,,,
2024-06-15,96144.0,Linganamakki Dam,W F Rivers Basin,W F Rivers Basin,Sharavati,15-06-2024 12:06:00,9.56,1745.25,156.61,14.502,151.749,,28611.111,32152.778,,,10,251,,,
2024-06-16,96145.0,Linganamakki Dam,W F Rivers Basin,W F Rivers Basin,Sharavati,16-06-2024 12:06:00,9.45,1745.05,156.61,14.346,151.749,,856.481,2569.444,,,2546,3000,,,
2024-06-17,96146.0,Linganamakki Dam,W F Rivers Basin,W F Rivers Basin,Sharavati,17-06-2024 12:06:00,9.38,1744.9,156.61,14.239,151.749,,1365.741,2384.259,,,2664,3205,,,
2024-06-18,96147.0,Linganamakki Dam,W F Rivers Basin,W F Rivers Basin,Sharavati,18-06-2024 12:06:00,9.34,1744.8,156.61,14.17,,,1226.852,1990.741,,,2770,3377,,,
2024-06-19,96148.0,Linganamakki Dam,W F Rivers Basin,W F Rivers Basin,Sharavati,19-06-2024 12:06:00,9.25,1744.6,156.61,14.033,,,694.444,2476.852,,,2830,3591,,,
2024-06-20,96149.0,Linganamakki Dam,W F Rivers Basin,W F Rivers Basin,Sharavati,20-06-2024 12:06:00,9.16,1744.4,156.61,13.897,,,902.778,43981.481,,,2908,162,,,
2024-06-21,96150.0,Linganamakki Dam,W F Rivers Basin,W F Rivers Basin,Sharavati,21-06-2024 12:06:00,9.2,1744.5,156.61,13.965,,,2500,45671.296,,,3124,162,,,
2024-06-22,96151.0,Linganamakki Dam,W F Rivers Basin,W F Rivers Basin,Sharavati,22-06-2024 12:06:00,9.23,1744.55,156.61,13.999,,,2685.185,2118.056,,,3356,4129,,,
2024-06-23,96152.0,Linganamakki Dam,W F Rivers Basin,W F Rivers Basin,Sharavati,23-06-2024 12:06:00,9.25,1744.6,156.61,14.033,,,2719.907,2430.556,,,3591,4339,,,
2024-06-24,96153.0,Linganamakki Dam,W F Rivers Basin,W F Rivers Basin,Sharavati,24-06-2024 12:06:00,9.36,1744.85,156.61,14.204,,,3865.741,1724.537,,,3924,4488,,,
2024-06-25,96154.0,Linganamakki Dam,W F Rivers Basin,W F Rivers Basin,Sharavati,25-06-2024 12:06:00,9.74,1745.6,156.61,14.775,,,9027.778,2395.833,,,4705,4695,,,
2024-06-26,96155.0,Linganamakki Dam,W F Rivers Basin,W F Rivers Basin,Sharavati,26-06-2024 12:06:00,10.77,1747.6,156.61,16.337,,,19687.5,1574.074,,,6405,4831,,,
2024-06-27,96156.0,Linganamakki Dam,W F Rivers Basin,W F Rivers Basin,Sharavati,27-06-2024 12:06:00,11.33,1748.7,156.61,17.195,,,12245.37,2442.13,,,7464,5042,,,
2024-06-28,96157.0,Linganamakki Dam,W F Rivers Basin,W F Rivers Basin,Sharavati,28-06-2024 12:06:00,11.72,1749.45,156.61,17.781,,,9189.815,2349.537,,,8257,5245,,,
2024-06-29,96158.0,Linganamakki Dam,W F Rivers Basin,W F Rivers Basin,Sharavati,29-06-2024 12:06:00,12.2,1750.35,156.61,18.52,,,11354.167,2615.741,,,9239,5471,,,
2024-06-30,96159.0,Linganamakki Dam,W F Rivers Basin,W F Rivers Basin,Sharavati,30-06-2024 12:06:00,12.85,1751.45,156.61,19.495,,,13703.704,2569.444,,,10423,5693,,,
2024-07-01,96160.0,Linganamakki Dam,W F Rivers Basin,W F Rivers Basin,Sharavati,01-07-2024 12:07:00,13.87,1753.2,156.61,21.043,,,20949.074,2754.63,,,12233,5932,,,
2024-07-02,96161.0,Linganamakki Dam,W F Rivers Basin,W F Rivers Basin,Sharavati,02-07-2024 12:07:00,14.89,1754.95,156.61,22.594,,,19953.704,2060.185,,,13957,6109,,,
2024-07-03,96162.0,Linganamakki Dam,W F Rivers Basin,W F Rivers Basin,Sharavati,03-07-2024 12:07:00,18.29,1760.1,156.61,27.748,,,60243.056,590.278,,,19161,6160,,,
2024-07-04,96163.0,Linganamakki Dam,W F Rivers Basin,W F Rivers Basin,Sharavati,04-07-2024 12:07:00,20.73,1763.4,156.61,31.46,,,44027.778,1342.593,,,22965,6276,,,
2024-07-05,96164.0,Linganamakki Dam,W F Rivers Basin,W F Rivers Basin,Sharavati,05-07-2024 12:07:00,21.77,1764.8,156.61,33.035,,,20416.667,2025.463,,,24729,6451,,,
2024-07-06,96165.0,Linganamakki Dam,W F Rivers Basin,W F Rivers Basin,Sharavati,06-07-2024 12:07:00,23.33,1766.7,156.61,35.407,,,29039.352,1574.074,,,27239,6587,,,
2024-07-07,96166.0,Linganamakki Dam,W F Rivers Basin,W F Rivers Basin,Sharavati,07-07-2024 12:07:00,25.58,1769.4,156.61,38.818,,,41053.241,1712.963,,,30785,6735,,,
2024-07-08,96167.0,Linganamakki Dam,W F Rivers Basin,W F Rivers Basin,Sharavati,08-07-2024 12:07:00,26.83,1770.8,156.61,40.708,,,23414.352,1400.463,,,32809,6856,,,
2024-07-09,96168.0,Linganamakki Dam,W F Rivers Basin,W F Rivers Basin,Sharavati,09-07-2024 12:07:00,27.41,1771.45,156.61,41.6,,151749,13657.407,2881.944,,,33989,7105,,,
2024-07-10,96169.0,Linganamakki Dam,W F Rivers Basin,W F Rivers Basin,Sharavati,10-07-2024 12:07:00,27.95,1772.05,156.61,42.42,,151749,13125,3425.926,,,35123,7401,,,
2024-07-11,96170.0,Linganamakki Dam,W F Rivers Basin,W F Rivers Basin,Sharavati,11-07-2024 12:07:00,28.39,1772.5,156.61,43.083,,151749,10995.37,3437.5,,,36073,7698,,,
2024-07-12,96171.0,Linganamakki Dam,W F Rivers Basin,W F Rivers Basin,Sharavati,12-07-2024 12:07:00,29.44,1773.6,156.61,44.669,,151749,21307.87,3541.667,,,37915,8004,,,
2024-07-13,96172.0,Linganamakki Dam,W F Rivers Basin,W F Rivers Basin,Sharavati,13-07-2024 12:07:00,31.47,1775.7,156.61,47.759,,151749,36192.13,486.111,,,41042,8046,,,
2024-07-14,96173.0,Linganamakki Dam,W F Rivers Basin,W F Rivers Basin,Sharavati,14-07-2024 12:07:00,34.03,1778.15,156.61,51.638,,151749,45115.741,29803.241,,,44940,142,,,
2024-07-15,96174.0,Linganamakki Dam,W F Rivers Basin,W F Rivers Basin,Sharavati,15-07-2024 12:07:00,38.46,1782.15,156.61,58.369,,151749,77916.667,29803.241,,,51672,192,,,
2024-07-16,96175.0,Linganamakki Dam,W F Rivers Basin,W F Rivers Basin,Sharavati,16-07-2024 12:07:00,41.43,1784.7,156.61,62.877,,151749,52361.111,29803.241,,,56196,177,,,
2024-07-17,96176.0,Linganamakki Dam,W F Rivers Basin,W F Rivers Basin,Sharavati,17-07-2024 12:07:00,45.4,1787.8,156.61,68.89,,151749,69224.537,29803.241,,,62177,134,,,
2024-07-18,96177.0,Linganamakki Dam,W F Rivers Basin,W F Rivers Basin,Sharavati,18-07-2024 12:07:00,50.37,1791.5,156.61,76.439,151.749,,87500,29803.241,,,69737,150,,,
2024-07-19,96178.0,Linganamakki Dam,W F Rivers Basin,W F Rivers Basin,Sharavati,19-07-2024 12:07:00,54.36,1794.3,156.61,82.487,151.749,,69722.222,29803.241,,,75761,96,,,
2024-07-20,96179.0,Linganamakki Dam,W F Rivers Basin,W F Rivers Basin,Sharavati,20-07-2024 12:07:00,57,1796.05,156.61,86.498,151.749,,48796.296,1840.278,,,79977,8206,,,
2024-07-21,96180.0,Linganamakki Dam,W F Rivers Basin,W F Rivers Basin,Sharavati,21-07-2024 12:07:00,59.43,1797.6,156.61,90.187,151.749,,44386.574,1898.148,,,83812,8370,,,
2024-07-22,96181.0,Linganamakki Dam,W F Rivers Basin,W F Rivers Basin,Sharavati,22-07-2024 12:07:00,61.63,1799,156.61,93.519,151.749,,41273.148,2395.833,,,87378,8577,,,
2024-07-23,96182.0,Linganamakki Dam,W F Rivers Basin,W F Rivers Basin,Sharavati,23-07-2024 12:07:00,64.91,1801,156.61,98.503,151.749,,58622.685,1898.148,,,92442,8741,,,
2024-07-24,96183.0,Linganamakki Dam,W F Rivers Basin,W F Rivers Basin,Sharavati,24-07-2024 12:07:00,67.83,1802.7,156.61,102.93,151.749,,53368.056,1932.87,,,97054,8908,,,
2024-07-25,96184.0,Linganamakki Dam,W F Rivers Basin,W F Rivers Basin,Sharavati,25-07-2024 12:07:00,71.43,1804.8,156.61,108.398,151.749,,65150.463,1851.852,,,102682,9068,,,
2024-07-26,96185.0,Linganamakki Dam,W F Rivers Basin,W F Rivers Basin,Sharavati,26-07-2024 12:07:00,75.51,1807,156.61,114.579,151.749,,74513.889,2905.093,,,109120,9320,,,
2024-07-27,96186.0,Linganamakki Dam,W F Rivers Basin,W F Rivers Basin,Sharavati,27-07-2024 12:07:00,77.46,1808.05,156.61,117.551,151.749,,37731.481,3530.093,,,112381,9624,,,
2024-07-28,96187.0,Linganamakki Dam,W F Rivers Basin,W F Rivers Basin,Sharavati,28-07-2024 12:07:00,79.52,1809.15,156.61,120.664,151.749,,40381.944,3819.444,,,115870,9954,,,
2024-07-29,96188.0,Linganamakki Dam,W F Rivers Basin,W F Rivers Basin,Sharavati,29-07-2024 12:07:00,82.11,1810.5,156.61,124.604,151.749,,50706.019,5300.926,,,120251,10412,,,
2024-07-30,96189.0,Linganamakki Dam,W F Rivers Basin,W F Rivers Basin,Sharavati,30-07-2024 12:07:00,86.5,1812.65,156.61,131.27,151.749,,82592.593,5636.574,,,127387,10899,,,
2024-07-31,96190.0,Linganamakki Dam,W F Rivers Basin,W F Rivers Basin,Sharavati,31-07-2024 12:07:00,89.19,1814,156.61,135.349,151.749,,53055.556,5243.056,,,131971,11352,,,
2024-08-01,96191.0,Linganamakki Dam,W F Rivers Basin,W F Rivers Basin,Sharavati,01-08-2024 12:08:00,91.22,1815,156.61,138.419,151.749,,51863.426,16898.148,,,136452,12812,,,
2024-08-02,96192.0,Linganamakki Dam,W F Rivers Basin,W F Rivers Basin,Sharavati,02-08-2024 12:08:00,91.98,1815.35,156.61,139.585,151.749,,61840.278,48194.444,,,141795,16975,,,
2024-08-03,96193.0,Linganamakki Dam,W F Rivers Basin,W F Rivers Basin,Sharavati,03-08-2024 12:08:00,92.53,1815.6,156.61,140.417,151.749,,36597.222,27789.352,,,144957,19376,,,
2024-08-04,96194.0,Linganamakki Dam,W F Rivers Basin,W F Rivers Basin,Sharavati,04-08-2024 12:08:00,93.41,1816,156.61,141.751,151.749,,31053.241,14594.907,,,147640,20637,,,
2024-08-05,96195.0,Linganamakki Dam,W F Rivers Basin,W F Rivers Basin,Sharavati,05-08-2024 12:08:00,93.74,1816.15,156.61,142.251,151.749,,22361.111,17303.241,,,149572,22132,,,
2024-08-06,96196.0,Linganamakki Dam,W F Rivers Basin,W F Rivers Basin,Sharavati,06-08-2024 12:08:00,94.07,1816.3,156.61,142.75,151.749,,22349.537,16041.667,,,151503,23518,,,
2024-08-07,96197.0,Linganamakki Dam,W F Rivers Basin,W F Rivers Basin,Sharavati,07-08-2024 12:08:00,94.18,1816.35,156.61,142.917,151.749,,15358.796,14062.5,,,152830,24733,,,
2024-08-08,96198.0,Linganamakki Dam,W F Rivers Basin,W F Rivers Basin,Sharavati,08-08-2024 12:08:00,94.4,1816.45,156.61,143.25,151.749,,11006.944,7187.5,,,153781,25354,,,
2024-08-09,96199.0,Linganamakki Dam,W F Rivers Basin,W F Rivers Basin,Sharavati,09-08-2024 12:08:00,94.73,1816.6,156.61,143.75,151.749,,12442.13,6099.537,,,154856,25881,,,
2024-08-10,96200.0,Linganamakki Dam,W F Rivers Basin,W F Rivers Basin,Sharavati,10-08-2024 12:08:00,94.84,1816.65,156.61,143.916,151.749,,10787.037,7048.611,,,155788,26490,,,
2024-08-11,96201.0,Linganamakki Dam,W F Rivers Basin,W F Rivers Basin,Sharavati,11-08-2024 12:08:00,94.84,1816.65,156.61,143.916,151.749,,7708.333,7615.741,,,156454,27148,,,
2024-08-12,96202.0,Linganamakki Dam,W F Rivers Basin,W F Rivers Basin,Sharavati,12-08-2024 12:08:00,94.84,1816.65,156.61,143.916,151.749,,7743.056,7638.889,,,157123,27808,,,
2024-08-13,96203.0,Linganamakki Dam,W F Rivers Basin,W F Rivers Basin,Sharavati,13-08-2024 12:08:00,94.84,1816.65,156.61,143.916,151.749,,7777.778,7638.889,,,157795,28468,,,
2024-08-14,96204.0,Linganamakki Dam,W F Rivers Basin,W F Rivers Basin,Sharavati,14-08-2024 12:08:00,95.28,1816.85,156.61,144.584,151.749,,16539.352,7615.741,,,159224,29126,,,
2024-08-15,96205.0,Linganamakki Dam,W F Rivers Basin,W F Rivers Basin,Sharavati,15-08-2024 12:08:00,95.28,1816.85,156.61,144.584,151.749,,7638.889,7511.574,,,159885,29775,,,
2024-08-16,96206.0,Linganamakki Dam,W F Rivers Basin,W F Rivers Basin,Sharavati,16-08-2024 12:08:00,95.39,1816.9,156.61,144.75,151.749,,9247.685,7870.37,,,160684,30455,,,
2024-08-17,96207.0,Linganamakki Dam,W F Rivers Basin,W F Rivers Basin,Sharavati,17-08-2024 12:08:00,95.28,1816.85,156.61,144.584,151.749,,6539.352,7673.611,,,161249,31118,,,
2024-08-18,96208.0,Linganamakki Dam,W F Rivers Basin,W F Rivers Basin,Sharavati,18-08-2024 12:08:00,95.17,1816.8,156.61,144.417,151.749,,5312.5,7650.463,,,161708,31779,,,
2024-08-19,96209.0,Linganamakki Dam,W F Rivers Basin,W F Rivers Basin,Sharavati,19-08-2024 12:08:00,95.17,1816.8,156.61,144.417,151.749,,7812.5,7650.463,,,162383,32440,,,
2024-08-20,96210.0,Linganamakki Dam,W F Rivers Basin,W F Rivers Basin,Sharavati,20-08-2024 12:08:00,95.17,1816.8,156.61,144.417,151.749,,7719.907,7696.759,,,163050,33106,,,
2024-08-21,96211.0,Linganamakki Dam,W F Rivers Basin,W F Rivers Basin,Sharavati,21-08-2024 12:08:00,95.06,1816.75,156.61,144.25,151.749,,6550.926,7627.315,,,163616,33765,,,
2024-08-22,96212.0,Linganamakki Dam,W F Rivers Basin,W F Rivers Basin,Sharavati,22-08-2024 12:08:00,95.06,1816.75,156.61,144.25,151.749,,7812.5,7673.611,,,164290,34428,,,
2024-08-23,96213.0,Linganamakki Dam,W F Rivers Basin,W F Rivers Basin,Sharavati,23-08-2024 12:08:00,94.95,1816.7,156.61,144.083,151.749,,5185.185,7557.87,,,164739,35081,,,
2024-08-24,96214.0,Linganamakki Dam,W F Rivers Basin,W F Rivers Basin,Sharavati,24-08-2024 12:08:00,95.39,1816.9,156.61,144.75,151.749,,14976.852,7349.537,,,166033,35716,,,
2024-08-25,96215.0,Linganamakki Dam,W F Rivers Basin,W F Rivers Basin,Sharavati,25-08-2024 12:08:00,96.16,1817.25,156.61,145.917,151.749,,20972.222,7048.611,,,167845,36325,,,
2024-08-26,96216.0,Linganamakki Dam,W F Rivers Basin,W F Rivers Basin,Sharavati,26-08-2024 12:08:00,96.82,1817.55,156.61,146.916,151.749,,36562.5,25196.759,,,171004,38502,,,
2024-08-27,96217.0,Linganamakki Dam,W F Rivers Basin,W F Rivers Basin,Sharavati,27-08-2024 12:08:00,96.05,1817.2,156.61,145.75,151.749,,26157.407,39895.833,,,173264,41949,,,
2024-08-28,96218.0,Linganamakki Dam,W F Rivers Basin,W F Rivers Basin,Sharavati,28-08-2024 12:08:00,96.38,1817.35,156.61,146.25,151.749,,33287.037,26967.593,,,176140,44279,,,
2024-08-29,96219.0,Linganamakki Dam,W F Rivers Basin,W F Rivers Basin,Sharavati,29-08-2024 12:08:00,96.27,1817.3,156.61,146.083,151.749,,19409.722,21840.278,,,177818,46166,,,
2024-08-30,96220.0,Linganamakki Dam,W F Rivers Basin,W F Rivers Basin,Sharavati,30-08-2024 12:08:00,96.38,1817.35,156.61,146.25,151.749,,12592.593,9594.907,,,178906,46995,,,
2024-08-31,96221.0,Linganamakki Dam,W F Rivers Basin,W F Rivers Basin,Sharavati,31-08-2024 12:08:00,96.71,1817.5,156.61,146.749,151.749,,17708.333,12638.889,,,180436,48087,,,
2024-09-01,96222.0,Linganamakki Dam,W F Rivers Basin,W F Rivers Basin,Sharavati,01-09-2024 12:09:00,96.71,1817.5,156.61,146.749,151.749,,16284.722,16238.426,,,181843,49490,,,
2024-09-02,96223.0,Linganamakki Dam,W F Rivers Basin,W F Rivers Basin,Sharavati,02-09-2024 12:09:00,96.92,1817.6,156.61,147.082,151.749,,16967.593,13067.13,,,183309,50619,,,
2024-09-03,96224.0,Linganamakki Dam,W F Rivers Basin,W F Rivers Basin,Sharavati,03-09-2024 12:09:00,96.82,1817.55,156.61,146.916,151.749,,17361.111,3599.537,,,184809,50930,,,
2024-09-04,96225.0,Linganamakki Dam,W F Rivers Basin,W F Rivers Basin,Sharavati,04-09-2024 12:09:00,96.82,1817.55,156.61,146.916,151.749,,13634.259,9583.333,,,185987,51758,,,
2024-09-05,96226.0,Linganamakki Dam,W F Rivers Basin,W F Rivers Basin,Sharavati,05-09-2024 12:09:00,96.82,1817.55,156.61,146.916,151.749,,13564.815,13425.926,,,187160,52918,,,
2024-09-06,96227.0,Linganamakki Dam,W F Rivers Basin,W F Rivers Basin,Sharavati,06-09-2024 12:09:00,96.82,1817.55,156.61,146.916,151.749,,9571.759,9456.019,,,187987,53734,,,
2024-09-07,96228.0,Linganamakki Dam,W F Rivers Basin,W F Rivers Basin,Sharavati,07-09-2024 12:09:00,97.14,1817.7,156.61,147.416,151.749,,13576.389,8472.222,,,189159,54466,,,
2024-09-08,96229.0,Linganamakki Dam,W F Rivers Basin,W F Rivers Basin,Sharavati,08-09-2024 12:09:00,97.47,1817.85,156.61,147.916,151.749,,18101.852,11759.259,,,190724,55483,,,
2024-09-09,96230.0,Linganamakki Dam,W F Rivers Basin,W F Rivers Basin,Sharavati,09-09-2024 12:09:00,97.69,1817.95,156.61,148.249,151.749,,13032.407,9201.389,,,191850,56277,,,
2024-09-10,96231.0,Linganamakki Dam,W F Rivers Basin,W F Rivers Basin,Sharavati,10-09-2024 12:09:00,98.02,1818.1,156.61,148.749,151.749,,17581.019,10960.648,,,193368,57225,,,
2024-09-11,96232.0,Linganamakki Dam,W F Rivers Basin,W F Rivers Basin,Sharavati,11-09-2024 12:09:00,98.02,1818.1,156.61,148.749,151.749,,10347.222,10254.63,,,194262,58111,,,
2024-09-12,96233.0,Linganamakki Dam,W F Rivers Basin,W F Rivers Basin,Sharavati,12-09-2024 12:09:00,98.02,1818.1,156.61,148.749,151.749,,8622.685,8506.944,,,195007,58846,,,
2024-09-13,96234.0,Linganamakki Dam,W F Rivers Basin,W F Rivers Basin,Sharavati,13-09-2024 12:09:00,98.02,1818.1,156.61,148.749,151.749,,8321.759,8217.593,,,195726,59556,,,
2024-09-14,96235.0,Linganamakki Dam,W F Rivers Basin,W F Rivers Basin,Sharavati,14-09-2024 12:09:00,98.02,1818.1,156.61,148.749,151.749,,8159.722,8032.407,,,196431,60250,,,
2024-09-15,96236.0,Linganamakki Dam,W F Rivers Basin,W F Rivers Basin,Sharavati,15-09-2024 12:09:00,97.91,1818.05,156.61,148.583,151.749,,4618.056,6979.167,,,196830,60853,,,
2024-09-16,96237.0,Linganamakki Dam,W F Rivers Basin,W F Rivers Basin,Sharavati,16-09-2024 12:09:00,97.8,1818,156.61,148.416,151.749,,7164.352,8344.907,,,197449,61574,,,
2024-09-17,96238.0,Linganamakki Dam,W F Rivers Basin,W F Rivers Basin,Sharavati,17-09-2024 12:09:00,97.69,1817.95,156.61,148.249,151.749,,6030.093,8414.352,,,197970,62302,,,
2024-09-18,96239.0,Linganamakki Dam,W F Rivers Basin,W F Rivers Basin,Sharavati,18-09-2024 12:09:00,97.47,1817.85,156.61,147.916,151.749,,4837.963,8449.074,,,198388,63031,,,
2024-09-19,96240.0,Linganamakki Dam,W F Rivers Basin,W F Rivers Basin,Sharavati,19-09-2024 12:09:00,97.25,1817.75,156.61,147.583,151.749,,4826.389,8425.926,,,198805,63759,,,
2024-09-20,96241.0,Linganamakki Dam,W F Rivers Basin,W F Rivers Basin,Sharavati,20-09-2024 12:09:00,97.03,1817.65,156.61,147.249,151.749,,4826.389,8414.352,,,199222,64486,,,
2024-09-21,96242.0,Linganamakki Dam,W F Rivers Basin,W F Rivers Basin,Sharavati,21-09-2024 12:09:00,96.82,1817.55,156.61,146.916,151.749,,4861.111,8425.926,,,199642,65215,,,
2024-09-22,96243.0,Linganamakki Dam,W F Rivers Basin,W F Rivers Basin,Sharavati,22-09-2024 12:09:00,96.6,1817.45,156.61,146.583,151.749,,4837.963,8460.648,,,200060,65946,,,
2024-09-23,96244.0,Linganamakki Dam,W F Rivers Basin,W F Rivers Basin,Sharavati,23-09-2024 12:09:00,96.38,1817.35,156.61,146.25,151.749,,4826.389,8460.648,,,200477,66677,,,
2024-09-24,96245.0,Linganamakki Dam,W F Rivers Basin,W F Rivers Basin,Sharavati,24-09-2024 12:09:00,96.71,1817.5,156.61,146.749,151.749,,12777.778,8217.593,,,201581,67387,,,
2024-09-25,96246.0,Linganamakki Dam,W F Rivers Basin,W F Rivers Basin,Sharavati,25-09-2024 12:09:00,96.71,1817.5,156.61,146.749,151.749,,8564.815,8495.37,,,202321,68121,,,
2024-09-26,96247.0,Linganamakki Dam,W F Rivers Basin,W F Rivers Basin,Sharavati,26-09-2024 12:09:00,96.6,1817.45,156.61,146.583,151.749,,6909.722,8055.556,,,202918,68817,,,
2024-09-27,96248.0,Linganamakki Dam,W F Rivers Basin,W F Rivers Basin,Sharavati,27-09-2024 12:09:00,96.6,1817.45,156.61,146.583,151.749,,7835.648,7754.63,,,203595,69487,,,
2024-09-28,96249.0,Linganamakki Dam,W F Rivers Basin,W F Rivers Basin,Sharavati,28-09-2024 12:09:00,96.49,1817.4,156.61,146.416,151.749,,5231.481,7592.593,,,204048,70143,,,
2024-09-29,96250.0,Linganamakki Dam,W F Rivers Basin,W F Rivers Basin,Sharavati,29-09-2024 12:09:00,96.49,1817.4,156.61,146.416,151.749,,7731.481,7604.167,,,204716,70799,,,
2024-09-30,96251.0,Linganamakki Dam,W F Rivers Basin,W F Rivers Basin,Sharavati,30-09-2024 12:09:00,96.49,1817.4,156.61,146.416,151.749,,7777.778,7604.167,,,205388,71456,,,
2024-10-01,96252.0,Linganamakki Dam,W F Rivers Basin,W F Rivers Basin,Sharavati,01-10-2024 12:10:00,96.38,1817.35,156.61,146.25,151.749,,6504.63,7569.444,,,205950,72110,,,
2024-10-02,96253.0,Linganamakki Dam,W F Rivers Basin,W F Rivers Basin,Sharavati,02-10-2024 12:10:00,96.16,1817.25,156.61,145.917,151.749,,4050.926,7615.741,,,206300,72767,,,
2024-10-03,96254.0,Linganamakki Dam,W F Rivers Basin,W F Rivers Basin,Sharavati,03-10-2024 12:10:00,95.94,1817.15,156.61,145.584,151.749,,4004.63,7604.167,,,206645,73424,,,
2024-10-04,96255.0,Linganamakki Dam,W F Rivers Basin,W F Rivers Basin,Sharavati,04-10-2024 12:10:00,95.72,1817.05,156.61,145.251,151.749,,4016.204,7615.741,,,206993,74082,,,
2024-10-05,96256.0,Linganamakki Dam,W F Rivers Basin,W F Rivers Basin,Sharavati,05-10-2024 12:10:00,95.5,1816.95,156.61,144.917,151.749,,3969.907,7604.167,,,207336,74739,,,
2024-10-06,96257.0,Linganamakki Dam,W F Rivers Basin,W F Rivers Basin,Sharavati,06-10-2024 12:10:00,95.39,1816.9,156.61,144.75,151.749,,5243.056,7581.019,,,207790,75394,,,
2024-10-07,96258.0,Linganamakki Dam,W F Rivers Basin,W F Rivers Basin,Sharavati,07-10-2024 12:10:00,95.17,1816.8,156.61,144.417,151.749,,2361.111,5983.796,,,207993,75911,,,
2024-10-08,96259.0,Linganamakki Dam,W F Rivers Basin,W F Rivers Basin,Sharavati,08-10-2024 12:10:00,96.27,1817.3,156.61,146.083,151.749,,26087.963,7141.204,,,210248,76529,,,
2024-10-09,96260.0,Linganamakki Dam,W F Rivers Basin,W F Rivers Basin,Sharavati,09-10-2024 12:10:00,96.38,1817.35,156.61,146.25,151.749,,3009.259,7291.667,,,210507,77159,,,
2024-10-10,96261.0,Linganamakki Dam,W F Rivers Basin,W F Rivers Basin,Sharavati,10-10-2024 12:10:00,96.71,1817.5,156.61,146.749,151.749,,11944.444,6805.556,,,211540,77747,,,
2024-10-11,96262.0,Linganamakki Dam,W F Rivers Basin,W F Rivers Basin,Sharavati,11-10-2024 12:10:00,96.71,1817.5,156.61,146.749,151.749,,6898.148,6736.111,,,212135,78329,,,
2024-10-12,96263.0,Linganamakki Dam,W F Rivers Basin,W F Rivers Basin,Sharavati,12-10-2024 12:10:00,96.6,1817.45,156.61,146.583,151.749,,5648.148,6736.111,,,212623,78911,,,
2024-10-13,96264.0,Linganamakki Dam,W F Rivers Basin,W F Rivers Basin,Sharavati,13-10-2024 12:10:00,96.49,1817.4,156.61,146.416,151.749,,4351.852,6712.963,,,212999,79491,,,
2024-10-14,96265.0,Linganamakki Dam,W F Rivers Basin,W F Rivers Basin,Sharavati,14-10-2024 12:10:00,96.27,1817.3,156.61,146.083,151.749,,3067.13,6724.537,,,213264,80072,,,
2024-10-15,96266.0,Linganamakki Dam,W F Rivers Basin,W F Rivers Basin,Sharavati,15-10-2024 12:10:00,96.27,1817.3,156.61,146.083,151.749,,6805.556,6724.537,,,213852,80653,,,
2024-10-16,96267.0,Linganamakki Dam,W F Rivers Basin,W F Rivers Basin,Sharavati,16-10-2024 12:10:00,96.49,1817.4,156.61,146.416,151.749,,13101.852,6747.685,,,214984,81236,,,
2024-10-17,96268.0,Linganamakki Dam,W F Rivers Basin,W F Rivers Basin,Sharavati,17-10-2024 12:10:00,96.49,1817.4,156.61,146.416,151.749,,4305.556,7870.37,,,215356,81916,,,
2024-10-18,96269.0,Linganamakki Dam,W F Rivers Basin,W F Rivers Basin,Sharavati,18-10-2024 12:10:00,96.38,1817.35,156.61,146.25,151.749,,5578.704,6724.537,,,215838,82497,,,
2024-10-19,96270.0,Linganamakki Dam,W F Rivers Basin,W F Rivers Basin,Sharavati,19-10-2024 12:10:00,96.27,1817.3,156.61,146.083,151.749,,4270.833,6712.963,,,216207,83077,,,
2024-10-20,96271.0,Linganamakki Dam,W F Rivers Basin,W F Rivers Basin,Sharavati,20-10-2024 12:10:00,96.71,1817.5,156.61,146.749,151.749,,14305.556,6724.537,,,217443,83658,,,
2024-10-21,96272.0,Linganamakki Dam,W F Rivers Basin,W F Rivers Basin,Sharavati,21-10-2024 12:10:00,96.71,1817.5,156.61,146.749,151.749,,6805.556,6712.963,,,218031,84239,,,
2024-10-22,96273.0,Linganamakki Dam,W F Rivers Basin,W F Rivers Basin,Sharavati,22-10-2024 12:10:00,96.71,1817.5,156.61,146.749,151.749,,6863.426,6747.685,,,218625,84822,,,
2024-10-23,96274.0,Linganamakki Dam,W F Rivers Basin,W F Rivers Basin,Sharavati,23-10-2024 12:10:00,96.71,1817.5,156.61,146.749,151.749,,6840.278,6736.111,,,219215,85404,,,
2024-10-24,96275.0,Linganamakki Dam,W F Rivers Basin,W F Rivers Basin,Sharavati,24-10-2024 12:10:00,96.49,1817.4,156.61,146.416,151.749,,3101.852,6747.685,,,219483,85987,,,
2024-10-25,96276.0,Linganamakki Dam,W F Rivers Basin,W F Rivers Basin,Sharavati,25-10-2024 12:10:00,96.38,1817.35,156.61,146.25,151.749,,5625,6736.111,,,219969,86569,,,
2024-10-26,96277.0,Linganamakki Dam,W F Rivers Basin,W F Rivers Basin,Sharavati,26-10-2024 12:10:00,96.16,1817.25,156.61,145.917,151.749,,3113.426,6736.111,,,220238,87151,,,
2024-10-27,96278.0,Linganamakki Dam,W F Rivers Basin,W F Rivers Basin,Sharavati,27-10-2024 12:10:00,95.94,1817.15,156.61,145.584,151.749,,3148.148,6759.259,,,220510,87735,,,
2024-10-28,96279.0,Linganamakki Dam,W F Rivers Basin,W F Rivers Basin,Sharavati,28-10-2024 12:10:00,95.72,1817.05,156.61,145.251,151.749,,3379.63,203032.407,,,220802,241,,,
2024-10-29,96280.0,Linganamakki Dam,W F Rivers Basin,W F Rivers Basin,Sharavati,29-10-2024 12:10:00,95.5,1816.95,156.61,144.917,151.749,,3622.685,7210.648,,,221115,88964,,,
2024-10-30,96281.0,Linganamakki Dam,W F Rivers Basin,W F Rivers Basin,Sharavati,30-10-2024 12:10:00,95.17,1816.8,156.61,144.417,151.749,,1122.685,7245.37,,,221212,89590,,,
2024-10-31,96282.0,Linganamakki Dam,W F Rivers Basin,W F Rivers Basin,Sharavati,31-10-2024 12:10:00,95.06,1816.75,156.61,144.25,151.749,,6469.907,7627.315,,,221771,90249,,,
2024-11-01,96283.0,Linganamakki Dam,W F Rivers Basin,W F Rivers Basin,Sharavati,01-11-2024 12:11:00,95.06,1816.75,156.61,144.25,151.749,,7719.907,7638.889,,,222438,90908,,,
2024-11-02,96284.0,Linganamakki Dam,W F Rivers Basin,W F Rivers Basin,Sharavati,02-11-2024 12:11:00,97.03,1817.65,156.61,147.249,151.749,,2800.926,7708.333,,,222680,91574,,,
2024-11-03,96285.0,Linganamakki Dam,W F Rivers Basin,W F Rivers Basin,Sharavati,03-11-2024 12:11:00,94.51,1816.5,156.61,143.416,151.749,,2500,30347.222,,,222897,234,,,
2024-11-04,96286.0,Linganamakki Dam,W F Rivers Basin,W F Rivers Basin,Sharavati,04-11-2024 12:11:00,94.18,1816.35,156.61,142.917,151.749,,1365.741,7488.426,,,223014,92859,,,
2024-11-05,96287.0,Linganamakki Dam,W F Rivers Basin,W F Rivers Basin,Sharavati,05-11-2024 12:11:00,93.85,1816.2,156.61,142.417,151.749,,2604.167,7442.13,,,223239,93502,,,
2024-11-06,96288.0,Linganamakki Dam,W F Rivers Basin,W F Rivers Basin,Sharavati,06-11-2024 12:11:00,93.52,1816.05,156.61,141.918,151.749,,1354.167,7430.556,,,223357,94144,,,
2024-11-07,96289.0,Linganamakki Dam,W F Rivers Basin,W F Rivers Basin,Sharavati,07-11-2024 12:11:00,93.3,1815.95,156.61,141.584,151.749,,3460.648,7025.463,,,223656,94751,,,
2024-11-08,96290.0,Linganamakki Dam,W F Rivers Basin,W F Rivers Basin,Sharavati,08-11-2024 12:11:00,92.97,1815.8,156.61,141.084,151.749,,2673.611,7488.426,,,223887,95397,,,
2024-11-09,96291.0,Linganamakki Dam,W F Rivers Basin,W F Rivers Basin,Sharavati,09-11-2024 12:11:00,92.64,1815.65,156.61,140.584,151.749,,1296.296,7349.537,,,223999,96033,,,
2024-11-10,96292.0,Linganamakki Dam,W F Rivers Basin,W F Rivers Basin,Sharavati,10-11-2024 12:11:00,92.31,1815.5,156.61,140.084,151.749,,1435.185,7500,,,224123,96680,,,
2024-11-11,96293.0,Linganamakki Dam,W F Rivers Basin,W F Rivers Basin,Sharavati,11-11-2024 12:11:00,91.98,1815.35,156.61,139.585,151.749,,2013.889,6828.704,,,224297,97271,,,
2024-11-12,96294.0,Linganamakki Dam,W F Rivers Basin,W F Rivers Basin,Sharavati,12-11-2024 12:11:00,91.65,1815.2,156.61,139.085,151.749,,1018.519,7071.759,,,224385,97882,,,
2024-11-13,96295.0,Linganamakki Dam,W F Rivers Basin,W F Rivers Basin,Sharavati,13-11-2024 12:11:00,91.33,1815.05,156.61,138.586,151.749,,1574.074,6342.593,,,224521,98430,,,
2024-11-14,96296.0,Linganamakki Dam,W F Rivers Basin,W F Rivers Basin,Sharavati,14-11-2024 12:11:00,91.11,1814.95,156.61,138.266,151.749,,2071.759,5590.278,,,224700,98913,,,
2024-11-15,96297.0,Linganamakki Dam,W F Rivers Basin,W F Rivers Basin,Sharavati,15-11-2024 12:11:00,90.91,1814.85,156.61,137.959,151.749,,1793.981,5092.593,,,224855,99353,,,
2024-11-16,96298.0,Linganamakki Dam,W F Rivers Basin,W F Rivers Basin,Sharavati,16-11-2024 12:11:00,90.71,1814.75,156.61,137.652,151.749,,2662.037,118946.759,,,225085,234,,,
2024-11-17,96299.0,Linganamakki Dam,W F Rivers Basin,W F Rivers Basin,Sharavati,17-11-2024 12:11:00,90.51,1814.65,156.61,137.345,151.749,,2673.611,5937.5,,,225316,100381,,,
2024-11-18,96300.0,Linganamakki Dam,W F Rivers Basin,W F Rivers Basin,Sharavati,18-11-2024 12:11:00,90.2,1814.5,156.61,136.884,151.749,,335.648,5983.796,,,225345,100898,,,
2024-11-19,96301.0,Linganamakki Dam,W F Rivers Basin,W F Rivers Basin,Sharavati,19-11-2024 12:11:00,89.9,1814.35,156.61,136.424,151.749,,312.5,5925.926,,,225372,101410,,,
2024-11-20,96302.0,Linganamakki Dam,W F Rivers Basin,W F Rivers Basin,Sharavati,20-11-2024 12:11:00,89.6,1814.2,156.61,135.963,151.749,,1701.389,6145.833,,,225518,101941,,,
2024-11-21,96303.0,Linganamakki Dam,W F Rivers Basin,W F Rivers Basin,Sharavati,21-11-2024 12:11:00,89.39,1814.1,156.61,135.656,151.749,,3703.704,6979.167,,,225838,102544,,,
2024-11-22,96304.0,Linganamakki Dam,W F Rivers Basin,W F Rivers Basin,Sharavati,22-11-2024 12:11:00,89.1,1813.95,156.61,135.201,151.749,,1574.074,7210.648,,,225974,103167,,,
2024-11-23,96305.0,Linganamakki Dam,W F Rivers Basin,W F Rivers Basin,Sharavati,23-11-2024 12:11:00,88.7,1813.75,156.61,134.607,151.749,,208.333,6990.741,,,225993,103770,,,
2024-11-24,96306.0,Linganamakki Dam,W F Rivers Basin,W F Rivers Basin,Sharavati,24-11-2024 12:11:00,88.31,1813.55,156.61,134.013,151.749,,208.333,171099.537,,,226010,204,,,
2024-11-25,96307.0,Linganamakki Dam,W F Rivers Basin,W F Rivers Basin,Sharavati,25-11-2024 12:11:00,87.92,1813.35,156.61,133.419,151.749,,34.722,6793.981,,,226013,104960,,,
2024-11-26,96308.0,Linganamakki Dam,W F Rivers Basin,W F Rivers Basin,Sharavati,26-11-2024 12:11:00,87.63,1813.2,156.61,132.973,151.749,,1284.722,6909.722,,,226124,105557,,,
2024-11-27,96309.0,Linganamakki Dam,W F Rivers Basin,W F Rivers Basin,Sharavati,27-11-2024 12:11:00,87.33,1813.05,156.61,132.528,151.749,,2395.833,191631.944,,,226331,216,,,
2024-11-28,96310.0,Linganamakki Dam,W F Rivers Basin,W F Rivers Basin,Sharavati,28-11-2024 12:11:00,87.03,1812.9,156.61,132.062,151.749,,972.222,6574.074,,,226415,106715,,,
2024-11-29,96311.0,Linganamakki Dam,W F Rivers Basin,W F Rivers Basin,Sharavati,29-11-2024 12:11:00,86.71,1812.75,156.61,131.587,151.749,,2337.963,6435.185,,,226617,107271,,,
2024-11-30,96312.0,Linganamakki Dam,W F Rivers Basin,W F Rivers Basin,Sharavati,30-11-2024 12:11:00,86.4,1812.6,156.61,131.111,151.749,,775.463,6446.759,,,226685,107829,,,
2024-12-01,96313.0,Linganamakki Dam,W F Rivers Basin,W F Rivers Basin,Sharavati,01-12-2024 12:12:00,86.09,1812.45,156.61,130.636,151.749,,752.315,6435.185,,,226749,108385,,,
2024-12-02,96314.0,Linganamakki Dam,W F Rivers Basin,W F Rivers Basin,Sharavati,02-12-2024 12:12:00,85.67,1812.25,156.61,130.002,151.749,,1527.778,19201.389,,,62,221,,,
2024-12-03,96315.0,Linganamakki Dam,W F Rivers Basin,W F Rivers Basin,Sharavati,03-12-2024 12:12:00,85.77,1812.3,156.61,130.16,151.749,,6932.87,4502.315,,,227348,109319,,,
2024-12-04,96316.0,Linganamakki Dam,W F Rivers Basin,W F Rivers Basin,Sharavati,04-12-2024 12:12:00,85.56,1812.2,156.61,129.843,151.749,,2199.074,5590.278,,,227538,109801,,,
2024-12-05,96317.0,Linganamakki Dam,W F Rivers Basin,W F Rivers Basin,Sharavati,05-12-2024 12:12:00,85.36,1812.1,156.61,129.526,151.749,,2164.352,5520.833,,,227725,110278,,,
2024-12-06,96318.0,Linganamakki Dam,W F Rivers Basin,W F Rivers Basin,Sharavati,06-12-2024 12:12:00,85.15,1812,156.61,129.209,151.749,,2106.481,40277.778,,,227906,2976,,,
2024-12-07,96319.0,Linganamakki Dam,W F Rivers Basin,W F Rivers Basin,Sharavati,07-12-2024 12:12:00,84.94,1811.9,156.61,128.902,151.749,,2592.593,46215.278,,,228131,308,,,
2024-12-08,96320.0,Linganamakki Dam,W F Rivers Basin,W F Rivers Basin,Sharavati,08-12-2024 12:12:00,84.74,1811.8,156.61,128.595,151.749,,2870.37,52430.556,,,228379,251,,,
2024-12-09,96321.0,Linganamakki Dam,W F Rivers Basin,W F Rivers Basin,Sharavati,09-12-2024 12:12:00,84.44,1811.65,156.61,128.135,151.749,,532.407,58622.685,,,228424,149,,,
2024-12-10,96322.0,Linganamakki Dam,W F Rivers Basin,W F Rivers Basin,Sharavati,10-12-2024 12:12:00,84.13,1811.5,156.61,127.674,151.749,,1712.963,64826.389,,,228572,208,,,
2024-12-11,96323.0,Linganamakki Dam,W F Rivers Basin,W F Rivers Basin,Sharavati,11-12-2024 12:12:00,83.83,1811.35,156.61,127.214,151.749,,578.704,6192.13,,,228622,113406,,,
2024-12-12,96324.0,Linganamakki Dam,W F Rivers Basin,W F Rivers Basin,Sharavati,12-12-2024 12:12:00,83.53,1811.2,156.61,126.753,151.749,,509.259,6180.556,,,228666,113941,,,
2024-12-13,96325.0,Linganamakki Dam,W F Rivers Basin,W F Rivers Basin,Sharavati,13-12-2024 12:12:00,83.22,1811.05,156.61,126.293,151.749,,1736.111,6215.278,,,228816,114478,,,
2024-12-14,96326.0,Linganamakki Dam,W F Rivers Basin,W F Rivers Basin,Sharavati,14-12-2024 12:12:00,82.92,1810.9,156.61,125.832,151.749,,578.704,6250,,,228867,115017,,,
2024-12-15,96327.0,Linganamakki Dam,W F Rivers Basin,W F Rivers Basin,Sharavati,15-12-2024 12:12:00,82.52,1810.7,156.61,125.218,151.749,,26041.667,95891.204,,,8,285,,,
2024-12-16,96328.0,Linganamakki Dam,W F Rivers Basin,W F Rivers Basin,Sharavati,16-12-2024 12:12:00,82.11,1810.5,156.61,124.604,151.749,,26041.667,102094.907,,,31,249,,,
2024-12-17,96329.0,Linganamakki Dam,W F Rivers Basin,W F Rivers Basin,Sharavati,17-12-2024 12:12:00,81.81,1810.35,156.61,124.144,151.749,,555.556,108287.037,,,228915,216,,,
2024-12-18,96330.0,Linganamakki Dam,W F Rivers Basin,W F Rivers Basin,Sharavati,18-12-2024 12:12:00,81.5,1810.2,156.61,123.683,151.749,,1678.241,6192.13,,,229060,117163,,,
2024-12-19,96331.0,Linganamakki Dam,W F Rivers Basin,W F Rivers Basin,Sharavati,19-12-2024 12:12:00,81.2,1810.05,156.61,123.223,151.749,,833.333,6458.333,,,229132,117720,,,
2024-12-20,96332.0,Linganamakki Dam,W F Rivers Basin,W F Rivers Basin,Sharavati,20-12-2024 12:12:00,80.73,1809.8,156.61,122.503,151.749,,798.611,8182.87,,,229201,118427,,,
2024-12-21,96333.0,Linganamakki Dam,W F Rivers Basin,W F Rivers Basin,Sharavati,21-12-2024 12:12:00,80.26,1809.55,156.61,121.796,151.749,,1296.296,138865.741,,,229313,312,,,
2024-12-22,96334.0,Linganamakki Dam,W F Rivers Basin,W F Rivers Basin,Sharavati,22-12-2024 12:12:00,79.89,1809.35,156.61,121.23,151.749,,1631.944,7905.093,,,229454,119952,,,
2024-12-23,96335.0,Linganamakki Dam,W F Rivers Basin,W F Rivers Basin,Sharavati,23-12-2024 12:12:00,79.52,1809.15,156.61,120.664,151.749,,1423.611,154456.019,,,229576,271,,,
2024-12-24,96336.0,Linganamakki Dam,W F Rivers Basin,W F Rivers Basin,Sharavati,24-12-2024 12:12:00,79.14,1808.95,156.61,120.098,151.749,,1493.056,162222.222,,,229705,221,,,
2024-12-25,96337.0,Linganamakki Dam,W F Rivers Basin,W F Rivers Basin,Sharavati,25-12-2024 12:12:00,78.77,1808.75,156.61,119.532,151.749,,1655.093,7916.667,,,229848,121971,,,
2024-12-26,96338.0,Linganamakki Dam,W F Rivers Basin,W F Rivers Basin,Sharavati,26-12-2024 12:12:00,78.4,1808.55,156.61,118.966,151.749,,1851.852,178287.037,,,230007,259,,,
2024-12-27,96339.0,Linganamakki Dam,W F Rivers Basin,W F Rivers Basin,Sharavati,27-12-2024 12:12:00,77.93,1808.3,156.61,118.258,151.749,,39236.111,1427835.648,,,1139,9255,,,
2024-12-28,96340.0,Linganamakki Dam,W F Rivers Basin,W F Rivers Basin,Sharavati,28-12-2024 12:12:00,77.56,1808.1,156.61,117.692,151.749,,138.889,192662.037,,,230019,216,,,
2024-12-29,96341.0,Linganamakki Dam,W F Rivers Basin,W F Rivers Basin,Sharavati,29-12-2024 12:12:00,77.28,1807.95,156.61,117.268,151.749,,995.37,6180.556,,,230105,124452,,,
2024-12-30,96342.0,Linganamakki Dam,W F Rivers Basin,W F Rivers Basin,Sharavati,30-12-2024 12:12:00,76.81,1807.7,156.61,116.56,151.749,,347.222,7673.611,,,230135,125114,,,
2024-12-31,96343.0,Linganamakki Dam,W F Rivers Basin,W F Rivers Basin,Sharavati,31-12-2024 12:12:00,76.35,1807.45,156.61,115.853,151.749,,219.907,3530.093,,,230154,125419,,,
2025-01-01,96344.0,Linganamakki Dam,W F Rivers Basin,W F Rivers Basin,Sharavati,01-01-2025 12:01:00,75.88,1807.2,156.61,115.145,151.749,,219.907,11493.056,,,25,282,,,
2025-01-02,96345.0,Linganamakki Dam,W F Rivers Basin,W F Rivers Basin,Sharavati,02-01-2025 12:01:00,75.51,1807,156.61,114.579,151.749,,752.315,6817.13,,,230219,126696,,,
2025-01-03,96346.0,Linganamakki Dam,W F Rivers Basin,W F Rivers Basin,Sharavati,03-01-2025 12:01:00,75.13,1806.8,156.61,114.013,151.749,,972.222,24756.944,,,7,255,,,
2025-01-04,96347.0,Linganamakki Dam,W F Rivers Basin,W F Rivers Basin,Sharavati,04-01-2025 12:01:00,74.76,1806.6,156.61,113.447,151.749,,173.611,6423.611,,,230234,127808,,,
2025-01-05,96348.0,Linganamakki Dam,W F Rivers Basin,W F Rivers Basin,Sharavati,05-01-2025 12:01:00,74.33,1806.4,156.61,112.801,151.749,,150.463,6423.611,,,230247,128364,,,
2025-01-06,96349.0,Linganamakki Dam,W F Rivers Basin,W F Rivers Basin,Sharavati,06-01-2025 12:01:00,74.01,1806.2,156.61,112.315,151.749,,138.889,6400.463,,,230259,128916,,,
2025-01-07,96350.0,Linganamakki Dam,W F Rivers Basin,W F Rivers Basin,Sharavati,07-01-2025 12:01:00,73.64,1806,156.61,111.749,151.749,,1018.519,7268.519,,,230347,129544,,,
2025-01-08,96351.0,Linganamakki Dam,W F Rivers Basin,W F Rivers Basin,Sharavati,08-01-2025 12:01:00,73.18,1805.75,156.61,111.052,151.749,,2465.278,59120.37,,,51,200,,,
2025-01-09,96352.0,Linganamakki Dam,W F Rivers Basin,W F Rivers Basin,Sharavati,09-01-2025 12:01:00,72.81,1805.55,156.61,110.494,151.749,,393.519,6643.519,,,230381,130797,,,
2025-01-10,96353.0,Linganamakki Dam,W F Rivers Basin,W F Rivers Basin,Sharavati,10-01-2025 12:01:00,72.44,1805.35,156.61,109.924,151.749,,497.685,6759.259,,,230424,131381,,,
2025-01-11,96354.0,Linganamakki Dam,W F Rivers Basin,W F Rivers Basin,Sharavati,11-01-2025 12:01:00,72.06,1805.15,156.61,109.35,151.749,,520.833,6759.259,,,230469,131965,,,
2025-01-12,96355.0,Linganamakki Dam,W F Rivers Basin,W F Rivers Basin,Sharavati,12-01-2025 12:01:00,71.69,1804.95,156.61,108.789,151.749,,787.037,6736.111,,,230537,132547,,,
2025-01-13,96356.0,Linganamakki Dam,W F Rivers Basin,W F Rivers Basin,Sharavati,13-01-2025 12:01:00,71.35,1804.75,156.61,108.268,151.749,,891.204,6759.259,,,230614,133132,,,
2025-01-14,96357.0,Linganamakki Dam,W F Rivers Basin,W F Rivers Basin,Sharavati,14-01-2025 12:01:00,71,1804.55,156.61,107.747,151.749,,243.056,98796.296,,,230635,231,,,
2025-01-15,96358.0,Linganamakki Dam,W F Rivers Basin,W F Rivers Basin,Sharavati,15-01-2025 12:01:00,70.68,1804.35,156.61,107.251,151.749,,23.148,5763.889,,,230638,134149,,,
2025-01-16,96359.0,Linganamakki Dam,W F Rivers Basin,W F Rivers Basin,Sharavati,16-01-2025 12:01:00,70.35,1804.15,156.61,106.762,151.749,,277.778,6435.185,,,230661,134705,,,
2025-01-17,96360.0,Linganamakki Dam,W F Rivers Basin,W F Rivers Basin,Sharavati,17-01-2025 12:01:00,69.93,1803.9,156.61,106.119,151.749,,243.056,6956.019,,,230683,135306,,,
2025-01-18,96361.0,Linganamakki Dam,W F Rivers Basin,W F Rivers Basin,Sharavati,18-01-2025 12:01:00,69.48,1803.65,156.61,105.428,151.749,,6342.593,1572986.111,,,736,4398,,,
2025-01-19,96362.0,Linganamakki Dam,W F Rivers Basin,W F Rivers Basin,Sharavati,19-01-2025 12:01:00,69.03,1803.4,156.61,104.753,151.749,,231.481,6956.019,,,230703,136507,,,
2025-01-20,96363.0,Linganamakki Dam,W F Rivers Basin,W F Rivers Basin,Sharavati,20-01-2025 12:01:00,68.6,1803.15,156.61,104.102,151.749,,6574.074,1586886.574,,,760,5122,,,
2025-01-21,96364.0,Linganamakki Dam,W F Rivers Basin,W F Rivers Basin,Sharavati,21-01-2025 12:01:00,68.17,1802.9,156.61,103.451,151.749,,6574.074,1593819.444,,,760,5400,,,
2025-01-22,96365.0,Linganamakki Dam,W F Rivers Basin,W F Rivers Basin,Sharavati,22-01-2025 12:01:00,67.74,1802.65,156.61,102.8,151.749,,300.926,152743.056,,,230729,319,,,
2025-01-23,96366.0,Linganamakki Dam,W F Rivers Basin,W F Rivers Basin,Sharavati,23-01-2025 12:01:00,67.31,1802.4,156.61,102.149,151.749,,6875,1607847.222,,,760,6045,,,
2025-01-24,96367.0,Linganamakki Dam,W F Rivers Basin,W F Rivers Basin,Sharavati,24-01-2025 12:01:00,66.89,1802.15,156.61,101.498,151.749,,300.926,166770.833,,,230755,274,,,
2025-01-25,96368.0,Linganamakki Dam,W F Rivers Basin,W F Rivers Basin,Sharavati,25-01-2025 12:01:00,66.54,1801.95,156.61,100.977,151.749,,335.648,7025.463,,,230784,140130,,,
2025-01-26,96369.0,Linganamakki Dam,W F Rivers Basin,W F Rivers Basin,Sharavati,26-01-2025 12:01:00,66.11,1801.7,156.61,100.326,151.749,,335.648,180821.759,,,230813,132,,,
2025-01-27,96370.0,Linganamakki Dam,W F Rivers Basin,W F Rivers Basin,Sharavati,27-01-2025 12:01:00,65.68,1801.45,156.61,99.675,151.749,,7847.222,1635914.352,,,789,7200,,,
2025-01-28,96371.0,Linganamakki Dam,W F Rivers Basin,W F Rivers Basin,Sharavati,28-01-2025 12:01:00,65.26,1801.2,156.61,99.024,151.749,,682.87,7372.685,,,230872,141980,,,
2025-01-29,96372.0,Linganamakki Dam,W F Rivers Basin,W F Rivers Basin,Sharavati,29-01-2025 12:01:00,64.91,1801,156.61,98.503,151.749,,752.315,202638.889,,,230937,272,,,
2025-01-30,96373.0,Linganamakki Dam,W F Rivers Basin,W F Rivers Basin,Sharavati,30-01-2025 12:01:00,64.48,1800.75,156.61,97.852,151.749,,729.167,1658148.148,,,231000,277,,,
2025-01-31,96374.0,Linganamakki Dam,W F Rivers Basin,W F Rivers Basin,Sharavati,31-01-2025 12:01:00,64.05,1800.5,156.61,97.201,151.749,,2673611.111,1665578.704,,,5,479,,,
2025-02-01,96375.0,Linganamakki Dam,W F Rivers Basin,W F Rivers Basin,Sharavati,01-02-2025 12:02:00,63.62,1800.25,156.61,96.55,151.749,,763.889,14895.833,,,231066,312,,,
2025-02-02,96376.0,Linganamakki Dam,W F Rivers Basin,W F Rivers Basin,Sharavati,02-02-2025 12:02:00,63.2,1800,156.61,95.899,151.749,,23.148,22349.537,,,231068,325,,,
2025-02-03,96377.0,Linganamakki Dam,W F Rivers Basin,W F Rivers Basin,Sharavati,03-02-2025 12:02:00,62.8,1799.75,156.61,95.304,151.749,,254.63,29768.519,,,231090,278,,,
2025-02-04,96378.0,Linganamakki Dam,W F Rivers Basin,W F Rivers Basin,Sharavati,04-02-2025 12:02:00,62.41,1799.5,156.61,94.709,151.749,,1377.315,7349.537,,,231210,146470,,,
2025-02-05,96379.0,Linganamakki Dam,W F Rivers Basin,W F Rivers Basin,Sharavati,05-02-2025 12:02:00,62.02,1799.25,156.61,94.114,151.749,,405.093,7395.833,,,231245,147108,,,
2025-02-06,96380.0,Linganamakki Dam,W F Rivers Basin,W F Rivers Basin,Sharavati,06-02-2025 12:02:00,61.63,1799,156.61,93.519,151.749,,1377.315,51898.148,,,231364,265,,,
2025-02-07,96381.0,Linganamakki Dam,W F Rivers Basin,W F Rivers Basin,Sharavati,07-02-2025 12:02:00,61.31,1798.8,156.61,93.043,151.749,,1331.019,7407.407,,,231480,148388,,,
2025-02-08,96382.0,Linganamakki Dam,W F Rivers Basin,W F Rivers Basin,Sharavati,08-02-2025 12:02:00,61,1798.6,156.61,92.567,151.749,,2210.648,66701.389,,,231671,256,,,
2025-02-09,96383.0,Linganamakki Dam,W F Rivers Basin,W F Rivers Basin,Sharavati,09-02-2025 12:02:00,60.61,1798.35,156.61,91.972,151.749,,1307.87,7384.259,,,231784,149664,,,
2025-02-10,96384.0,Linganamakki Dam,W F Rivers Basin,W F Rivers Basin,Sharavati,10-02-2025 12:02:00,60.29,1798.15,156.61,91.496,151.749,,2256.944,7418.981,,,231978,150305,,,
2025-02-11,96385.0,Linganamakki Dam,W F Rivers Basin,W F Rivers Basin,Sharavati,11-02-2025 12:02:00,59.98,1797.95,156.61,91.02,151.749,,2233.796,7407.407,,,232171,150945,,,
2025-02-12,96386.0,Linganamakki Dam,W F Rivers Basin,W F Rivers Basin,Sharavati,12-02-2025 12:02:00,59.59,1797.7,156.61,90.425,151.749,,138.889,95902.778,,,232183,229,,,
2025-02-13,96387.0,Linganamakki Dam,W F Rivers Basin,W F Rivers Basin,Sharavati,13-02-2025 12:02:00,59.2,1797.45,156.61,89.83,151.749,,439.815,7407.407,,,232222,152190,,,
2025-02-14,96388.0,Linganamakki Dam,W F Rivers Basin,W F Rivers Basin,Sharavati,14-02-2025 12:02:00,58.8,1797.2,156.61,89.235,151.749,,1284.722,110671.296,,,232333,247,,,
2025-02-15,96389.0,Linganamakki Dam,W F Rivers Basin,W F Rivers Basin,Sharavati,15-02-2025 12:02:00,58.41,1796.95,156.61,88.64,151.749,,358.796,118009.259,,,232364,196,,,
2025-02-16,96390.0,Linganamakki Dam,W F Rivers Basin,W F Rivers Basin,Sharavati,16-02-2025 12:02:00,58.02,1796.7,156.61,88.045,151.749,,347.222,125324.074,,,232394,248,,,
2025-02-17,96391.0,Linganamakki Dam,W F Rivers Basin,W F Rivers Basin,Sharavati,17-02-2025 12:02:00,57.63,1796.45,156.61,87.45,151.749,,902.778,132615.741,,,232472,246,,,
2025-02-18,96392.0,Linganamakki Dam,W F Rivers Basin,W F Rivers Basin,Sharavati,18-02-2025 12:02:00,57.24,1796.2,156.61,86.855,151.749,,381.944,7361.111,,,232505,155358,,,
2025-02-19,96393.0,Linganamakki Dam,W F Rivers Basin,W F Rivers Basin,Sharavati,19-02-2025 12:02:00,56.77,1795.9,156.61,86.141,151.749,,474.537,8368.056,,,232546,156081,,,
2025-02-20,96394.0,Linganamakki Dam,W F Rivers Basin,W F Rivers Basin,Sharavati,20-02-2025 12:02:00,56.22,1795.55,156.61,85.308,151.749,,17881.944,1815381.944,,,186,5910,,,
2025-02-21,96395.0,Linganamakki Dam,W F Rivers Basin,W F Rivers Basin,Sharavati,21-02-2025 12:02:00,55.67,1795.2,156.61,84.475,151.749,,127.315,166122.685,,,232556,249,,,
2025-02-22,96396.0,Linganamakki Dam,W F Rivers Basin,W F Rivers Basin,Sharavati,22-02-2025 12:02:00,55.14,1794.85,156.61,83.675,151.749,,18009.259,174988.426,,,40,303,,,
2025-02-23,96397.0,Linganamakki Dam,W F Rivers Basin,W F Rivers Basin,Sharavati,23-02-2025 12:02:00,54.78,1794.6,156.61,83.135,151.749,,277.778,6608.796,,,232580,158953,,,
2025-02-24,96398.0,Linganamakki Dam,W F Rivers Basin,W F Rivers Basin,Sharavati,24-02-2025 12:02:00,54.36,1794.3,156.61,82.487,151.749,,18287.037,1846261.574,,,252,7070,,,
2025-02-25,96399.0,Linganamakki Dam,W F Rivers Basin,W F Rivers Basin,Sharavati,25-02-2025 12:02:00,53.93,1794,156.61,81.839,151.749,,18287.037,1852662.037,,,252,7373,,,
2025-02-26,96400.0,Linganamakki Dam,W F Rivers Basin,W F Rivers Basin,Sharavati,26-02-2025 12:02:00,53.57,1793.75,156.61,81.299,151.749,,18287.037,1858159.722,,,252,7658,,,
2025-02-27,96401.0,Linganamakki Dam,W F Rivers Basin,W F Rivers Basin,Sharavati,27-02-2025 12:02:00,53.22,1793.5,156.61,80.759,151.749,,18287.037,1863587.963,,,252,7958,,,
2025-02-28,96402.0,Linganamakki Dam,W F Rivers Basin,W F Rivers Basin,Sharavati,28-02-2025 12:02:00,52.51,1793,156.61,79.679,151.749,,729.167,1871446.759,,,232643,300,,,
2025-03-01,96403.0,Linganamakki Dam,W F Rivers Basin,W F Rivers Basin,Sharavati,01-03-2025 12:03:00,52.36,1792.9,156.61,79.463,151.749,,1377.315,8530.093,,,232763,162430,,,
2025-03-02,96404.0,Linganamakki Dam,W F Rivers Basin,W F Rivers Basin,Sharavati,02-03-2025 12:03:00,51.94,1792.6,156.61,78.815,151.749,,914.352,8981.481,,,232842,163206,,,
2025-03-03,96405.0,Linganamakki Dam,W F Rivers Basin,W F Rivers Basin,Sharavati,03-03-2025 12:03:00,51.51,1792.3,156.61,78.167,151.749,,300.926,32812.5,,,232868,300,,,
2025-03-04,96406.0,Linganamakki Dam,W F Rivers Basin,W F Rivers Basin,Sharavati,04-03-2025 12:03:00,51.08,1792,156.61,77.519,151.749,,833.333,40879.63,,,232941,270,,,
2025-03-05,96407.0,Linganamakki Dam,W F Rivers Basin,W F Rivers Basin,Sharavati,05-03-2025 12:03:00,50.37,1791.5,156.61,76.439,151.749,,4178.241,50312.5,,,23,300,,,
2025-03-06,96408.0,Linganamakki Dam,W F Rivers Basin,W F Rivers Basin,Sharavati,06-03-2025 12:03:00,50.16,1791.35,156.61,76.115,151.749,,486.111,57152.778,,,232983,298,,,
2025-03-07,96409.0,Linganamakki Dam,W F Rivers Basin,W F Rivers Basin,Sharavati,07-03-2025 12:03:00,49.73,1791.05,156.61,75.467,151.749,,4664.352,64004.63,,,36,273,,,
2025-03-08,96410.0,Linganamakki Dam,W F Rivers Basin,W F Rivers Basin,Sharavati,08-03-2025 12:03:00,49.3,1790.75,156.61,74.819,151.749,,4664.352,1934363.426,,,108,2599,,,
2025-03-09,96411.0,Linganamakki Dam,W F Rivers Basin,W F Rivers Basin,Sharavati,09-03-2025 12:03:00,48.81,1790.4,156.61,74.063,151.749,,4664.352,78703.704,,,16,295,,,
2025-03-10,96412.0,Linganamakki Dam,W F Rivers Basin,W F Rivers Basin,Sharavati,10-03-2025 12:03:00,48.38,1790.1,156.61,73.415,151.749,,4664.352,1948888.889,,,125,3169,,,
2025-03-11,96413.0,Linganamakki Dam,W F Rivers Basin,W F Rivers Basin,Sharavati,11-03-2025 12:03:00,48.04,1789.85,156.61,72.905,151.749,,706.019,5844.907,,,233044,168889,,,
2025-03-12,96414.0,Linganamakki Dam,W F Rivers Basin,W F Rivers Basin,Sharavati,12-03-2025 12:03:00,47.66,1789.55,156.61,72.318,151.749,,5370.37,1961319.444,,,140,3758,,,
2025-03-13,96415.0,Linganamakki Dam,W F Rivers Basin,W F Rivers Basin,Sharavati,13-03-2025 12:03:00,47.27,1789.25,156.61,71.731,151.749,,682.87,104861.111,,,233103,295,,,
2025-03-14,96416.0,Linganamakki Dam,W F Rivers Basin,W F Rivers Basin,Sharavati,14-03-2025 12:03:00,46.82,1788.9,156.61,71.045,151.749,,6053.241,113020.833,,,13,291,,,
2025-03-15,96417.0,Linganamakki Dam,W F Rivers Basin,W F Rivers Basin,Sharavati,15-03-2025 12:03:00,46.37,1788.55,156.61,70.36,151.749,,6053.241,1984085.648,,,153,4636,,,
2025-03-16,96418.0,Linganamakki Dam,W F Rivers Basin,W F Rivers Basin,Sharavati,16-03-2025 12:03:00,45.91,1788.2,156.61,69.674,151.749,,6053.241,127962.963,,,11,289,,,
2025-03-17,96419.0,Linganamakki Dam,W F Rivers Basin,W F Rivers Basin,Sharavati,17-03-2025 12:03:00,45.46,1787.85,156.61,68.988,151.749,,243.056,135416.667,,,233124,290,,,
2025-03-18,96420.0,Linganamakki Dam,W F Rivers Basin,W F Rivers Basin,Sharavati,18-03-2025 12:03:00,45.01,1787.5,156.61,68.303,151.749,,6296.296,2006458.333,,,163,5488,,,
2025-03-19,96421.0,Linganamakki Dam,W F Rivers Basin,W F Rivers Basin,Sharavati,19-03-2025 12:03:00,44.56,1787.15,156.61,67.618,151.749,,69.444,150891.204,,,233130,177,,,
2025-03-20,96422.0,Linganamakki Dam,W F Rivers Basin,W F Rivers Basin,Sharavati,20-03-2025 12:03:00,44.02,1786.75,156.61,66.804,151.749,,196.759,159791.667,,,233147,287,,,
2025-03-21,96423.0,Linganamakki Dam,W F Rivers Basin,W F Rivers Basin,Sharavati,21-03-2025 12:03:00,43.53,1786.35,156.61,66.05,151.749,,173.611,8877.315,,,233163,175587,,,
2025-03-22,96424.0,Linganamakki Dam,W F Rivers Basin,W F Rivers Basin,Sharavati,22-03-2025 12:03:00,43.07,1786,156.61,65.365,151.749,,335.648,172465.278,,,233191,286,,,
2025-03-23,96425.0,Linganamakki Dam,W F Rivers Basin,W F Rivers Basin,Sharavati,23-03-2025 12:03:00,42.75,1785.75,156.61,64.876,151.749,,682.87,5682.87,,,233250,176406,,,
2025-03-24,96426.0,Linganamakki Dam,W F Rivers Basin,W F Rivers Basin,Sharavati,24-03-2025 12:03:00,42.43,1785.5,156.61,64.386,151.749,,7754.63,2047222.222,,,181,7087,,,
2025-03-25,96427.0,Linganamakki Dam,W F Rivers Basin,W F Rivers Basin,Sharavati,25-03-2025 12:03:00,42.11,1785.25,156.61,63.897,151.749,,7754.63,2052534.722,,,181,7624,,,
2025-03-26,96428.0,Linganamakki Dam,W F Rivers Basin,W F Rivers Basin,Sharavati,26-03-2025 12:03:00,41.78,1785,156.61,63.407,151.749,,671.296,5601.852,,,233309,177823,,,
2025-03-27,96429.0,Linganamakki Dam,W F Rivers Basin,W F Rivers Basin,Sharavati,27-03-2025 12:03:00,41.38,1784.65,156.61,62.788,151.749,,266.204,202141.204,,,233332,282,,,
2025-03-28,96430.0,Linganamakki Dam,W F Rivers Basin,W F Rivers Basin,Sharavati,28-03-2025 12:03:00,40.97,1784.3,156.61,62.169,151.749,,127.315,209467.593,,,233343,280,,,
2025-03-29,96431.0,Linganamakki Dam,W F Rivers Basin,W F Rivers Basin,Sharavati,29-03-2025 12:03:00,40.5,1783.9,156.61,61.462,151.749,,8831.019,2076805.556,,,215,8749,,,
2025-03-30,96432.0,Linganamakki Dam,W F Rivers Basin,W F Rivers Basin,Sharavati,30-03-2025 12:03:00,40.04,1783.5,156.61,60.755,151.749,,8831.019,2083981.481,,,215,9029,,,
2025-03-31,96433.0,Linganamakki Dam,W F Rivers Basin,W F Rivers Basin,Sharavati,31-03-2025 12:03:00,39.63,1783.15,156.61,60.136,151.749,,2700729.167,3217.593,,,616,,,,
2025-04-01,96434.0,Linganamakki Dam,W F Rivers Basin,W F Rivers Basin,Sharavati,01-04-2025 12:04:00,39.22,1782.8,156.61,59.517,151.749,,543.981,2098159.722,,,233390,556,,,
2025-04-02,96435.0,Linganamakki Dam,W F Rivers Basin,W F Rivers Basin,Sharavati,02-04-2025 12:04:00,38.81,1782.45,156.61,58.899,151.749,,543.981,3854.167,,,105127,90468,,,
2025-04-03,96436.0,Linganamakki Dam,W F Rivers Basin,W F Rivers Basin,Sharavati,03-04-2025 12:04:00,38.41,1782.1,156.61,58.281,151.749,,543.981,4166.667,,,105127,90829,,,
2025-04-04,96437.0,Linganamakki Dam,W F Rivers Basin,W F Rivers Basin,Sharavati,04-04-2025 12:04:00,37.94,1781.7,156.61,57.574,151.749,,543.981,4189.815,,,105127,91191,,,
2025-04-05,96438.0,Linganamakki Dam,W F Rivers Basin,W F Rivers Basin,Sharavati,05-04-2025 12:04:00,37.59,1781.4,156.61,57.043,151.749,,543.981,4178.241,,,105127,91551,,,
2025-04-06,96439.0,Linganamakki Dam,W F Rivers Basin,W F Rivers Basin,Sharavati,06-04-2025 12:04:00,37.3,1781.15,156.61,56.601,151.749,,543.981,4108.796,,,105127,91906,,,
2025-04-07,96440.0,Linganamakki Dam,W F Rivers Basin,W F Rivers Basin,Sharavati,07-04-2025 12:04:00,36.89,1780.8,156.61,55.982,151.749,,543.981,4097.222,,,105127,92260,,,
2025-04-08,96441.0,Linganamakki Dam,W F Rivers Basin,W F Rivers Basin,Sharavati,08-04-2025 12:04:00,36.54,1780.5,156.61,55.452,151.749,,613.426,2142210.648,,,233443,3029,,,
2025-04-09,96442.0,Linganamakki Dam,W F Rivers Basin,W F Rivers Basin,Sharavati,09-04-2025 12:04:00,36.08,1780.1,156.61,54.745,151.749,,1157.407,4062.5,,,105127,92959,,,
2025-04-10,96443.0,Linganamakki Dam,W F Rivers Basin,W F Rivers Basin,Sharavati,10-04-2025 12:04:00,35.65,1779.7,156.61,54.093,151.749,,1006.944,2158229.167,,,233530,3716,,,
2025-04-11,96444.0,Linganamakki Dam,W F Rivers Basin,W F Rivers Basin,Sharavati,11-04-2025 12:04:00,35.23,1779.3,156.61,53.459,151.749,,2164.352,4016.204,,,105127,93642,,,
2025-04-12,96445.0,Linganamakki Dam,W F Rivers Basin,W F Rivers Basin,Sharavati,12-04-2025 12:04:00,34.97,1779.05,156.61,53.063,151.749,,254.63,2169375,,,233552,4383,,,
2025-04-13,96446.0,Linganamakki Dam,W F Rivers Basin,W F Rivers Basin,Sharavati,13-04-2025 12:04:00,34.6,1778.7,156.61,52.509,151.749,,2418.981,91145.833,,,72,258,,,
2025-04-14,96447.0,Linganamakki Dam,W F Rivers Basin,W F Rivers Basin,Sharavati,14-04-2025 12:04:00,34.24,1778.35,156.61,51.955,151.749,,324.074,6724.537,,,233580,188512,,,
2025-04-15,96448.0,Linganamakki Dam,W F Rivers Basin,W F Rivers Basin,Sharavati,15-04-2025 12:04:00,33.87,1778,156.61,51.401,151.749,,289.352,6712.963,,,233605,189092,,,
2025-04-16,96449.0,Linganamakki Dam,W F Rivers Basin,W F Rivers Basin,Sharavati,16-04-2025 12:04:00,33.45,1777.6,156.61,50.767,151.749,,3032.407,111261.574,,,22,307,,,
2025-04-17,96450.0,Linganamakki Dam,W F Rivers Basin,W F Rivers Basin,Sharavati,17-04-2025 12:04:00,33.04,1777.2,156.61,50.133,151.749,,3032.407,2201851.852,,,176,5871,,,
2025-04-18,96451.0,Linganamakki Dam,W F Rivers Basin,W F Rivers Basin,Sharavati,18-04-2025 12:04:00,32.62,1776.8,156.61,49.5,151.749,,3032.407,2208506.944,,,176,6100,,,
2025-04-19,96452.0,Linganamakki Dam,W F Rivers Basin,W F Rivers Basin,Sharavati,19-04-2025 12:04:00,32.25,1776.45,156.61,48.946,151.749,,208.333,6678.241,,,233624,191392,,,
2025-04-20,96453.0,Linganamakki Dam,W F Rivers Basin,W F Rivers Basin,Sharavati,20-04-2025 12:04:00,31.84,1776.05,156.61,48.313,151.749,,3252.315,137835.648,,,12,211,,,
2025-04-21,96454.0,Linganamakki Dam,W F Rivers Basin,W F Rivers Basin,Sharavati,21-04-2025 12:04:00,31.42,1775.65,156.61,47.68,151.749,,3252.315,2228287.037,,,204,6756,,,
2025-04-22,96455.0,Linganamakki Dam,W F Rivers Basin,W F Rivers Basin,Sharavati,22-04-2025 12:04:00,31.05,1775.3,156.61,47.125,151.749,,659.722,7106.481,,,233681,193138,,,
2025-04-23,96456.0,Linganamakki Dam,W F Rivers Basin,W F Rivers Basin,Sharavati,23-04-2025 12:04:00,30.6,1774.85,156.61,46.438,151.749,,3912.037,2243148.148,,,215,7174,,,
2025-04-24,96457.0,Linganamakki Dam,W F Rivers Basin,W F Rivers Basin,Sharavati,24-04-2025 12:04:00,30.14,1774.35,156.61,45.73,151.749,,23.148,7916.667,,,233683,194492,,,
2025-04-25,96458.0,Linganamakki Dam,W F Rivers Basin,W F Rivers Basin,Sharavati,25-04-2025 12:04:00,29.72,1773.9,156.61,45.093,151.749,,590.278,7962.963,,,233734,195180,,,
2025-04-26,96459.0,Linganamakki Dam,W F Rivers Basin,W F Rivers Basin,Sharavati,26-04-2025 12:04:00,29.34,1773.5,156.61,44.527,151.749,,1111.111,182453.704,,,233830,245,,,
2025-04-27,96460.0,Linganamakki Dam,W F Rivers Basin,W F Rivers Basin,Sharavati,27-04-2025 12:04:00,29.02,1773.15,156.61,44.032,151.749,,555.556,188287.037,,,233878,247,,,
2025-04-28,96461.0,Linganamakki Dam,W F Rivers Basin,W F Rivers Basin,Sharavati,28-04-2025 12:04:00,28.68,1772.8,156.61,43.525,151.749,,6192.13,2277083.333,,,276,8461,,,
2025-04-29,96462.0,Linganamakki Dam,W F Rivers Basin,W F Rivers Basin,Sharavati,29-04-2025 12:04:00,28.34,1772.45,156.61,43.009,151.749,,416.667,199270.833,,,233914,323,,,
2025-04-30,96463.0,Linganamakki Dam,W F Rivers Basin,W F Rivers Basin,Sharavati,30-04-2025 12:04:00,27.95,1772.05,156.61,42.42,151.749,,2707337.963,4016.204,,,544,,,,
2025-05-01,96464.0,Linganamakki Dam,W F Rivers Basin,W F Rivers Basin,Sharavati,01-05-2025 12:05:00,27.59,1771.65,156.61,41.871,151.749,,2707337.963,8171.296,,,539,,,,
2025-05-02,96465.0,Linganamakki Dam,W F Rivers Basin,W F Rivers Basin,Sharavati,02-05-2025 12:05:00,27.24,1771.25,156.61,41.33,151.749,,2707337.963,12326.389,,,539,,,,
2025-05-03,96466.0,Linganamakki Dam,W F Rivers Basin,W F Rivers Basin,Sharavati,03-05-2025 12:05:00,26.92,1770.9,156.61,40.849,151.749,,2707337.963,15891.204,,,491,,,,
2025-05-04,96467.0,Linganamakki Dam,W F Rivers Basin,W F Rivers Basin,Sharavati,04-05-2025 12:05:00,26.55,1770.5,156.61,40.283,151.749,,23.148,6307.87,,,233916,199932,,,
2025-05-05,96468.0,Linganamakki Dam,W F Rivers Basin,W F Rivers Basin,Sharavati,05-05-2025 12:05:00,26.08,1770,156.61,39.576,151.749,,23.148,2321620.37,,,38,1941,,,
2025-05-06,96469.0,Linganamakki Dam,W F Rivers Basin,W F Rivers Basin,Sharavati,06-05-2025 12:05:00,25.62,1769.45,156.61,38.881,151.749,,23.148,2329490.741,,,38,2216,,,
2025-05-07,96470.0,Linganamakki Dam,W F Rivers Basin,W F Rivers Basin,Sharavati,07-05-2025 12:05:00,25.18,1768.9,156.61,38.205,151.749,,23.148,2337407.407,,,38,2487,,,
2025-05-08,96471.0,Linganamakki Dam,W F Rivers Basin,W F Rivers Basin,Sharavati,08-05-2025 12:05:00,24.75,1768.35,156.61,37.555,151.749,,23.148,61979.167,,,57,201,,,
2025-05-09,96472.0,Linganamakki Dam,W F Rivers Basin,W F Rivers Basin,Sharavati,09-05-2025 12:05:00,24.37,1767.95,156.61,36.987,151.749,,462.963,68055.556,,,233956,218,,,
2025-05-10,96473.0,Linganamakki Dam,W F Rivers Basin,W F Rivers Basin,Sharavati,10-05-2025 12:05:00,24.04,1767.55,156.61,36.481,151.749,,231.481,73912.037,,,233975,206,,,
2025-05-11,96474.0,Linganamakki Dam,W F Rivers Basin,W F Rivers Basin,Sharavati,11-05-2025 12:05:00,23.71,1767.15,156.61,35.976,151.749,,219.907,32557.87,,,233994,206471,,,
2025-05-12,96475.0,Linganamakki Dam,W F Rivers Basin,W F Rivers Basin,Sharavati,12-05-2025 12:05:00,23.33,1766.7,156.61,35.407,151.749,,937.5,2395937.5,,,108,3449,,,
2025-05-13,96476.0,Linganamakki Dam,W F Rivers Basin,W F Rivers Basin,Sharavati,13-05-2025 12:05:00,23,1766.3,156.61,34.902,151.749,,636.574,6261.574,,,234049,207550,,,
2025-05-14,96477.0,Linganamakki Dam,W F Rivers Basin,W F Rivers Basin,Sharavati,14-05-2025 12:05:00,22.71,1765.95,156.61,34.46,151.749,,1562.5,123576.389,,,61,130,,,
2025-05-15,96478.0,Linganamakki Dam,W F Rivers Basin,W F Rivers Basin,Sharavati,15-05-2025 12:05:00,22.33,1765.5,156.61,33.892,151.749,,497.685,6076.389,,,234092,208474,,,
2025-05-16,96479.0,Linganamakki Dam,W F Rivers Basin,W F Rivers Basin,Sharavati,16-05-2025 12:05:00,21.92,1765,156.61,33.26,151.749,,2060.185,2419062.5,,,210,4050,,,
2025-05-17,96480.0,Linganamakki Dam,W F Rivers Basin,W F Rivers Basin,Sharavati,17-05-2025 12:05:00,21.55,1764.5,156.61,32.697,151.749,,2060.185,141979.167,,,47,97,,,
2025-05-18,96481.0,Linganamakki Dam,W F Rivers Basin,W F Rivers Basin,Sharavati,18-05-2025 12:05:00,21.21,1764.05,156.61,32.191,151.749,,254.63,6111.111,,,234114,210067,,,
2025-05-19,96482.0,Linganamakki Dam,W F Rivers Basin,W F Rivers Basin,Sharavati,19-05-2025 12:05:00,21.1,1763.9,156.61,32.022,151.749,,4421.296,154131.944,,,234496,146,,,
2025-05-20,96483.0,Linganamakki Dam,W F Rivers Basin,W F Rivers Basin,Sharavati,20-05-2025 12:05:00,21.1,1763.9,156.61,32.022,151.749,,5439.815,5381.944,,,234967,211055,,,
2025-05-21,96484.0,Linganamakki Dam,W F Rivers Basin,W F Rivers Basin,Sharavati,21-05-2025 12:05:00,20.95,1763.7,156.61,31.797,151.749,,2395.833,4907.407,,,235174,211479,,,
2025-05-22,96485.0,Linganamakki Dam,W F Rivers Basin,W F Rivers Basin,Sharavati,22-05-2025 12:05:00,20.77,1763.45,156.61,31.516,151.749,,1574.074,4918.981,,,235310,211904,,,
2025-05-23,96486.0,Linganamakki Dam,W F Rivers Basin,W F Rivers Basin,Sharavati,23-05-2025 12:05:00,20.92,1763.65,156.61,31.741,151.749,,7141.204,4502.315,,,235927,212293,,,
2025-05-24,96487.0,Linganamakki Dam,W F Rivers Basin,W F Rivers Basin,Sharavati,24-05-2025 12:05:00,21.18,1764,156.61,32.135,151.749,,10949.074,6203.704,,,236874,212829,,,
2025-05-25,96488.0,Linganamakki Dam,W F Rivers Basin,W F Rivers Basin,Sharavati,25-05-2025 12:05:00,21.81,1764.85,156.61,33.091,151.749,,17534.722,186377.315,,,238388,98,,,
2025-05-26,96489.0,Linganamakki Dam,W F Rivers Basin,W F Rivers Basin,Sharavati,26-05-2025 12:05:00,22,1765.1,156.61,33.386,151.749,,9548.611,6527.778,,,239213,213939,,,
2025-05-27,96490.0,Linganamakki Dam,W F Rivers Basin,W F Rivers Basin,Sharavati,27-05-2025 12:05:00,22.17,1765.3,156.61,33.639,151.749,,9328.704,6377.315,,,240019,214491,,,
2025-05-28,96491.0,Linganamakki Dam,W F Rivers Basin,W F Rivers Basin,Sharavati,28-05-2025 12:05:00,22.83,1766.1,156.61,34.649,151.749,,18460.648,205648.148,,,241615,141,,,
2025-05-29,96492.0,Linganamakki Dam,W F Rivers Basin,W F Rivers Basin,Sharavati,29-05-2025 12:05:00,23.17,1766.5,156.61,35.154,151.749,,12280.093,212094.907,,,242675,185,,,
2025-05-30,96493.0,Linganamakki Dam,W F Rivers Basin,W F Rivers Basin,Sharavati,30-05-2025 12:05:00,23.25,1766.6,156.61,35.28,151.749,,6134.259,5196.759,,,243206,216046,,,
2025-05-31,96494.0,Linganamakki Dam,W F Rivers Basin,W F Rivers Basin,Sharavati,31-05-2025 12:05:00,23.17,1766.5,156.61,35.154,151.749,,2534.722,2129.63,,,219,184,,,
2025-06-01,96495.0,Linganamakki Dam,W F Rivers Basin,W F Rivers Basin,Sharavati,01-06-2025 12:06:00,23.04,1766.35,156.61,34.965,151.749,,3877.315,2476.852,,,554,398,,,
2025-06-02,96496.0,Linganamakki Dam,W F Rivers Basin,W F Rivers Basin,Sharavati,02-06-2025 12:06:00,22.92,1766.2,156.61,34.775,151.749,,5358.796,2476.852,,,1017,612,,,
2025-06-03,96497.0,Linganamakki Dam,W F Rivers Basin,W F Rivers Basin,Sharavati,03-06-2025 12:06:00,22.79,1766.05,156.61,34.586,151.749,,4861.111,2465.278,,,1437,825,,,
2025-06-04,96498.0,Linganamakki Dam,W F Rivers Basin,W F Rivers Basin,Sharavati,04-06-2025 12:06:00,22.63,1765.85,156.61,34.334,151.749,,4375,7152.778,,,1815,2727,,,
2025-06-05,96499.0,Linganamakki Dam,W F Rivers Basin,W F Rivers Basin,Sharavati,05-06-2025 12:06:00,22.21,1765.35,156.61,33.702,151.749,,798.611,39444.444,,,1884,209,,,
2025-06-06,96500.0,Linganamakki Dam,W F Rivers Basin,W F Rivers Basin,Sharavati,06-06-2025 12:06:00,21.73,1764.75,156.61,32.979,151.749,,6527.778,8668.981,,,2448,4157,,,
2025-06-07,96501.0,Linganamakki Dam,W F Rivers Basin,W F Rivers Basin,Sharavati,07-06-2025 12:06:00,21.44,1764.35,156.61,32.528,151.749,,3182.87,8611.111,,,2723,4901,,,
2025-06-08,96502.0,Linganamakki Dam,W F Rivers Basin,W F Rivers Basin,Sharavati,08-06-2025 12:06:00,21.03,1763.8,156.61,31.91,151.749,,1805.556,8530.093,,,2878,5638,,,
2025-06-09,96503.0,Linganamakki Dam,W F Rivers Basin,W F Rivers Basin,Sharavati,09-06-2025 12:06:00,20.81,1763.5,156.61,31.572,151.749,,1608.796,5763.889,,,3017,6136,,,
2025-06-10,96504.0,Linganamakki Dam,W F Rivers Basin,W F Rivers Basin,Sharavati,10-06-2025 12:06:00,20.47,1763.05,156.61,31.066,151.749,,960.648,6759.259,,,3101,6720,,,
2025-06-11,96505.0,Linganamakki Dam,W F Rivers Basin,W F Rivers Basin,Sharavati,11-06-2025 12:06:00,20.25,1762.75,156.61,30.729,151.749,,3773.148,7546.296,,,3427,7372,,,
2025-06-12,96506.0,Linganamakki Dam,W F Rivers Basin,W F Rivers Basin,Sharavati,12-06-2025 12:06:00,20.66,1763.3,156.61,31.347,151.749,,13680.556,6759.259,,,4608,7955,,,
2025-06-13,96507.0,Linganamakki Dam,W F Rivers Basin,W F Rivers Basin,Sharavati,13-06-2025 12:06:00,20.69,1763.35,156.61,31.403,151.749,,7569.444,6608.796,,,5262,8527,,,
2025-06-14,96508.0,Linganamakki Dam,W F Rivers Basin,W F Rivers Basin,Sharavati,14-06-2025 12:06:00,20.99,1763.75,156.61,31.854,151.749,,10995.37,5856.481,,,6212,9033,,,
2025-06-15,96509.0,Linganamakki Dam,W F Rivers Basin,W F Rivers Basin,Sharavati,15-06-2025 12:06:00,23.08,1766.4,156.61,35.028,151.749,,39965.278,107557.87,,,9664,213,,,
2025-06-16,96510.0,Linganamakki Dam,W F Rivers Basin,W F Rivers Basin,Sharavati,16-06-2025 12:06:00,25.83,1769.7,156.61,39.197,151.749,,50578.704,2546.296,,,14034,9514,,,
2025-06-17,96511.0,Linganamakki Dam,W F Rivers Basin,W F Rivers Basin,Sharavati,17-06-2025 12:06:00,27.01,1771,156.61,40.991,151.749,,26145.833,5185.185,,,16293,9962,,,
2025-06-18,96512.0,Linganamakki Dam,W F Rivers Basin,W F Rivers Basin,Sharavati,18-06-2025 12:06:00,27.91,1772,156.61,42.346,151.749,,22905.093,6180.556,,,18272,10496,,,
2025-06-19,96513.0,Linganamakki Dam,W F Rivers Basin,W F Rivers Basin,Sharavati,19-06-2025 12:06:00,28.68,1772.8,156.61,43.525,151.749,,17638.889,4664.352,,,19796,10898,,,
2025-06-20,96514.0,Linganamakki Dam,W F Rivers Basin,W F Rivers Basin,Sharavati,20-06-2025 12:06:00,29.53,1773.7,156.61,44.81,151.749,,19039.352,4444.444,,,21441,11282,,,
2025-06-21,96515.0,Linganamakki Dam,W F Rivers Basin,W F Rivers Basin,Sharavati,21-06-2025 12:06:00,30,1774.2,156.61,45.518,151.749,,14814.815,6134.259,,,22721,11812,,,
2025-06-22,96516.0,Linganamakki Dam,W F Rivers Basin,W F Rivers Basin,Sharavati,22-06-2025 12:06:00,31.05,1775.3,156.61,47.125,151.749,,24224.537,5891.204,,,24814,12321,,,
2025-06-23,96517.0,Linganamakki Dam,W F Rivers Basin,W F Rivers Basin,Sharavati,23-06-2025 12:06:00,32.46,1776.65,156.61,49.263,151.749,,29780.093,5057.87,,,27388,12758,,,
2025-06-24,96518.0,Linganamakki Dam,W F Rivers Basin,W F Rivers Basin,Sharavati,24-06-2025 12:06:00,34.86,1778.95,156.61,52.905,151.749,,46215.278,4039.352,,,31381,13107,,,
2025-06-25,96519.0,Linganamakki Dam,W F Rivers Basin,W F Rivers Basin,Sharavati,25-06-2025 12:06:00,37.76,1781.55,156.61,57.308,151.749,,55335.648,3854.167,,,36162,13440,,,
2025-06-26,96520.0,Linganamakki Dam,W F Rivers Basin,W F Rivers Basin,Sharavati,26-06-2025 12:06:00,39.69,1783.2,156.61,60.225,151.749,,37638.889,3993.056,,,39414,13785,,,
2025-06-27,96521.0,Linganamakki Dam,W F Rivers Basin,W F Rivers Basin,Sharavati,27-06-2025 12:06:00,40.68,1784.05,156.61,61.727,151.749,,24756.944,7199.074,,,41553,14407,,,
2025-06-28,96522.0,Linganamakki Dam,W F Rivers Basin,W F Rivers Basin,Sharavati,28-06-2025 12:06:00,41.38,1784.65,156.61,62.788,151.749,,20185.185,7986.111,,,43296,15097,,,
2025-06-29,96523.0,Linganamakki Dam,W F Rivers Basin,W F Rivers Basin,Sharavati,29-06-2025 12:06:00,41.98,1785.15,156.61,63.701,151.749,,17881.944,7442.13,,,44841,15740,,,
2025-06-30,96524.0,Linganamakki Dam,W F Rivers Basin,W F Rivers Basin,Sharavati,30-06-2025 12:06:00,42.3,1785.4,156.61,64.19,151.749,,12592.593,6435.185,,,45929,16295,,,
2025-07-01,96525.0,Linganamakki Dam,W F Rivers Basin,W F Rivers Basin,Sharavati,01-07-2025 12:07:00,43.14,1786.05,156.61,65.463,151.749,,20625,5648.148,,,47711,16783,,,
2025-07-02,96526.0,Linganamakki Dam,W F Rivers Basin,W F Rivers Basin,Sharavati,02-07-2025 12:07:00,45.4,1787.8,156.61,68.89,151.749,,45069.444,5567.13,,,51605,17264,,,
2025-07-03,96527.0,Linganamakki Dam,W F Rivers Basin,W F Rivers Basin,Sharavati,03-07-2025 12:07:00,47.53,1789.45,156.61,72.122,151.749,,41041.667,3761.574,,,55151,17588,,,
2025-07-04,96528.0,Linganamakki Dam,W F Rivers Basin,W F Rivers Basin,Sharavati,04-07-2025 12:07:00,49.66,1791,156.61,75.359,151.749,,48344.907,5324.074,,,59328,18049,,,
2025-07-05,96529.0,Linganamakki Dam,W F Rivers Basin,W F Rivers Basin,Sharavati,05-07-2025 12:07:00,51.8,1792.5,156.61,78.599,151.749,,37627.315,5555.556,,,62579,18529,,,
2025-07-06,96530.0,Linganamakki Dam,W F Rivers Basin,W F Rivers Basin,Sharavati,06-07-2025 12:07:00,53.43,1793.65,156.61,81.083,151.749,,31689.815,2881.944,,,65317,18778,,,
2025-07-07,96531.0,Linganamakki Dam,W F Rivers Basin,W F Rivers Basin,Sharavati,07-07-2025 12:07:00,55.21,1794.9,156.61,83.783,151.749,,39108.796,7025.463,,,68696,19385,,,
2025-07-08,96532.0,Linganamakki Dam,W F Rivers Basin,W F Rivers Basin,Sharavati,08-07-2025 12:07:00,56.77,1795.9,156.61,86.141,151.749,,34675.926,7708.333,,,71692,20050,,,
2025-07-09,96533.0,Linganamakki Dam,W F Rivers Basin,W F Rivers Basin,Sharavati,09-07-2025 12:07:00,58.57,1797.05,156.61,88.878,151.749,,39432.87,7696.759,,,75099,20715,,,
2025-07-10,96534.0,Linganamakki Dam,W F Rivers Basin,W F Rivers Basin,Sharavati,10-07-2025 12:07:00,59.43,1797.6,156.61,90.187,151.749,,23159.722,7673.611,,,77100,21378,,,
2025-07-11,96535.0,Linganamakki Dam,W F Rivers Basin,W F Rivers Basin,Sharavati,11-07-2025 12:07:00,61.08,1798.65,156.61,92.686,151.749,,35659.722,6655.093,,,80181,21952,,,
2025-07-12,96536.0,Linganamakki Dam,W F Rivers Basin,W F Rivers Basin,Sharavati,12-07-2025 12:07:00,62.57,1799.6,156.61,94.947,151.749,,30798.611,4456.019,,,82841,22337,,,
2025-07-13,96537.0,Linganamakki Dam,W F Rivers Basin,W F Rivers Basin,Sharavati,13-07-2025 12:07:00,63.62,1800.25,156.61,96.55,151.749,,25046.296,6238.426,,,85006,22876,,,
2025-07-14,96538.0,Linganamakki Dam,W F Rivers Basin,W F Rivers Basin,Sharavati,14-07-2025 12:07:00,65.08,1801.1,156.61,98.763,151.749,,31481.481,5648.148,,,87726,23364,,,
2025-07-15,96539.0,Linganamakki Dam,W F Rivers Basin,W F Rivers Basin,Sharavati,15-07-2025 12:07:00,66.2,1801.75,156.61,100.456,151.749,,24537.037,5625,,,89846,23850,,,
2025-07-16,96540.0,Linganamakki Dam,W F Rivers Basin,W F Rivers Basin,Sharavati,16-07-2025 12:07:00,66.89,1802.15,156.61,101.498,151.749,,19421.296,6620.37,,,91524,24422,,,
2025-07-17,96541.0,Linganamakki Dam,W F Rivers Basin,W F Rivers Basin,Sharavati,17-07-2025 12:07:00,67.66,1802.6,156.61,102.669,151.749,,19652.778,6655.093,,,93222,24997,,,
2025-07-18,96542.0,Linganamakki Dam,W F Rivers Basin,W F Rivers Basin,Sharavati,18-07-2025 12:07:00,68.43,1803.05,156.61,103.841,151.749,,20659.722,6689.815,,,95006,25575,,,
2025-07-19,96543.0,Linganamakki Dam,W F Rivers Basin,W F Rivers Basin,Sharavati,19-07-2025 12:07:00,69.2,1803.5,156.61,105.013,151.749,,16574.074,5555.556,,,96438,26056,,,
2025-07-20,96544.0,Linganamakki Dam,W F Rivers Basin,W F Rivers Basin,Sharavati,20-07-2025 12:07:00,69.66,1803.75,156.61,105.705,151.749,,15127.315,5231.481,,,97745,26507,,,
2025-07-21,96545.0,Linganamakki Dam,W F Rivers Basin,W F Rivers Basin,Sharavati,21-07-2025 12:07:00,70.11,1804,156.61,106.396,151.749,,13136.574,5173.611,,,98880,26954,,,
2025-07-22,96546.0,Linganamakki Dam,W F Rivers Basin,W F Rivers Basin,Sharavati,22-07-2025 12:07:00,70.84,1804.45,156.61,107.495,151.749,,18993.056,5011.574,,,100521,27387,,,
2025-07-23,96547.0,Linganamakki Dam,W F Rivers Basin,W F Rivers Basin,Sharavati,23-07-2025 12:07:00,72.34,1805.3,156.61,109.78,151.749,,31458.333,4872.685,,,103239,27807,,,
2025-07-24,96548.0,Linganamakki Dam,W F Rivers Basin,W F Rivers Basin,Sharavati,24-07-2025 12:07:00,74.33,1806.4,156.61,112.801,151.749,,40416.667,4861.111,,,106731,28228,,,
2025-07-25,96549.0,Linganamakki Dam,W F Rivers Basin,W F Rivers Basin,Sharavati,25-07-2025 12:07:00,78.02,1808.35,156.61,118.4,151.749,,67858.796,3333.333,,,112594,28516,,,
2025-07-26,96550.0,Linganamakki Dam,W F Rivers Basin,W F Rivers Basin,Sharavati,26-07-2025 12:07:00,80.63,1809.75,156.61,122.362,151.749,,47152.778,1412.037,,,116668,28638,,,
2025-07-27,96551.0,Linganamakki Dam,W F Rivers Basin,W F Rivers Basin,Sharavati,27-07-2025 12:07:00,82.11,1810.5,156.61,124.604,151.749,,28935.185,2754.63,,,119168,28877,,,
2025-07-28,96552.0,Linganamakki Dam,W F Rivers Basin,W F Rivers Basin,Sharavati,28-07-2025 12:07:00,82.82,1810.85,156.61,125.679,151.749,,21932.87,9108.796,,,121062,29664,,,
2025-07-29,96553.0,Linganamakki Dam,W F Rivers Basin,W F Rivers Basin,Sharavati,29-07-2025 12:07:00,83.12,1811,156.61,126.139,151.749,,12465.278,7118.056,,,122140,30279,,,
2025-07-30,96554.0,Linganamakki Dam,W F Rivers Basin,W F Rivers Basin,Sharavati,30-07-2025 12:07:00,83.53,1811.2,156.61,126.753,151.749,,14456.019,7303.241,,,123389,30910,,,
2025-07-31,96555.0,Linganamakki Dam,W F Rivers Basin,W F Rivers Basin,Sharavati,31-07-2025 12:07:00,83.93,1811.4,156.61,127.367,151.749,,14699.074,7546.296,,,124659,31561,,,
2025-08-01,96556.0,Linganamakki Dam,W F Rivers Basin,W F Rivers Basin,Sharavati,01-08-2025 12:08:00,83.93,1811.4,156.61,127.367,151.749,,7719.907,7546.296,,,125326,32213,,,
2025-08-02,96557.0,Linganamakki Dam,W F Rivers Basin,W F Rivers Basin,Sharavati,02-08-2025 12:08:00,84.13,1811.5,156.61,127.674,151.749,,12372.685,7546.296,,,126394,32865,,,
2025-08-03,96558.0,Linganamakki Dam,W F Rivers Basin,W F Rivers Basin,Sharavati,03-08-2025 12:08:00,84.34,1811.6,156.61,127.981,151.749,,11226.852,7546.296,,,127364,33517,,,
2025-08-04,96559.0,Linganamakki Dam,W F Rivers Basin,W F Rivers Basin,Sharavati,04-08-2025 12:08:00,84.13,1811.5,156.61,127.674,151.749,,7719.907,7546.296,,,128031,34170,,,
2025-08-05,96560.0,Linganamakki Dam,W F Rivers Basin,W F Rivers Basin,Sharavati,05-08-2025 12:08:00,84.74,1811.8,156.61,128.595,151.749,,14710.648,7557.87,,,129302,34823,,,
2025-08-06,96561.0,Linganamakki Dam,W F Rivers Basin,W F Rivers Basin,Sharavati,06-08-2025 12:08:00,84.84,1811.85,156.61,128.749,151.749,,8078.704,6736.111,,,130000,35405,,,
2025-08-07,96562.0,Linganamakki Dam,W F Rivers Basin,W F Rivers Basin,Sharavati,07-08-2025 12:08:00,84.84,1811.85,156.61,128.749,151.749,,7731.481,7557.87,,,130668,36058,,,
2025-08-08,96563.0,Linganamakki Dam,W F Rivers Basin,W F Rivers Basin,Sharavati,08-08-2025 12:08:00,85.05,1811.95,156.61,129.056,151.749,,11226.852,7557.87,,,131638,36711,,,
2025-08-09,96564.0,Linganamakki Dam,W F Rivers Basin,W F Rivers Basin,Sharavati,09-08-2025 12:08:00,85.05,1811.95,156.61,129.056,151.749,,7731.481,7557.87,,,132306,37364,,,
2025-08-10,96565.0,Linganamakki Dam,W F Rivers Basin,W F Rivers Basin,Sharavati,10-08-2025 12:08:00,84.94,1811.9,156.61,128.902,151.749,,4259.259,5266.204,,,132674,37819,,,
2025-08-11,96566.0,Linganamakki Dam,W F Rivers Basin,W F Rivers Basin,Sharavati,11-08-2025 12:08:00,84.94,1811.9,156.61,128.902,151.749,,6932.87,6770.833,,,133273,38404,,,
2025-08-12,96567.0,Linganamakki Dam,W F Rivers Basin,W F Rivers Basin,Sharavati,12-08-2025 12:08:00,84.94,1811.9,156.61,128.902,151.749,,7893.519,2592.593,,,133955,38628,,,
2025-08-13,96568.0,Linganamakki Dam,W F Rivers Basin,W F Rivers Basin,Sharavati,13-08-2025 12:08:00,84.94,1811.9,156.61,128.902,151.749,,7384.259,7638.889,,,134593,39288,,,
2025-08-14,96569.0,Linganamakki Dam,W F Rivers Basin,W F Rivers Basin,Sharavati,14-08-2025 12:08:00,85.25,1812.05,156.61,129.368,151.749,,11030.093,6203.704,,,135545,39824,,,
2025-08-15,96570.0,Linganamakki Dam,W F Rivers Basin,W F Rivers Basin,Sharavati,15-08-2025 12:08:00,86.71,1812.75,156.61,131.587,151.749,,32048.611,6250,,,138314,40363,,,
2025-08-16,96571.0,Linganamakki Dam,W F Rivers Basin,W F Rivers Basin,Sharavati,16-08-2025 12:08:00,88.21,1813.5,156.61,133.864,151.749,,29780.093,4039.352,,,140887,40712,,,
2025-08-17,96572.0,Linganamakki Dam,W F Rivers Basin,W F Rivers Basin,Sharavati,17-08-2025 12:08:00,91.33,1815.05,156.61,138.586,151.749,,59895.833,3657.407,,,146061,41028,,,
2025-08-18,96573.0,Linganamakki Dam,W F Rivers Basin,W F Rivers Basin,Sharavati,18-08-2025 12:08:00,93.85,1816.2,156.61,142.417,151.749,,48391.204,4525.463,,,150242,41418,,,
2025-08-19,96574.0,Linganamakki Dam,W F Rivers Basin,W F Rivers Basin,Sharavati,19-08-2025 12:08:00,94.62,1816.55,156.61,143.583,151.749,,29780.093,17152.778,,,152816,42901,,,
2025-08-20,96575.0,Linganamakki Dam,W F Rivers Basin,W F Rivers Basin,Sharavati,20-08-2025 12:08:00,95.06,1816.75,156.61,144.25,151.749,,25486.111,16585.648,,,155018,44334,,,
2025-08-21,96576.0,Linganamakki Dam,W F Rivers Basin,W F Rivers Basin,Sharavati,21-08-2025 12:08:00,95.17,1816.8,156.61,144.417,151.749,,12696.759,11284.722,,,156114,45308,,,
2025-08-22,96577.0,Linganamakki Dam,W F Rivers Basin,W F Rivers Basin,Sharavati,22-08-2025 12:08:00,95.39,1816.9,156.61,144.75,151.749,,11736.111,7835.648,,,157129,45986,,,
2025-08-23,96578.0,Linganamakki Dam,W F Rivers Basin,W F Rivers Basin,Sharavati,23-08-2025 12:08:00,95.61,1817,156.61,145.084,151.749,,12569.444,8611.111,,,158215,46730,,,
2025-08-24,96579.0,Linganamakki Dam,W F Rivers Basin,W F Rivers Basin,Sharavati,24-08-2025 12:08:00,95.61,1817,156.61,145.084,151.749,,9189.815,8946.759,,,159008,47503,,,
2025-08-25,96580.0,Linganamakki Dam,W F Rivers Basin,W F Rivers Basin,Sharavati,25-08-2025 12:08:00,95.61,1817,156.61,145.084,151.749,,9201.389,8993.056,,,159803,48280,,,
2025-08-26,96581.0,Linganamakki Dam,W F Rivers Basin,W F Rivers Basin,Sharavati,26-08-2025 12:08:00,96.27,1817.3,156.61,146.083,151.749,,20138.889,8692.13,,,161543,49031,,,
2025-08-27,96582.0,Linganamakki Dam,W F Rivers Basin,W F Rivers Basin,Sharavati,27-08-2025 12:08:00,97.14,1817.7,156.61,147.416,151.749,,47233.796,32141.204,,,165624,51808,,,
2025-08-28,96583.0,Linganamakki Dam,W F Rivers Basin,W F Rivers Basin,Sharavati,28-08-2025 12:08:00,96.92,1817.6,156.61,147.082,151.749,,41250,42638.889,,,169188,55492,,,
2025-08-29,96584.0,Linganamakki Dam,W F Rivers Basin,W F Rivers Basin,Sharavati,29-08-2025 12:08:00,96.49,1817.4,156.61,146.416,151.749,,44965.278,52442.13,,,173073,60023,,,
2025-08-30,96585.0,Linganamakki Dam,W F Rivers Basin,W F Rivers Basin,Sharavati,30-08-2025 12:08:00,96.49,1817.4,156.61,146.416,151.749,,24872.685,24710.648,,,175221,62159,,,
2025-08-31,96586.0,Linganamakki Dam,W F Rivers Basin,W F Rivers Basin,Sharavati,31-08-2025 12:08:00,96.71,1817.5,156.61,146.749,151.749,,21053.241,17175.926,,,177040,63642,,,
2025-09-01,96587.0,Linganamakki Dam,W F Rivers Basin,W F Rivers Basin,Sharavati,01-09-2025 12:09:00,96.71,1817.5,156.61,146.749,151.749,,14421.296,14293.981,,,178286,64878,,,
2025-09-02,96588.0,Linganamakki Dam,W F Rivers Basin,W F Rivers Basin,Sharavati,02-09-2025 12:09:00,97.36,1817.8,156.61,147.749,151.749,,32337.963,19710.648,,,181080,66581,,,
2025-09-03,96589.0,Linganamakki Dam,W F Rivers Basin,W F Rivers Basin,Sharavati,03-09-2025 12:09:00,97.03,1817.65,156.61,147.249,151.749,,19930.556,26099.537,,,182802,68836,,,
2025-09-04,96590.0,Linganamakki Dam,W F Rivers Basin,W F Rivers Basin,Sharavati,04-09-2025 12:09:00,97.14,1817.7,156.61,147.416,151.749,,12407.407,10995.37,,,183874,69786,,,
2025-09-05,96591.0,Linganamakki Dam,W F Rivers Basin,W F Rivers Basin,Sharavati,05-09-2025 12:09:00,97.25,1817.75,156.61,147.583,151.749,,11597.222,8912.037,,,184876,70556,,,
2025-09-06,,,,,,,,1817.775,,,,,,,,,,,,,
2025-09-07,96592.0,Linganamakki Dam,W F Rivers Basin,W F Rivers Basin,Sharavati,07-09-2025 12:09:00,97.36,1817.8,156.61,147.749,151.749,,11747.685,9039.352,,,186690,72120,,,
2025-09-08,96593.0,Linganamakki Dam,W F Rivers Basin,W F Rivers Basin,Sharavati,08-09-2025 12:09:00,97.25,1817.75,156.61,147.583,151.749,,6678.241,8981.481,,,187266,72896,,,
2025-09-09,96594.0,Linganamakki Dam,W F Rivers Basin,W F Rivers Basin,Sharavati,09-09-2025 12:09:00,97.14,1817.7,156.61,147.416,151.749,,6284.722,8587.963,,,187810,73638,,,
2025-09-10,96595.0,Linganamakki Dam,W F Rivers Basin,W F Rivers Basin,Sharavati,10-09-2025 12:09:00,96.92,1817.6,156.61,147.082,151.749,,5416.667,8969.907,,,188278,74413,,,
2025-09-11,96596.0,Linganamakki Dam,W F Rivers Basin,W F Rivers Basin,Sharavati,11-09-2025 12:09:00,96.71,1817.5,156.61,146.749,151.749,,4803.241,8379.63,,,188693,75137,,,
2025-09-12,,,,,,,,1817.3833333333328,,,,,,,,,,,,,
2025-09-13,,,,,,,,1817.2666666666669,,,,,,,,,,,,,
2025-09-14,96597.0,Linganamakki Dam,W F Rivers Basin,W F Rivers Basin,Sharavati,14-09-2025 12:09:00,95.94,1817.15,156.61,145.584,151.749,,3773.148,8634.259,,,190004,77485,,,
2025-09-15,96598.0,Linganamakki Dam,W F Rivers Basin,W F Rivers Basin,Sharavati,15-09-2025 12:09:00,95.61,1817,156.61,145.084,151.749,,1712.963,7835.648,,,190152,78162,,,
2025-09-16,96599.0,Linganamakki Dam,W F Rivers Basin,W F Rivers Basin,Sharavati,16-09-2025 12:09:00,95.39,1816.9,156.61,144.75,151.749,,4224.537,7812.5,,,190517,78837,,,
2025-09-17,96600.0,Linganamakki Dam,W F Rivers Basin,W F Rivers Basin,Sharavati,17-09-2025 12:09:00,95.17,1816.8,156.61,144.417,151.749,,4155.093,7766.204,,,190876,79508,,,
2025-09-18,,,,,,,,1816.675,,,,,,,,,,,,,
2025-09-19,96601.0,Linganamakki Dam,W F Rivers Basin,W F Rivers Basin,Sharavati,19-09-2025 12:09:00,94.62,1816.55,156.61,143.583,151.749,,1157.407,7256.944,,,191329,80799,,,
2025-09-20,,,,,,,,1816.45,,,,,,,,,,,,,
2025-09-21,96602.0,Linganamakki Dam,W F Rivers Basin,W F Rivers Basin,Sharavati,21-09-2025 12:09:00,94.18,1816.35,156.61,142.917,151.749,,3055.556,6643.519,,,191882,81971,,,
2025-09-22,96603.0,Linganamakki Dam,W F Rivers Basin,W F Rivers Basin,Sharavati,22-09-2025 12:09:00,93.96,1816.25,156.61,142.584,151.749,,3032.407,6655.093,,,192144,82546,,,
2025-09-23,96604.0,Linganamakki Dam,W F Rivers Basin,W F Rivers Basin,Sharavati,23-09-2025 12:09:00,93.74,1816.15,156.61,142.251,151.749,,3009.259,6643.519,,,192404,83119,,,
2025-09-24,96605.0,Linganamakki Dam,W F Rivers Basin,W F Rivers Basin,Sharavati,24-09-2025 12:09:00,93.63,1816.1,156.61,142.084,151.749,,5555.556,6678.241,,,192884,83696,,,
2025-09-25,96606.0,Linganamakki Dam,W F Rivers Basin,W F Rivers Basin,Sharavati,25-09-2025 12:09:00,93.41,1816,156.61,141.751,151.749,,3854.167,7453.704,,,193217,84340,,,
2025-09-26,,,,,,,,1816.15,,,,,,,,,,,,,
2025-09-27,,,,,,,,1816.3,,,,,,,,,,,,,
2025-09-28,96607.0,Linganamakki Dam,W F Rivers Basin,W F Rivers Basin,Sharavati,28-09-2025 12:09:00,94.4,1816.45,156.61,143.25,151.749,,25011.574,4861.111,,,196222,85908,,,
2025-09-29,96608.0,Linganamakki Dam,W F Rivers Basin,W F Rivers Basin,Sharavati,29-09-2025 12:09:00,94.84,1816.65,156.61,143.916,151.749,,14039.352,6354.167,,,197435,86457,,,
2025-09-30,96609.0,Linganamakki Dam,W F Rivers Basin,W F Rivers Basin,Sharavati,30-09-2025 12:09:00,94.95,1816.7,156.61,144.083,151.749,,9583.333,6932.87,,,198263,87056,,,
2025-10-01,,,,,,,,1816.675,,,,,,,,,,,,,
2025-10-02,96610.0,Linganamakki Dam,W F Rivers Basin,W F Rivers Basin,Sharavati,02-10-2025 12:10:00,94.84,1816.65,156.61,143.916,151.749,,4675.926,7025.463,,,199285,88271,,,
2025-10-03,96611.0,Linganamakki Dam,W F Rivers Basin,W F Rivers Basin,Sharavati,03-10-2025 12:10:00,94.62,1816.55,156.61,143.583,151.749,,3449.074,7037.037,,,199583,88879,,,
2025-10-04,96612.0,Linganamakki Dam,W F Rivers Basin,W F Rivers Basin,Sharavati,04-10-2025 12:10:00,94.4,1816.45,156.61,143.25,151.749,,3368.056,6944.444,,,199874,89479,,,
2025-10-05,96613.0,Linganamakki Dam,W F Rivers Basin,W F Rivers Basin,Sharavati,05-10-2025 12:10:00,94.29,1816.4,156.61,143.083,151.749,,3217.593,4282.407,,,200151,89848,,,
2025-10-06,96614.0,Linganamakki Dam,W F Rivers Basin,W F Rivers Basin,Sharavati,06-10-2025 12:10:00,94.18,1816.35,156.61,142.917,151.749,,2233.796,4537.037,,,200344,90240,,,
2025-10-07,96615.0,Linganamakki Dam,W F Rivers Basin,W F Rivers Basin,Sharavati,07-10-2025 12:10:00,93.96,1816.25,156.61,142.584,151.749,,3009.259,6574.074,,,200604,90808,,,
2025-10-08,96616.0,Linganamakki Dam,W F Rivers Basin,W F Rivers Basin,Sharavati,08-10-2025 12:10:00,93.74,1816.15,156.61,142.251,151.749,,3356.481,6689.815,,,200894,91386,,,
2025-10-09,96617.0,Linganamakki Dam,W F Rivers Basin,W F Rivers Basin,Sharavati,09-10-2025 12:10:00,93.74,1816.15,156.61,142.251,151.749,,6967.593,6805.556,,,201496,91974,,,
2025-10-10,,,,,,,,1816.0666666666668,,,,,,,,,,,,,
2025-10-11,,,,,,,,1815.983333333333,,,,,,,,,,,,,
2025-10-12,96618.0,Linganamakki Dam,W F Rivers Basin,W F Rivers Basin,Sharavati,12-10-2025 12:10:00,93.19,1815.9,156.61,141.419,151.749,,4606.481,5636.574,,,202382,93563,,,
2025-10-13,,,,,,,,1815.8,,,,,,,,,,,,,
2025-10-14,96619.0,Linganamakki Dam,W F Rivers Basin,W F Rivers Basin,Sharavati,14-10-2025 12:10:00,92.75,1815.7,156.61,140.751,151.749,,2581.019,6122.685,,,202780,94573,,,
2025-10-15,96620.0,Linganamakki Dam,W F Rivers Basin,W F Rivers Basin,Sharavati,15-10-2025 12:10:00,92.64,1815.65,156.61,140.584,151.749,,4733.796,7060.185,,,203189,95183,,,
2025-10-16,,,,,,,,1815.525,,,,,,,,,,,,,
2025-10-17,96621.0,Linganamakki Dam,W F Rivers Basin,W F Rivers Basin,Sharavati,17-10-2025 12:10:00,92.09,1815.4,156.61,139.751,151.749,,1087.963,7141.204,,,203591,96416,,,
2025-10-18,,,,,,,,1815.375,,,,,,,,,,,,,
2025-10-19,96622.0,Linganamakki Dam,W F Rivers Basin,W F Rivers Basin,Sharavati,19-10-2025 12:10:00,91.98,1815.35,156.61,139.585,151.749,,7384.259,7210.648,,,204741,97645,,,
2025-10-20,,,,,,,,1815.35,,,,,,,,,,,,,
2025-10-21,96623.0,Linganamakki Dam,W F Rivers Basin,W F Rivers Basin,Sharavati,21-10-2025 12:10:00,91.98,1815.35,156.61,139.585,151.749,,6076.389,7175.926,,,206011,98887,,,
2025-10-22,96624.0,Linganamakki Dam,W F Rivers Basin,W F Rivers Basin,Sharavati,22-10-2025 12:10:00,91.98,1815.35,156.61,139.585,151.749,,4641.204,4513.889,,,206412,99277,,,
2025-10-23,96625.0,Linganamakki Dam,W F Rivers Basin,W F Rivers Basin,Sharavati,23-10-2025 12:10:00,91.98,1815.35,156.61,139.585,151.749,,5937.5,5798.611,,,206925,99778,,,
2025-10-24,96626.0,Linganamakki Dam,W F Rivers Basin,W F Rivers Basin,Sharavati,24-10-2025 12:10:00,91.87,1815.3,156.61,139.418,151.749,,4513.889,6898.148,,,207315,100374,,,
2025-10-25,,,,,,,,1815.15,,,,,,,,,,,,,
2025-10-26,96627.0,Linganamakki Dam,W F Rivers Basin,W F Rivers Basin,Sharavati,26-10-2025 12:10:00,91.22,1815,156.61,138.419,151.749,,4849.537,7210.648,,,207916,101593,,,
2025-10-27,,,,,,,,1814.93,,,,,,,,,,,,,
2025-10-28,,,,,,,,1814.86,,,,,,,,,,,,,
2025-10-29,,,,,,,,1814.79,,,,,,,,,,,,,
2025-10-30,,,,,,,,1814.72,,,,,,,,,,,,,
2025-10-31,96628.0,Linganamakki Dam,W F Rivers Basin,W F Rivers Basin,Sharavati,31-10-2025 12:10:00,90.51,1814.65,156.61,137.345,151.749,,2789.352,7291.667,,,209421,104393,,,
2025-11-01,,,,,,,,1814.483333333333,,,,,,,,,,,,,
2025-11-02,,,,,,,,1814.3166666666668,,,,,,,,,,,,,
2025-11-03,,,,,,,,1814.15,,,,,,,,,,,,,
2025-11-04,,,,,,,,1813.983333333333,,,,,,,,,,,,,
2025-11-05,,,,,,,,1813.8166666666668,,,,,,,,,,,,,
2025-11-06,96629.0,Linganamakki Dam,W F Rivers Basin,W F Rivers Basin,Sharavati,06-11-2025 12:11:00,88.51,1813.65,156.61,134.31,151.749,,1400.463,8171.296,,,210655,108635,,,
2025-11-07,,,,,,,,1813.5125,,,,,,,,,,,,,
2025-11-08,,,,,,,,1813.375,,,,,,,,,,,,,
2025-11-09,,,,,,,,1813.2375,,,,,,,,,,,,,
2025-11-10,96630.0,Linganamakki Dam,W F Rivers Basin,W F Rivers Basin,Sharavati,10-11-2025 12:11:00,87.43,1813.1,156.61,132.676,151.749,,1550.926,7256.944,,,211332,110959,,,
2025-11-11,,,,,,,,1812.95,,,,,,,,,,,,,
2025-11-12,,,,,,,,1812.8,,,,,,,,,,,,,
2025-11-13,96631.0,Linganamakki Dam,W F Rivers Basin,W F Rivers Basin,Sharavati,13-11-2025 12:11:00,86.5,1812.65,156.61,131.27,151.749,,3796.296,8240.741,,,212174,113057,,,
2025-11-14,,,,,,,,1812.5,,,,,,,,,,,,,
2025-11-15,,,,,,,,1812.35,,,,,,,,,,,,,
2025-11-16,96632.0,Linganamakki Dam,W F Rivers Basin,W F Rivers Basin,Sharavati,16-11-2025 12:11:00,85.56,1812.2,156.61,129.843,151.749,,1585.648,6053.241,,,212568,114803,,,
2025-11-17,,,,,,,,1812.075,,,,,,,,,,,,,
2025-11-18,96633.0,Linganamakki Dam,W F Rivers Basin,W F Rivers Basin,Sharavati,18-11-2025 12:11:00,85.05,1811.95,156.61,129.056,151.749,,3206.019,6585.648,,,212883,115892,,,
2025-11-19,96634.0,Linganamakki Dam,W F Rivers Basin,W F Rivers Basin,Sharavati,19-11-2025 12:11:00,85.05,1811.95,156.61,129.056,151.749,,3206.019,6585.648,,,212883,115892,,,
2025-11-20,96635.0,Linganamakki Dam,W F Rivers Basin,W F Rivers Basin,Sharavati,20-11-2025 12:11:00,85.05,1811.95,156.61,129.056,151.749,,3206.019,6585.648,,,212883,115892,,,
2025-11-21,96636.0,Linganamakki Dam,W F Rivers Basin,W F Rivers Basin,Sharavati,21-11-2025 12:11:00,84.54,1811.7,156.61,128.288,151.749,,3310.185,7731.481,,,213535,117207,,,
2025-11-22,,,,,,,,1811.55,,,,,,,,,,,,,
2025-11-23,,,,,,,,1811.4,,,,,,,,,,,,,
2025-11-24,96637.0,Linganamakki Dam,W F Rivers Basin,W F Rivers Basin,Sharavati,24-11-2025 12:11:00,83.63,1811.25,156.61,126.907,151.749,,1932.87,6354.167,,,213914,118934,,,
2025-11-25,96638.0,Linganamakki Dam,W F Rivers Basin,W F Rivers Basin,Sharavati,25-11-2025 12:11:00,83.33,1811.1,156.61,126.446,151.749,,1967.593,7557.87,,,214084,119587,,,
2025-11-26,96639.0,Linganamakki Dam,W F Rivers Basin,W F Rivers Basin,Sharavati,26-11-2025 12:11:00,82.92,1810.9,156.61,125.832,151.749,,1041.667,7777.778,,,214174,120260,,,
2025-11-27,96640.0,Linganamakki Dam,W F Rivers Basin,W F Rivers Basin,Sharavati,27-11-2025 12:11:00,82.62,1810.75,156.61,125.372,151.749,,2847.222,7291.667,,,214420,120890,,,
2025-11-28,,,,,,,,1810.5469230769231,,,,,,,,,,,,,
2025-11-29,,,,,,,,1810.3438461538465,,,,,,,,,,,,,
2025-11-30,,,,,,,,1810.140769230769,,,,,,,,,,,,,
2025-12-01,,,,,,,,1809.9376923076925,,,,,,,,,,,,,
2025-12-02,,,,,,,,1809.734615384616,,,,,,,,,,,,,
2025-12-03,,,,,,,,1809.5315384615385,,,,,,,,,,,,,
2025-12-04,,,,,,,,1809.3284615384616,,,,,,,,,,,,,
2025-12-05,,,,,,,,1809.1253846153843,,,,,,,,,,,,,
2025-12-06,,,,,,,,1808.922307692308,,,,,,,,,,,,,
2025-12-07,,,,,,,,1808.7192307692308,,,,,,,,,,,,,
2025-12-08,,,,,,,,1808.5161538461537,,,,,,,,,,,,,
2025-12-09,,,,,,,,1808.313076923077,,,,,,,,,,,,,
2025-12-10,,,,,,,,1808.11,,,,,,,,,,,,,
2025-12-11,,,,,,,,1807.906923076923,,,,,,,,,,,,,
2025-12-12,,,,,,,,1807.703846153846,,,,,,,,,,,,,
2025-12-13,,,,,,,,1807.5007692307693,,,,,,,,,,,,,
2025-12-14,,,,,,,,1807.2976923076924,,,,,,,,,,,,,
2025-12-15,,,,,,,,1807.0946153846155,,,,,,,,,,,,,
2025-12-16,,,,,,,,1806.8915384615384,,,,,,,,,,,,,
2025-12-17,,,,,,,,1806.6884615384613,,,,,,,,,,,,,
2025-12-18,,,,,,,,1806.4853846153849,,,,,,,,,,,,,
2025-12-19,,,,,,,,1806.282307692308,,,,,,,,,,,,,
2025-12-20,,,,,,,,1806.079230769231,,,,,,,,,,,,,
2025-12-21,,,,,,,,1805.8761538461536,,,,,,,,,,,,,
2025-12-22,,,,,,,,1805.673076923077,,,,,,,,,,,,,
2025-12-23,,,,,,,,1805.47,,,,,,,,,,,,,
2025-12-24,,,,,,,,1805.2669230769231,,,,,,,,,,,,,
2025-12-25,,,,,,,,1805.063846153846,,,,,,,,,,,,,
2025-12-26,,,,,,,,1804.8607692307687,,,,,,,,,,,,,
2025-12-27,,,,,,,,1804.6576923076923,,,,,,,,,,,,,
2025-12-28,,,,,,,,1804.454615384616,,,,,,,,,,,,,
2025-12-29,,,,,,,,1804.2515384615383,,,,,,,,,,,,,
2025-12-30,,,,,,,,1804.0484615384607,,,,,,,,,,,,,
2025-12-31,,,,,,,,1803.8453846153843,,,,,,,,,,,,,
2026-01-31,96641.0,Linganamakki Dam,W F Rivers Basin,W F Rivers Basin,Sharavati,31-01-2026 12:01:00,59.35,1797.55,156.61,90.068,151.749,,1238.426,6493.056,,,218374,158038,,,
