Date,_id,Reservoir Name,Basin,Sub Basin,River,Monitoring Date,Percentage Full,Reservoir Level (ft),Design Gross Capacity (TMC),Gross Capacity (TMC),Live Capacity (TMC),Live Above Cill (TMC),Inflow (Cusecs),Outflow to River (Cusecs),Canal Withdrawal (Cusecs),Evaporation (Cusecs),Cumulative Inflow (TMC),Cumulative Outflow (TMC),Cumulative Withdrawal (TMC),Cumulative Evaporation (TMC),RAINFALL
2023-06-01,110934.0,Supa Dam,W F Rivers Basin,W F Rivers Basin,Kalinadi,01-06-2023 12:06:00,28.34,1742.336,147.53,41.19,145.329,,150.463,5636.574,,,57,1008,,,
2023-06-02,110935.0,Supa Dam,W F Rivers Basin,W F Rivers Basin,Kalinadi,02-06-2023 12:06:00,27.99,1741.549,147.53,40.681,145.329,,57.87,5509.259,,,62,1483,,,
2023-06-03,110936.0,Supa Dam,W F Rivers Basin,W F Rivers Basin,Kalinadi,03-06-2023 12:06:00,27.64,1740.762,147.53,40.173,145.329,,69.444,5983.796,,,68,2000,,,
2023-06-04,110937.0,Supa Dam,W F Rivers Basin,W F Rivers Basin,Kalinadi,04-06-2023 12:06:00,27.29,1739.974,147.53,39.664,145.329,,,5833.333,,,68,2504,,,
2023-06-05,110938.0,Supa Dam,W F Rivers Basin,W F Rivers Basin,Kalinadi,05-06-2023 12:06:00,26.94,1739.187,147.53,39.155,145.329,,,5625,,,68,2990,,,
2023-06-06,110939.0,Supa Dam,W F Rivers Basin,W F Rivers Basin,Kalinadi,06-06-2023 12:06:00,27.37,1740.138,147.53,39.77,145.329,,,5694.444,,,68,3482,,,
2023-06-07,110940.0,Supa Dam,W F Rivers Basin,W F Rivers Basin,Kalinadi,07-06-2023 12:06:00,26.24,1737.58,147.53,38.135,145.329,,69.444,5821.759,,,74,3985,,,
2023-06-08,110941.0,Supa Dam,W F Rivers Basin,W F Rivers Basin,Kalinadi,08-06-2023 12:06:00,25.91,1736.826,147.53,37.655,145.329,,104.167,5821.759,,,82,4488,,,
2023-06-09,110942.0,Supa Dam,W F Rivers Basin,W F Rivers Basin,Kalinadi,09-06-2023 12:06:00,25.55,1735.973,147.53,37.129,145.329,,,5763.889,,,82,4986,,,
2023-06-10,110943.0,Supa Dam,W F Rivers Basin,W F Rivers Basin,Kalinadi,10-06-2023 12:06:00,25.31,1735.415,147.53,36.79,145.329,,590.278,4594.907,,,133,5383,,,
2023-06-11,110944.0,Supa Dam,W F Rivers Basin,W F Rivers Basin,Kalinadi,11-06-2023 12:06:00,25.03,1734.759,147.53,36.369,145.329,,57.87,4756.944,,,139,5794,,,
2023-06-12,110945.0,Supa Dam,W F Rivers Basin,W F Rivers Basin,Kalinadi,12-06-2023 12:06:00,24.76,1734.103,147.53,35.977,145.329,,,4525.463,,,139,6185,,,
2023-06-13,110946.0,Supa Dam,W F Rivers Basin,W F Rivers Basin,Kalinadi,13-06-2023 12:06:00,24.54,1733.611,147.53,35.659,145.329,,,3310.185,,,139,6471,,,
2023-06-14,110947.0,Supa Dam,W F Rivers Basin,W F Rivers Basin,Kalinadi,14-06-2023 12:06:00,24.3,1733.021,147.53,35.313,145.329,,11.574,4166.667,,,139,6831,,,
2023-06-15,110948.0,Supa Dam,W F Rivers Basin,W F Rivers Basin,Kalinadi,15-06-2023 12:06:00,24,1732.332,147.53,34.886,145.329,,,4155.093,,,139,7190,,,
2023-06-16,110949.0,Supa Dam,W F Rivers Basin,W F Rivers Basin,Kalinadi,16-06-2023 12:06:00,23.76,1731.742,147.53,34.533,145.329,,231.481,4143.519,,,160,7548,,,
2023-06-17,110950.0,Supa Dam,W F Rivers Basin,W F Rivers Basin,Kalinadi,17-06-2023 12:06:00,23.51,1731.118,147.53,34.162,145.329,,,4131.944,,,160,7905,,,
2023-06-18,110951.0,Supa Dam,W F Rivers Basin,W F Rivers Basin,Kalinadi,18-06-2023 12:06:00,23.26,1730.528,147.53,33.809,145.329,,,4120.37,,,160,8261,,,
2023-06-19,110952.0,Supa Dam,W F Rivers Basin,W F Rivers Basin,Kalinadi,19-06-2023 12:06:00,23.14,1730.2,147.53,33.632,145.329,,,4108.796,,,160,8617,,,
2023-06-20,110953.0,Supa Dam,W F Rivers Basin,W F Rivers Basin,Kalinadi,20-06-2023 12:06:00,22.74,1729.216,147.53,33.043,145.329,,324.074,4780.093,,,187,9029,,,
2023-06-21,110954.0,Supa Dam,W F Rivers Basin,W F Rivers Basin,Kalinadi,21-06-2023 12:06:00,22.46,1728.527,147.53,32.639,145.329,,474.537,5127.315,,,228,9472,,,
2023-06-22,110955.0,Supa Dam,W F Rivers Basin,W F Rivers Basin,Kalinadi,22-06-2023 12:06:00,22.19,1727.838,147.53,32.242,145.329,,486.111,5104.167,,,271,9913,,,
2023-06-23,110956.0,Supa Dam,W F Rivers Basin,W F Rivers Basin,Kalinadi,23-06-2023 12:06:00,21.9,1727.117,147.53,31.827,145.329,,289.352,5092.593,,,295,10353,,,
2023-06-24,110957.0,Supa Dam,W F Rivers Basin,W F Rivers Basin,Kalinadi,24-06-2023 12:06:00,21.62,1726.395,147.53,31.416,145.329,,300.926,5069.444,,,322,10791,,,
2023-06-25,110958.0,Supa Dam,W F Rivers Basin,W F Rivers Basin,Kalinadi,25-06-2023 12:06:00,21.45,1725.969,147.53,31.172,145.329,,590.278,3391.204,,,373,11084,,,
2023-06-26,110959.0,Supa Dam,W F Rivers Basin,W F Rivers Basin,Kalinadi,26-06-2023 12:06:00,21.37,1725.772,147.53,31.062,145.329,,231.481,1944.444,,,393,11252,,,
2023-06-27,110960.0,Supa Dam,W F Rivers Basin,W F Rivers Basin,Kalinadi,27-06-2023 12:06:00,21.25,1725.444,147.53,30.876,145.329,,300.926,1805.556,,,419,11408,,,
2023-06-28,110961.0,Supa Dam,W F Rivers Basin,W F Rivers Basin,Kalinadi,28-06-2023 12:06:00,21.17,1725.247,147.53,30.764,145.329,,300.926,1805.556,,,445,11563,,,
2023-06-29,110962.0,Supa Dam,W F Rivers Basin,W F Rivers Basin,Kalinadi,29-06-2023 12:06:00,21.08,1725.018,147.53,30.636,145.329,,312.5,1793.981,,,472,11719,,,
2023-06-30,110963.0,Supa Dam,W F Rivers Basin,W F Rivers Basin,Kalinadi,30-06-2023 12:06:00,21,1724.821,147.53,30.526,145.329,,520.833,1793.981,,,517,11874,,,
2023-07-01,110964.0,Supa Dam,W F Rivers Basin,W F Rivers Basin,Kalinadi,01-07-2023 12:07:00,20.93,1724.624,147.53,30.415,145.329,,520.833,,,,562,11874,,,
2023-07-02,110965.0,Supa Dam,W F Rivers Basin,W F Rivers Basin,Kalinadi,02-07-2023 12:07:00,20.92,1724.591,147.53,30.397,145.329,,1585.648,1793.981,,,699,12029,,,
2023-07-03,110966.0,Supa Dam,W F Rivers Basin,W F Rivers Basin,Kalinadi,03-07-2023 12:07:00,20.8,1724.296,147.53,30.235,145.329,,1504.63,3402.778,,,829,12324,,,
2023-07-04,110967.0,Supa Dam,W F Rivers Basin,W F Rivers Basin,Kalinadi,04-07-2023 12:07:00,20.68,1723.968,147.53,30.052,145.329,,1736.111,4259.259,,,979,12692,,,
2023-07-05,110968.0,Supa Dam,W F Rivers Basin,W F Rivers Basin,Kalinadi,05-07-2023 12:07:00,20.55,1723.64,147.53,29.872,145.329,,2280.093,3761.574,,,1176,13017,,,
2023-07-06,110969.0,Supa Dam,W F Rivers Basin,W F Rivers Basin,Kalinadi,06-07-2023 12:07:00,21.25,1725.444,147.53,30.876,145.329,,11585.648,150.463,,,2177,13030,,,
2023-07-07,110970.0,Supa Dam,W F Rivers Basin,W F Rivers Basin,Kalinadi,07-07-2023 12:07:00,21.91,1727.15,147.53,31.846,145.329,,11620.37,405.093,,,3180,13064,,,
2023-07-08,110971.0,Supa Dam,W F Rivers Basin,W F Rivers Basin,Kalinadi,08-07-2023 12:07:00,22.47,1728.56,147.53,32.658,145.329,,9421.296,,,,3995,13064,,,
2023-07-09,110972.0,Supa Dam,W F Rivers Basin,W F Rivers Basin,Kalinadi,09-07-2023 12:07:00,22.81,1729.38,147.53,33.143,145.329,,7453.704,1909.722,,,4638,13229,,,
2023-07-10,110973.0,Supa Dam,W F Rivers Basin,W F Rivers Basin,Kalinadi,10-07-2023 12:07:00,22.85,1729.478,147.53,33.204,145.329,,4814.815,4155.093,,,5054,13588,,,
2023-07-11,110974.0,Supa Dam,W F Rivers Basin,W F Rivers Basin,Kalinadi,11-07-2023 12:07:00,22.81,1729.38,147.53,33.143,145.329,,3680.556,4351.852,,,5373,13964,,,
2023-07-12,110975.0,Supa Dam,W F Rivers Basin,W F Rivers Basin,Kalinadi,12-07-2023 12:07:00,22.87,1729.544,147.53,33.244,145.329,,4108.796,2777.778,,,5728,14203,,,
2023-07-13,110976.0,Supa Dam,W F Rivers Basin,W F Rivers Basin,Kalinadi,13-07-2023 12:07:00,23.14,1730.2,147.53,33.632,145.329,,5682.87,3680.556,,,6219,14521,,,
2023-07-14,110977.0,Supa Dam,W F Rivers Basin,W F Rivers Basin,Kalinadi,14-07-2023 12:07:00,23.51,1731.118,147.53,34.162,145.329,,11192.13,2638.889,,,7186,14749,,,
2023-07-15,110978.0,Supa Dam,W F Rivers Basin,W F Rivers Basin,Kalinadi,15-07-2023 12:07:00,23.8,1731.84,147.53,34.586,145.329,,8703.704,3703.704,,,7938,15069,,,
2023-07-16,110979.0,Supa Dam,W F Rivers Basin,W F Rivers Basin,Kalinadi,16-07-2023 12:07:00,24.06,1732.43,147.53,34.96,145.329,,8807.87,4780.093,,,8699,15481,,,
2023-07-17,110980.0,Supa Dam,W F Rivers Basin,W F Rivers Basin,Kalinadi,17-07-2023 12:07:00,24.51,1733.546,147.53,35.617,145.329,,12534.722,4780.093,,,9781,15894,,,
2023-07-18,110981.0,Supa Dam,W F Rivers Basin,W F Rivers Basin,Kalinadi,18-07-2023 12:07:00,25.89,1736.76,147.53,37.623,145.329,,28321.759,567.13,,,12228,15943,,,
2023-07-19,110982.0,Supa Dam,W F Rivers Basin,W F Rivers Basin,Kalinadi,19-07-2023 12:07:00,28.78,1743.32,147.53,41.825,145.329,,39016.204,,,,15599,15943,,,
2023-07-20,110983.0,Supa Dam,W F Rivers Basin,W F Rivers Basin,Kalinadi,20-07-2023 12:07:00,30.6,1747.256,147.53,44.474,145.329,,35717.593,92.593,,,18685,15951,,,
2023-07-21,110984.0,Supa Dam,W F Rivers Basin,W F Rivers Basin,Kalinadi,21-07-2023 12:07:00,33.13,1752.504,147.53,48.146,145.329,,42916.667,335.648,,,22393,15980,,,
2023-07-22,110985.0,Supa Dam,W F Rivers Basin,W F Rivers Basin,Kalinadi,22-07-2023 12:07:00,36.2,1758.572,147.53,52.613,145.329,,51435.185,,,,26837,15980,,,
2023-07-23,110986.0,Supa Dam,W F Rivers Basin,W F Rivers Basin,Kalinadi,23-07-2023 12:07:00,39.33,1764.64,147.53,57.151,145.329,,52650.463,,,,31386,15980,,,
2023-07-24,110987.0,Supa Dam,W F Rivers Basin,W F Rivers Basin,Kalinadi,24-07-2023 12:07:00,41.9,1769.56,147.53,60.894,145.329,,43564.815,,,,35150,15980,,,
2023-07-25,110988.0,Supa Dam,W F Rivers Basin,W F Rivers Basin,Kalinadi,25-07-2023 12:07:00,44.57,1774.48,147.53,64.779,145.329,,44583.333,,,,39002,15980,,,
2023-07-26,110989.0,Supa Dam,W F Rivers Basin,W F Rivers Basin,Kalinadi,26-07-2023 12:07:00,47.21,1779.236,147.53,68.61,145.329,,44571.759,,,,42853,15980,,,
2023-07-27,110990.0,Supa Dam,W F Rivers Basin,W F Rivers Basin,Kalinadi,27-07-2023 12:07:00,48.83,1782.024,147.53,70.959,145.329,,27002.315,,,,45186,15980,,,
2023-07-28,110991.0,Supa Dam,W F Rivers Basin,W F Rivers Basin,Kalinadi,28-07-2023 12:07:00,49.97,1783.992,147.53,72.618,145.329,,19502.315,,,,46870,15980,,,
2023-07-29,110992.0,Supa Dam,W F Rivers Basin,W F Rivers Basin,Kalinadi,29-07-2023 12:07:00,50.77,1785.304,147.53,73.784,145.329,,13206.019,,,,48011,15980,,,
2023-07-30,110993.0,Supa Dam,W F Rivers Basin,W F Rivers Basin,Kalinadi,30-07-2023 12:07:00,51.66,1786.78,147.53,75.073,145.329,,15034.722,,,,49310,15980,,,
2023-07-31,110994.0,Supa Dam,W F Rivers Basin,W F Rivers Basin,Kalinadi,31-07-2023 12:07:00,52.16,1787.6,147.53,75.797,145.329,,11006.944,2569.444,,,50262,16202,,,
2023-08-01,110995.0,Supa Dam,W F Rivers Basin,W F Rivers Basin,Kalinadi,01-08-2023 12:08:00,52.63,1788.354,147.53,76.482,145.329,,12511.574,4687.5,,,51343,16608,,,
2023-08-02,110996.0,Supa Dam,W F Rivers Basin,W F Rivers Basin,Kalinadi,02-08-2023 12:08:00,53.07,1789.076,147.53,77.121,145.329,,10578.704,3043.981,,,52257,16871,,,
2023-08-03,110997.0,Supa Dam,W F Rivers Basin,W F Rivers Basin,Kalinadi,03-08-2023 12:08:00,53.59,1789.896,147.53,77.88,145.329,,10914.352,2291.667,,,53200,17069,,,
2023-08-04,110998.0,Supa Dam,W F Rivers Basin,W F Rivers Basin,Kalinadi,04-08-2023 12:08:00,54.1,1790.716,147.53,78.622,145.329,,12337.963,3645.833,,,54266,17384,,,
2023-08-05,110999.0,Supa Dam,W F Rivers Basin,W F Rivers Basin,Kalinadi,05-08-2023 12:08:00,54.83,1791.864,147.53,79.681,145.329,,15706.019,3425.926,,,55623,17680,,,
2023-08-06,111000.0,Supa Dam,W F Rivers Basin,W F Rivers Basin,Kalinadi,06-08-2023 12:08:00,55.33,1792.651,147.53,80.409,145.329,,11168.981,2673.611,,,56587,17911,,,
2023-08-07,111001.0,Supa Dam,W F Rivers Basin,W F Rivers Basin,Kalinadi,07-08-2023 12:08:00,55.55,1792.979,147.53,80.726,145.329,,8935.185,5370.37,,,57359,18375,,,
2023-08-08,111002.0,Supa Dam,W F Rivers Basin,W F Rivers Basin,Kalinadi,08-08-2023 12:08:00,55.72,1793.242,147.53,80.981,145.329,,8240.741,5381.944,,,58071,18841,,,
2023-08-09,111003.0,Supa Dam,W F Rivers Basin,W F Rivers Basin,Kalinadi,09-08-2023 12:08:00,55.9,1793.504,147.53,81.235,145.329,,7939.815,5081.019,,,58757,19280,,,
2023-08-10,111004.0,Supa Dam,W F Rivers Basin,W F Rivers Basin,Kalinadi,10-08-2023 12:08:00,55.72,1793.242,147.53,80.981,145.329,,3703.704,6562.5,,,59076,19847,,,
2023-08-11,111005.0,Supa Dam,W F Rivers Basin,W F Rivers Basin,Kalinadi,11-08-2023 12:08:00,55.55,1792.979,147.53,80.726,145.329,,4594.907,7442.13,,,59473,20490,,,
2023-08-12,111006.0,Supa Dam,W F Rivers Basin,W F Rivers Basin,Kalinadi,12-08-2023 12:08:00,55.24,1792.52,147.53,80.281,145.329,,3622.685,5046.296,,,59786,20926,,,
2023-08-13,111007.0,Supa Dam,W F Rivers Basin,W F Rivers Basin,Kalinadi,13-08-2023 12:08:00,55.44,1792.815,147.53,80.568,145.329,,2766.204,3113.426,,,60025,21195,,,
2023-08-14,111008.0,Supa Dam,W F Rivers Basin,W F Rivers Basin,Kalinadi,14-08-2023 12:08:00,55.37,1792.717,147.53,80.472,145.329,,4155.093,5219.907,,,60384,21646,,,
2023-08-15,111009.0,Supa Dam,W F Rivers Basin,W F Rivers Basin,Kalinadi,15-08-2023 12:08:00,55.24,1792.52,147.53,80.281,145.329,,3020.833,5162.037,,,60645,22092,,,
2023-08-16,111010.0,Supa Dam,W F Rivers Basin,W F Rivers Basin,Kalinadi,16-08-2023 12:08:00,55.09,1792.258,147.53,80.055,145.329,,1921.296,4756.944,,,60812,22503,,,
2023-08-17,111011.0,Supa Dam,W F Rivers Basin,W F Rivers Basin,Kalinadi,17-08-2023 12:08:00,54.94,1792.028,147.53,79.84,145.329,,740.741,4756.944,,,60876,22914,,,
2023-08-18,111012.0,Supa Dam,W F Rivers Basin,W F Rivers Basin,Kalinadi,18-08-2023 12:08:00,54.83,1791.864,147.53,79.681,145.329,,3599.537,5358.796,,,61187,23377,,,
2023-08-19,111013.0,Supa Dam,W F Rivers Basin,W F Rivers Basin,Kalinadi,19-08-2023 12:08:00,55.24,1792.52,147.53,80.281,145.329,,8495.37,4965.278,,,61921,23806,,,
2023-08-20,111014.0,Supa Dam,W F Rivers Basin,W F Rivers Basin,Kalinadi,20-08-2023 12:08:00,55.05,1792.192,147.53,79.999,145.329,,5358.796,4641.204,,,62384,24208,,,
2023-08-21,111015.0,Supa Dam,W F Rivers Basin,W F Rivers Basin,Kalinadi,21-08-2023 12:08:00,55,1792.126,147.53,79.935,145.329,,3923.611,5335.648,,,62723,24669,,,
2023-08-22,111016.0,Supa Dam,W F Rivers Basin,W F Rivers Basin,Kalinadi,22-08-2023 12:08:00,54.92,1791.995,147.53,79.808,145.329,,3935.185,5347.222,,,63063,25131,,,
2023-08-23,111017.0,Supa Dam,W F Rivers Basin,W F Rivers Basin,Kalinadi,23-08-2023 12:08:00,54.78,1791.798,147.53,79.618,145.329,,3252.315,5370.37,,,63344,25595,,,
2023-08-24,111018.0,Supa Dam,W F Rivers Basin,W F Rivers Basin,Kalinadi,24-08-2023 12:08:00,54.63,1791.569,147.53,79.395,145.329,,2939.815,5393.519,,,63598,26061,,,
2023-08-25,111019.0,Supa Dam,W F Rivers Basin,W F Rivers Basin,Kalinadi,25-08-2023 12:08:00,54.43,1791.241,147.53,79.109,145.329,,1886.574,5393.519,,,63760,26527,,,
2023-08-26,111020.0,Supa Dam,W F Rivers Basin,W F Rivers Basin,Kalinadi,26-08-2023 12:08:00,54.31,1791.044,147.53,78.922,145.329,,2662.037,4768.519,,,63991,26939,,,
2023-08-27,111021.0,Supa Dam,W F Rivers Basin,W F Rivers Basin,Kalinadi,27-08-2023 12:08:00,54.2,1790.88,147.53,78.763,145.329,,2766.204,5208.333,,,64229,27389,,,
2023-08-28,111022.0,Supa Dam,W F Rivers Basin,W F Rivers Basin,Kalinadi,28-08-2023 12:08:00,54.1,1790.716,147.53,78.622,145.329,,2337.963,3043.981,,,64432,27652,,,
2023-08-29,111023.0,Supa Dam,W F Rivers Basin,W F Rivers Basin,Kalinadi,29-08-2023 12:08:00,53.96,1790.486,147.53,78.417,145.329,,2476.852,5266.204,,,64646,28107,,,
2023-08-30,111024.0,Supa Dam,W F Rivers Basin,W F Rivers Basin,Kalinadi,30-08-2023 12:08:00,53.74,1790.158,147.53,78.106,145.329,,1932.87,5405.093,,,64813,28574,,,
2023-08-31,111025.0,Supa Dam,W F Rivers Basin,W F Rivers Basin,Kalinadi,31-08-2023 12:08:00,53.55,1789.83,147.53,77.817,145.329,,1932.87,5393.519,,,64980,29040,,,
2023-09-01,111026.0,Supa Dam,W F Rivers Basin,W F Rivers Basin,Kalinadi,01-09-2023 12:09:00,53.33,1789.502,147.53,77.506,145.329,,1793.981,5243.056,,,65134,29494,,,
2023-09-02,111027.0,Supa Dam,W F Rivers Basin,W F Rivers Basin,Kalinadi,02-09-2023 12:09:00,53.18,1789.24,147.53,77.28,145.329,,1226.852,3981.481,,,65240,29838,,,
2023-09-03,111028.0,Supa Dam,W F Rivers Basin,W F Rivers Basin,Kalinadi,03-09-2023 12:09:00,53.07,1789.076,147.53,77.121,145.329,,1203.704,2928.241,,,65344,30090,,,
2023-09-04,111029.0,Supa Dam,W F Rivers Basin,W F Rivers Basin,Kalinadi,04-09-2023 12:09:00,52.96,1788.912,147.53,76.962,145.329,,1458.333,2488.426,,,65471,30306,,,
2023-09-05,111030.0,Supa Dam,W F Rivers Basin,W F Rivers Basin,Kalinadi,05-09-2023 12:09:00,53.02,1789.01,147.53,77.057,145.329,,1458.333,1122.685,,,65597,30402,,,
2023-09-06,111031.0,Supa Dam,W F Rivers Basin,W F Rivers Basin,Kalinadi,06-09-2023 12:09:00,53.09,1789.109,147.53,77.153,145.329,,1226.852,196.759,,,65703,30419,,,
2023-09-07,111032.0,Supa Dam,W F Rivers Basin,W F Rivers Basin,Kalinadi,07-09-2023 12:09:00,53.18,1789.24,147.53,77.28,145.329,,1562.5,185.185,,,65838,30436,,,
2023-09-08,111033.0,Supa Dam,W F Rivers Basin,W F Rivers Basin,Kalinadi,08-09-2023 12:09:00,53.21,1789.306,147.53,77.336,145.329,,1909.722,1215.278,,,66003,30541,,,
2023-09-09,111034.0,Supa Dam,W F Rivers Basin,W F Rivers Basin,Kalinadi,09-09-2023 12:09:00,53.33,1789.502,147.53,77.506,145.329,,3344.907,1284.722,,,66292,30652,,,
2023-09-10,111035.0,Supa Dam,W F Rivers Basin,W F Rivers Basin,Kalinadi,10-09-2023 12:09:00,53.39,1789.601,147.53,77.594,145.329,,3067.13,2037.037,,,66558,30828,,,
2023-09-11,111036.0,Supa Dam,W F Rivers Basin,W F Rivers Basin,Kalinadi,11-09-2023 12:09:00,53.48,1789.732,147.53,77.721,145.329,,3865.741,2488.426,,,66892,31042,,,
2023-09-12,111037.0,Supa Dam,W F Rivers Basin,W F Rivers Basin,Kalinadi,12-09-2023 12:09:00,53.48,1789.732,147.53,77.721,145.329,,3032.407,43159.722,,,67154,34771,,,
2023-09-13,111038.0,Supa Dam,W F Rivers Basin,W F Rivers Basin,Kalinadi,13-09-2023 12:09:00,53.18,1789.24,147.53,77.28,145.329,,2569.444,3599.537,,,67376,35082,,,
2023-09-14,111039.0,Supa Dam,W F Rivers Basin,W F Rivers Basin,Kalinadi,14-09-2023 12:09:00,53.31,1789.47,147.53,77.478,145.329,,1898.148,2928.241,,,67540,35336,,,
2023-09-15,111040.0,Supa Dam,W F Rivers Basin,W F Rivers Basin,Kalinadi,15-09-2023 12:09:00,53.29,1789.437,147.53,77.449,145.329,,1724.537,2071.759,,,67689,35514,,,
2023-09-16,111041.0,Supa Dam,W F Rivers Basin,W F Rivers Basin,Kalinadi,16-09-2023 12:09:00,53.29,1789.437,147.53,77.449,145.329,,2222.222,2222.222,,,67881,35707,,,
2023-09-17,111042.0,Supa Dam,W F Rivers Basin,W F Rivers Basin,Kalinadi,17-09-2023 12:09:00,53.44,1789.666,147.53,77.658,145.329,,3483.796,1064.815,,,68182,35799,,,
2023-09-18,111043.0,Supa Dam,W F Rivers Basin,W F Rivers Basin,Kalinadi,18-09-2023 12:09:00,53.5,1789.765,147.53,77.753,145.329,,3009.259,1967.593,,,68442,35969,,,
2023-09-19,111044.0,Supa Dam,W F Rivers Basin,W F Rivers Basin,Kalinadi,19-09-2023 12:09:00,53.57,1789.863,147.53,77.848,145.329,,3379.63,2349.537,,,68734,36172,,,
2023-09-20,111045.0,Supa Dam,W F Rivers Basin,W F Rivers Basin,Kalinadi,20-09-2023 12:09:00,53.46,1789.699,147.53,77.689,145.329,,3171.296,4895.833,,,69008,36594,,,
2023-09-21,111046.0,Supa Dam,W F Rivers Basin,W F Rivers Basin,Kalinadi,21-09-2023 12:09:00,53.33,1789.502,147.53,77.506,145.329,,2916.667,4988.426,,,69259,37025,,,
2023-09-22,111047.0,Supa Dam,W F Rivers Basin,W F Rivers Basin,Kalinadi,22-09-2023 12:09:00,53.18,1789.24,147.53,77.28,145.329,,2476.852,5231.481,,,69474,37478,,,
2023-09-23,111048.0,Supa Dam,W F Rivers Basin,W F Rivers Basin,Kalinadi,23-09-2023 12:09:00,53.11,1789.142,147.53,77.184,145.329,,3298.611,4328.704,,,69759,37852,,,
2023-09-24,111049.0,Supa Dam,W F Rivers Basin,W F Rivers Basin,Kalinadi,24-09-2023 12:09:00,53.07,1789.076,147.53,77.121,145.329,,2037.037,2731.481,,,69935,38087,,,
2023-09-25,111050.0,Supa Dam,W F Rivers Basin,W F Rivers Basin,Kalinadi,25-09-2023 12:09:00,52.96,1788.912,147.53,76.962,145.329,,3078.704,4791.667,,,70200,38501,,,
2023-09-26,111051.0,Supa Dam,W F Rivers Basin,W F Rivers Basin,Kalinadi,26-09-2023 12:09:00,52.92,1788.846,147.53,76.906,145.329,,2337.963,3020.833,,,70402,38762,,,
2023-09-27,111052.0,Supa Dam,W F Rivers Basin,W F Rivers Basin,Kalinadi,27-09-2023 12:09:00,52.96,1788.912,147.53,76.962,145.329,,3796.296,3113.426,,,70730,39031,,,
2023-09-28,111053.0,Supa Dam,W F Rivers Basin,W F Rivers Basin,Kalinadi,28-09-2023 12:09:00,52.94,1788.879,147.53,76.934,145.329,,3159.722,3506.944,,,71003,39334,,,
2023-09-29,111054.0,Supa Dam,W F Rivers Basin,W F Rivers Basin,Kalinadi,29-09-2023 12:09:00,53.09,1789.109,147.53,77.153,145.329,,4398.148,1990.741,,,71383,39506,,,
2023-09-30,111055.0,Supa Dam,W F Rivers Basin,W F Rivers Basin,Kalinadi,30-09-2023 12:09:00,53.78,1790.224,147.53,78.163,145.329,,13622.685,1875,,,72559,39668,,,
2023-10-01,111056.0,Supa Dam,W F Rivers Basin,W F Rivers Basin,Kalinadi,01-10-2023 12:10:00,54.51,1791.372,147.53,79.222,145.329,,12222.222,,,,73615,39668,,,
2023-10-02,111057.0,Supa Dam,W F Rivers Basin,W F Rivers Basin,Kalinadi,02-10-2023 12:10:00,54.94,1792.028,147.53,79.84,145.329,,7037.037,,,,74224,39668,,,
2023-10-03,111058.0,Supa Dam,W F Rivers Basin,W F Rivers Basin,Kalinadi,03-10-2023 12:10:00,55,1792.126,147.53,79.935,145.329,,4236.111,3171.296,,,74589,39942,,,
2023-10-04,111059.0,Supa Dam,W F Rivers Basin,W F Rivers Basin,Kalinadi,04-10-2023 12:10:00,54.92,1791.995,147.53,79.808,145.329,,3888.889,5300.926,,,74925,40400,,,
2023-10-05,111060.0,Supa Dam,W F Rivers Basin,W F Rivers Basin,Kalinadi,05-10-2023 12:10:00,55,1792.126,147.53,79.935,145.329,,3530.093,2118.056,,,75230,40583,,,
2023-10-06,111061.0,Supa Dam,W F Rivers Basin,W F Rivers Basin,Kalinadi,06-10-2023 12:10:00,54.85,1791.897,147.53,79.713,145.329,,2546.296,5011.574,,,75450,41016,,,
2023-10-07,111062.0,Supa Dam,W F Rivers Basin,W F Rivers Basin,Kalinadi,07-10-2023 12:10:00,54.7,1791.667,147.53,79.49,145.329,,1759.259,5370.37,,,75601,41480,,,
2023-10-08,111063.0,Supa Dam,W F Rivers Basin,W F Rivers Basin,Kalinadi,08-10-2023 12:10:00,54.57,1791.47,147.53,79.307,145.329,,3263.889,5381.944,,,75884,41944,,,
2023-10-09,111064.0,Supa Dam,W F Rivers Basin,W F Rivers Basin,Kalinadi,09-10-2023 12:10:00,54.37,1791.142,147.53,79.017,145.329,,1875,5381.944,,,76046,42409,,,
2023-10-10,111065.0,Supa Dam,W F Rivers Basin,W F Rivers Basin,Kalinadi,10-10-2023 12:10:00,54.14,1790.782,147.53,78.678,145.329,,1018.519,4861.111,,,76134,42830,,,
2023-10-11,111066.0,Supa Dam,W F Rivers Basin,W F Rivers Basin,Kalinadi,11-10-2023 12:10:00,53.89,1790.388,147.53,78.322,145.329,,1238.426,5416.667,,,76241,43298,,,
2023-10-12,111067.0,Supa Dam,W F Rivers Basin,W F Rivers Basin,Kalinadi,12-10-2023 12:10:00,53.69,1790.06,147.53,78.021,145.329,,1863.426,5335.648,,,76402,43760,,,
2023-10-13,111068.0,Supa Dam,W F Rivers Basin,W F Rivers Basin,Kalinadi,13-10-2023 12:10:00,53.48,1789.732,147.53,77.721,145.329,,1736.111,5208.333,,,76553,44209,,,
2023-10-14,111069.0,Supa Dam,W F Rivers Basin,W F Rivers Basin,Kalinadi,14-10-2023 12:10:00,53.23,1789.338,147.53,77.365,145.329,,1180.556,5324.074,,,76655,44669,,,
2023-10-15,111070.0,Supa Dam,W F Rivers Basin,W F Rivers Basin,Kalinadi,15-10-2023 12:10:00,53.07,1789.076,147.53,77.121,145.329,,1516.204,4953.704,,,76786,45097,,,
2023-10-16,111071.0,Supa Dam,W F Rivers Basin,W F Rivers Basin,Kalinadi,16-10-2023 12:10:00,52.86,1788.748,147.53,76.821,145.329,,1250,3993.056,,,76894,45442,,,
2023-10-17,111072.0,Supa Dam,W F Rivers Basin,W F Rivers Basin,Kalinadi,17-10-2023 12:10:00,52.76,1788.584,147.53,76.68,145.329,,1006.944,2719.907,,,76981,45677,,,
2023-10-18,111073.0,Supa Dam,W F Rivers Basin,W F Rivers Basin,Kalinadi,18-10-2023 12:10:00,52.57,1788.256,147.53,76.397,145.329,,949.074,4363.426,,,77063,46054,,,
2023-10-19,111074.0,Supa Dam,W F Rivers Basin,W F Rivers Basin,Kalinadi,19-10-2023 12:10:00,52.35,1787.928,147.53,76.079,145.329,,1018.519,4421.296,,,77150,46436,,,
2023-10-20,111075.0,Supa Dam,W F Rivers Basin,W F Rivers Basin,Kalinadi,20-10-2023 12:10:00,52.25,1787.764,147.53,75.938,145.329,,972.222,2673.611,,,77235,46667,,,
2023-10-21,111076.0,Supa Dam,W F Rivers Basin,W F Rivers Basin,Kalinadi,21-10-2023 12:10:00,52.17,1787.633,147.53,75.825,145.329,,844.907,2199.074,,,77308,46857,,,
2023-10-22,111077.0,Supa Dam,W F Rivers Basin,W F Rivers Basin,Kalinadi,22-10-2023 12:10:00,52.06,1787.436,147.53,75.655,145.329,,381.944,2407.407,,,77341,47066,,,
2023-10-23,111078.0,Supa Dam,W F Rivers Basin,W F Rivers Basin,Kalinadi,23-10-2023 12:10:00,51.96,1787.272,147.53,75.514,145.329,,219.907,1238.426,,,77360,47173,,,
2023-10-24,111079.0,Supa Dam,W F Rivers Basin,W F Rivers Basin,Kalinadi,24-10-2023 12:10:00,51.96,1787.272,147.53,75.514,145.329,,,543.981,,,77360,47220,,,
2023-10-25,111080.0,Supa Dam,W F Rivers Basin,W F Rivers Basin,Kalinadi,25-10-2023 12:10:00,51.98,1787.305,147.53,75.542,145.329,,740.741,405.093,,,77424,47254,,,
2023-10-26,111081.0,Supa Dam,W F Rivers Basin,W F Rivers Basin,Kalinadi,26-10-2023 12:10:00,51.98,1787.305,147.53,75.542,145.329,,879.63,879.63,,,77499,47330,,,
2023-10-27,111082.0,Supa Dam,W F Rivers Basin,W F Rivers Basin,Kalinadi,27-10-2023 12:10:00,51.92,1787.206,147.53,75.458,145.329,,1180.556,2187.5,,,77601,47519,,,
2023-10-28,111083.0,Supa Dam,W F Rivers Basin,W F Rivers Basin,Kalinadi,28-10-2023 12:10:00,51.74,1786.911,147.53,75.2,145.329,,914.352,3958.333,,,77680,47861,,,
2023-10-29,111084.0,Supa Dam,W F Rivers Basin,W F Rivers Basin,Kalinadi,29-10-2023 12:10:00,51.7,1786.846,147.53,75.136,145.329,,625,1296.296,,,77734,47972,,,
2023-10-30,111085.0,Supa Dam,W F Rivers Basin,W F Rivers Basin,Kalinadi,30-10-2023 12:10:00,51.16,1785.96,147.53,74.35,145.329,,775.463,3125,,,77801,48242,,,
2023-10-31,111086.0,Supa Dam,W F Rivers Basin,W F Rivers Basin,Kalinadi,31-10-2023 12:10:00,51.35,1786.288,147.53,74.631,145.329,,856.481,3541.667,,,77874,48548,,,
2023-11-01,111087.0,Supa Dam,W F Rivers Basin,W F Rivers Basin,Kalinadi,01-11-2023 12:11:00,51.39,1786.354,147.53,74.688,145.329,,335.648,335.648,,,77904,48577,,,
2023-11-02,111088.0,Supa Dam,W F Rivers Basin,W F Rivers Basin,Kalinadi,02-11-2023 12:11:00,51.33,1786.255,147.53,74.603,145.329,,486.111,1481.481,,,77945,48706,,,
2023-11-03,111089.0,Supa Dam,W F Rivers Basin,W F Rivers Basin,Kalinadi,03-11-2023 12:11:00,51.28,1786.157,147.53,74.522,145.329,,520.833,1527.778,,,77991,48838,,,
2023-11-04,111090.0,Supa Dam,W F Rivers Basin,W F Rivers Basin,Kalinadi,04-11-2023 12:11:00,51.24,1786.091,147.53,74.464,145.329,,717.593,1388.889,,,78053,48958,,,
2023-11-05,111091.0,Supa Dam,W F Rivers Basin,W F Rivers Basin,Kalinadi,05-11-2023 12:11:00,51.26,1786.124,147.53,74.493,145.329,,335.648,,,,78082,48958,,,
2023-11-06,111092.0,Supa Dam,W F Rivers Basin,W F Rivers Basin,Kalinadi,06-11-2023 12:11:00,51.24,1786.091,147.53,74.464,145.329,,185.185,520.833,,,78098,49003,,,
2023-11-07,111093.0,Supa Dam,W F Rivers Basin,W F Rivers Basin,Kalinadi,07-11-2023 12:11:00,51.22,1786.058,147.53,74.436,145.329,,335.648,671.296,,,78127,49061,,,
2023-11-08,111094.0,Supa Dam,W F Rivers Basin,W F Rivers Basin,Kalinadi,08-11-2023 12:11:00,51.28,1786.157,147.53,74.522,145.329,,1134.259,138.889,,,78226,49073,,,
2023-11-09,111095.0,Supa Dam,W F Rivers Basin,W F Rivers Basin,Kalinadi,09-11-2023 12:11:00,51.31,1786.222,147.53,74.575,145.329,,671.296,,,,78284,49073,,,
2023-11-10,111096.0,Supa Dam,W F Rivers Basin,W F Rivers Basin,Kalinadi,10-11-2023 12:11:00,51.31,1786.222,147.53,74.575,145.329,,428.241,428.241,,,78320,49110,,,
2023-11-11,111097.0,Supa Dam,W F Rivers Basin,W F Rivers Basin,Kalinadi,11-11-2023 12:11:00,51.33,1786.255,147.53,74.603,145.329,,358.796,23.148,,,78351,49112,,,
2023-11-12,111098.0,Supa Dam,W F Rivers Basin,W F Rivers Basin,Kalinadi,12-11-2023 12:11:00,51.33,1786.255,147.53,74.603,145.329,,509.259,509.259,,,78396,49156,,,
2023-11-13,111099.0,Supa Dam,W F Rivers Basin,W F Rivers Basin,Kalinadi,13-11-2023 12:11:00,51.35,1786.288,147.53,74.631,145.329,,381.944,46.296,,,78428,49160,,,
2023-11-14,111100.0,Supa Dam,W F Rivers Basin,W F Rivers Basin,Kalinadi,14-11-2023 12:11:00,51.35,1786.288,147.53,74.631,145.329,,312.5,312.5,,,78455,49187,,,
2023-11-15,111101.0,Supa Dam,W F Rivers Basin,W F Rivers Basin,Kalinadi,15-11-2023 12:11:00,51.35,1786.288,147.53,74.631,145.329,,405.093,729.167,,,78490,49250,,,
2023-11-16,111102.0,Supa Dam,W F Rivers Basin,W F Rivers Basin,Kalinadi,16-11-2023 12:11:00,51.26,1786.124,147.53,74.493,145.329,,219.907,891.204,,,78509,49327,,,
2023-11-17,111103.0,Supa Dam,W F Rivers Basin,W F Rivers Basin,Kalinadi,17-11-2023 12:11:00,51.28,1786.157,147.53,74.522,145.329,,243.056,578.704,,,78530,49377,,,
2023-11-18,111104.0,Supa Dam,W F Rivers Basin,W F Rivers Basin,Kalinadi,18-11-2023 12:11:00,51.22,1786.058,147.53,74.436,145.329,,219.907,1226.852,,,78549,49483,,,
2023-11-19,111105.0,Supa Dam,W F Rivers Basin,W F Rivers Basin,Kalinadi,19-11-2023 12:11:00,51.24,1786.091,147.53,74.464,145.329,,335.648,,,,78578,49483,,,
2023-11-20,111106.0,Supa Dam,W F Rivers Basin,W F Rivers Basin,Kalinadi,20-11-2023 12:11:00,51.22,1786.058,147.53,74.436,145.329,,439.815,775.463,,,78616,49550,,,
2023-11-21,111107.0,Supa Dam,W F Rivers Basin,W F Rivers Basin,Kalinadi,21-11-2023 12:11:00,51.16,1785.96,147.53,74.35,145.329,,173.611,1168.981,,,78630,49651,,,
2023-11-22,111108.0,Supa Dam,W F Rivers Basin,W F Rivers Basin,Kalinadi,22-11-2023 12:11:00,51.06,1785.796,147.53,74.206,145.329,,104.167,1770.833,,,78639,49804,,,
2023-11-23,111109.0,Supa Dam,W F Rivers Basin,W F Rivers Basin,Kalinadi,23-11-2023 12:11:00,50.96,1785.632,147.53,74.064,145.329,,358.796,2025.463,,,78670,49979,,,
2023-11-24,111110.0,Supa Dam,W F Rivers Basin,W F Rivers Basin,Kalinadi,24-11-2023 12:11:00,50.87,1785.468,147.53,73.924,145.329,,231.481,1886.574,,,78690,50142,,,
2023-11-25,111111.0,Supa Dam,W F Rivers Basin,W F Rivers Basin,Kalinadi,25-11-2023 12:11:00,50.83,1785.402,147.53,73.868,145.329,,312.5,972.222,,,78717,50226,,,
2023-11-26,111112.0,Supa Dam,W F Rivers Basin,W F Rivers Basin,Kalinadi,26-11-2023 12:11:00,50.83,1785.402,147.53,73.868,145.329,,254.63,254.63,,,78739,50249,,,
2023-11-27,111113.0,Supa Dam,W F Rivers Basin,W F Rivers Basin,Kalinadi,27-11-2023 12:11:00,50.83,1785.402,147.53,73.868,145.329,,289.352,289.352,,,78764,50274,,,
2023-11-28,111114.0,Supa Dam,W F Rivers Basin,W F Rivers Basin,Kalinadi,28-11-2023 12:11:00,50.83,1785.402,147.53,73.868,145.329,,,,,,78764,50274,,,
2023-11-29,111115.0,Supa Dam,W F Rivers Basin,W F Rivers Basin,Kalinadi,29-11-2023 12:11:00,50.83,1785.402,147.53,73.868,145.329,,173.611,173.611,,,78779,50289,,,
2023-11-30,111116.0,Supa Dam,W F Rivers Basin,W F Rivers Basin,Kalinadi,30-11-2023 12:11:00,50.81,1785.37,147.53,73.84,145.329,,34.722,370.37,,,78783,50321,,,
2023-12-01,111117.0,Supa Dam,W F Rivers Basin,W F Rivers Basin,Kalinadi,01-12-2023 12:12:00,50.81,1785.37,147.53,73.84,145.329,,,,,,78783,50321,,,
2023-12-02,111118.0,Supa Dam,W F Rivers Basin,W F Rivers Basin,Kalinadi,02-12-2023 12:12:00,50.77,1785.304,147.53,73.784,145.329,,,,,,78783,50321,,,
2023-12-03,111119.0,Supa Dam,W F Rivers Basin,W F Rivers Basin,Kalinadi,03-12-2023 12:12:00,50.79,1785.337,147.53,73.812,145.329,,,162.037,,,78783,50336,,,
2023-12-04,111120.0,Supa Dam,W F Rivers Basin,W F Rivers Basin,Kalinadi,04-12-2023 12:12:00,50.73,1785.238,147.53,73.727,145.329,,,671.296,,,78783,50394,,,
2023-12-05,111121.0,Supa Dam,W F Rivers Basin,W F Rivers Basin,Kalinadi,05-12-2023 12:12:00,50.61,1785.042,147.53,73.558,145.329,,289.352,2280.093,,,78808,50591,,,
2023-12-06,111122.0,Supa Dam,W F Rivers Basin,W F Rivers Basin,Kalinadi,06-12-2023 12:12:00,50.58,1784.976,147.53,73.501,145.329,,266.204,925.926,,,78831,50671,,,
2023-12-07,111123.0,Supa Dam,W F Rivers Basin,W F Rivers Basin,Kalinadi,07-12-2023 12:12:00,50.47,1784.812,147.53,73.342,145.329,,208.333,1863.426,,,78848,50832,,,
2023-12-08,111124.0,Supa Dam,W F Rivers Basin,W F Rivers Basin,Kalinadi,08-12-2023 12:12:00,50.38,1784.681,147.53,73.215,145.329,,277.778,1597.222,,,78873,50970,,,
2023-12-09,111125.0,Supa Dam,W F Rivers Basin,W F Rivers Basin,Kalinadi,09-12-2023 12:12:00,50.36,1784.648,147.53,73.183,145.329,,173.611,509.259,,,78888,51014,,,
2023-12-10,111126.0,Supa Dam,W F Rivers Basin,W F Rivers Basin,Kalinadi,10-12-2023 12:12:00,50.34,1784.615,147.53,73.155,145.329,,46.296,4363.426,,,78892,51391,,,
2023-12-11,111127.0,Supa Dam,W F Rivers Basin,W F Rivers Basin,Kalinadi,11-12-2023 12:12:00,50.32,1784.582,147.53,73.127,145.329,,,266.204,,,78892,51414,,,
2023-12-12,111128.0,Supa Dam,W F Rivers Basin,W F Rivers Basin,Kalinadi,12-12-2023 12:12:00,50.28,1784.517,147.53,73.07,145.329,,92.593,752.315,,,78900,51479,,,
2023-12-13,111129.0,Supa Dam,W F Rivers Basin,W F Rivers Basin,Kalinadi,13-12-2023 12:12:00,50.22,1784.418,147.53,72.986,145.329,,219.907,1215.278,,,78919,51584,,,
2023-12-14,111130.0,Supa Dam,W F Rivers Basin,W F Rivers Basin,Kalinadi,14-12-2023 12:12:00,50.16,1784.32,147.53,72.901,145.329,,,856.481,,,78919,51658,,,
2023-12-15,111131.0,Supa Dam,W F Rivers Basin,W F Rivers Basin,Kalinadi,15-12-2023 12:12:00,50.07,1784.156,147.53,72.76,145.329,,92.593,1736.111,,,78928,51809,,,
2023-12-16,111132.0,Supa Dam,W F Rivers Basin,W F Rivers Basin,Kalinadi,16-12-2023 12:12:00,49.93,1783.926,147.53,72.562,145.329,,,2256.944,,,78928,52004,,,
2023-12-17,111133.0,Supa Dam,W F Rivers Basin,W F Rivers Basin,Kalinadi,17-12-2023 12:12:00,49.89,1783.861,147.53,72.505,145.329,,150.463,810.185,,,78941,52074,,,
2023-12-18,111134.0,Supa Dam,W F Rivers Basin,W F Rivers Basin,Kalinadi,18-12-2023 12:12:00,49.83,1783.762,147.53,72.421,145.329,,104.167,1087.963,,,78950,52168,,,
2023-12-19,111135.0,Supa Dam,W F Rivers Basin,W F Rivers Basin,Kalinadi,19-12-2023 12:12:00,49.79,1783.697,147.53,72.364,145.329,,,567.13,,,78950,52216,,,
2023-12-20,111136.0,Supa Dam,W F Rivers Basin,W F Rivers Basin,Kalinadi,20-12-2023 12:12:00,49.72,1783.598,147.53,72.259,145.329,,104.167,1076.389,,,78958,52310,,,
2023-12-21,111137.0,Supa Dam,W F Rivers Basin,W F Rivers Basin,Kalinadi,21-12-2023 12:12:00,49.66,1783.467,147.53,72.166,145.329,,,1168.981,,,78958,52411,,,
2023-12-22,111138.0,Supa Dam,W F Rivers Basin,W F Rivers Basin,Kalinadi,22-12-2023 12:12:00,49.48,1783.172,147.53,71.912,145.329,,69.444,2997.685,,,78964,52670,,,
2023-12-23,111139.0,Supa Dam,W F Rivers Basin,W F Rivers Basin,Kalinadi,23-12-2023 12:12:00,49.35,1782.942,147.53,71.722,145.329,,57.87,2326.389,,,78969,52871,,,
2023-12-24,111140.0,Supa Dam,W F Rivers Basin,W F Rivers Basin,Kalinadi,24-12-2023 12:12:00,49.35,1782.942,147.53,71.722,145.329,,,,,,78969,52871,,,
2023-12-25,111141.0,Supa Dam,W F Rivers Basin,W F Rivers Basin,Kalinadi,25-12-2023 12:12:00,49.3,1782.844,147.53,71.647,145.329,,196.759,1493.056,,,78986,53000,,,
2023-12-26,111142.0,Supa Dam,W F Rivers Basin,W F Rivers Basin,Kalinadi,26-12-2023 12:12:00,49.2,1782.647,147.53,71.496,145.329,,57.87,1678.241,,,78991,53145,,,
2023-12-27,111143.0,Supa Dam,W F Rivers Basin,W F Rivers Basin,Kalinadi,27-12-2023 12:12:00,49.16,1782.582,147.53,71.439,145.329,,,613.426,,,78991,53199,,,
2023-12-28,111144.0,Supa Dam,W F Rivers Basin,W F Rivers Basin,Kalinadi,28-12-2023 12:12:00,49.08,1782.45,147.53,71.326,145.329,,,1284.722,,,78991,53310,,,
2023-12-29,111145.0,Supa Dam,W F Rivers Basin,W F Rivers Basin,Kalinadi,29-12-2023 12:12:00,48.92,1782.188,147.53,71.1,145.329,,69.444,2326.389,,,78997,53511,,,
2023-12-30,111146.0,Supa Dam,W F Rivers Basin,W F Rivers Basin,Kalinadi,30-12-2023 12:12:00,48.75,1781.893,147.53,70.846,145.329,,34.722,3252.315,,,79000,53792,,,
2023-12-31,111147.0,Supa Dam,W F Rivers Basin,W F Rivers Basin,Kalinadi,31-12-2023 12:12:00,48.57,1781.598,147.53,70.591,145.329,,254.63,3136.574,,,79021,54064,,,
2024-01-01,111148.0,Supa Dam,W F Rivers Basin,W F Rivers Basin,Kalinadi,01-01-2024 12:01:00,48.36,1781.237,147.53,70.281,145.329,,115.741,1712.963,,,79048,54395,,,
2024-01-02,111149.0,Supa Dam,W F Rivers Basin,W F Rivers Basin,Kalinadi,02-01-2024 12:01:00,48.28,1781.106,147.53,70.168,145.329,,300.926,1574.074,,,79074,54531,,,
2024-01-03,111150.0,Supa Dam,W F Rivers Basin,W F Rivers Basin,Kalinadi,03-01-2024 12:01:00,48.15,1780.876,147.53,69.97,145.329,,451.389,2685.185,,,79113,54763,,,
2024-01-04,111151.0,Supa Dam,W F Rivers Basin,W F Rivers Basin,Kalinadi,04-01-2024 12:01:00,47.98,1780.581,147.53,69.73,145.329,,266.204,3125,,,79136,55033,,,
2024-01-05,111152.0,Supa Dam,W F Rivers Basin,W F Rivers Basin,Kalinadi,05-01-2024 12:01:00,47.88,1780.384,147.53,69.582,145.329,,289.352,2199.074,,,79162,55223,,,
2024-01-06,111153.0,Supa Dam,W F Rivers Basin,W F Rivers Basin,Kalinadi,06-01-2024 12:01:00,47.88,1780.384,147.53,69.582,145.329,,231.481,231.481,,,79182,55244,,,
2024-01-07,111154.0,Supa Dam,W F Rivers Basin,W F Rivers Basin,Kalinadi,07-01-2024 12:01:00,47.74,1780.154,147.53,69.384,145.329,,92.593,2314.815,,,79190,55443,,,
2024-01-08,111155.0,Supa Dam,W F Rivers Basin,W F Rivers Basin,Kalinadi,08-01-2024 12:01:00,47.63,1779.958,147.53,69.214,145.329,,3564.815,2199.074,,,79498,55634,,,
2024-01-09,111156.0,Supa Dam,W F Rivers Basin,W F Rivers Basin,Kalinadi,09-01-2024 12:01:00,47.49,1779.728,147.53,69.017,145.329,,277.778,2488.426,,,79522,55849,,,
2024-01-10,111157.0,Supa Dam,W F Rivers Basin,W F Rivers Basin,Kalinadi,10-01-2024 12:01:00,47.37,1779.531,147.53,68.847,145.329,,231.481,2118.056,,,79542,56031,,,
2024-01-11,111158.0,Supa Dam,W F Rivers Basin,W F Rivers Basin,Kalinadi,11-01-2024 12:01:00,47.3,1779.4,147.53,68.734,145.329,,300.926,1550.926,,,79568,56166,,,
2024-01-12,111159.0,Supa Dam,W F Rivers Basin,W F Rivers Basin,Kalinadi,12-01-2024 12:01:00,47.07,1778.974,147.53,68.402,145.329,,208.333,4282.407,,,79585,56535,,,
2024-01-13,111160.0,Supa Dam,W F Rivers Basin,W F Rivers Basin,Kalinadi,13-01-2024 12:01:00,46.91,1778.711,147.53,68.176,145.329,,289.352,2789.352,,,79611,56777,,,
2024-01-14,111161.0,Supa Dam,W F Rivers Basin,W F Rivers Basin,Kalinadi,14-01-2024 12:01:00,46.87,1778.646,147.53,68.12,145.329,,69.444,694.444,,,79617,56837,,,
2024-01-15,111162.0,Supa Dam,W F Rivers Basin,W F Rivers Basin,Kalinadi,15-01-2024 12:01:00,46.85,1778.613,147.53,68.091,145.329,,115.741,428.241,,,79627,56874,,,
2024-01-16,111163.0,Supa Dam,W F Rivers Basin,W F Rivers Basin,Kalinadi,16-01-2024 12:01:00,46.74,1778.416,147.53,67.922,145.329,,57.87,1307.87,,,79632,56986,,,
2024-01-17,111164.0,Supa Dam,W F Rivers Basin,W F Rivers Basin,Kalinadi,17-01-2024 12:01:00,46.65,1778.252,147.53,67.798,145.329,,196.759,2372.685,,,79649,57192,,,
2024-01-18,111165.0,Supa Dam,W F Rivers Basin,W F Rivers Basin,Kalinadi,18-01-2024 12:01:00,46.53,1778.022,147.53,67.617,145.329,,104.167,2280.093,,,79658,57389,,,
2024-01-19,111166.0,Supa Dam,W F Rivers Basin,W F Rivers Basin,Kalinadi,19-01-2024 12:01:00,46.37,1777.76,147.53,67.392,145.329,,127.315,2604.167,,,79669,57614,,,
2024-01-20,111167.0,Supa Dam,W F Rivers Basin,W F Rivers Basin,Kalinadi,20-01-2024 12:01:00,46.29,1777.596,147.53,67.268,145.329,,,1446.759,,,79669,57739,,,
2024-01-21,111168.0,Supa Dam,W F Rivers Basin,W F Rivers Basin,Kalinadi,21-01-2024 12:01:00,46.09,1777.235,147.53,66.975,145.329,,23.148,3425.926,,,79671,58035,,,
2024-01-22,111169.0,Supa Dam,W F Rivers Basin,W F Rivers Basin,Kalinadi,22-01-2024 12:01:00,45.91,1776.907,147.53,66.714,145.329,,46.296,3125,,,79675,58304,,,
2024-01-23,111170.0,Supa Dam,W F Rivers Basin,W F Rivers Basin,Kalinadi,23-01-2024 12:01:00,45.68,1776.514,147.53,66.389,145.329,,46.296,3726.852,,,79679,58626,,,
2024-01-24,111171.0,Supa Dam,W F Rivers Basin,W F Rivers Basin,Kalinadi,24-01-2024 12:01:00,45.54,1776.251,147.53,66.184,145.329,,231.481,2685.185,,,79699,58858,,,
2024-01-25,111172.0,Supa Dam,W F Rivers Basin,W F Rivers Basin,Kalinadi,25-01-2024 12:01:00,45.47,1776.12,147.53,66.085,145.329,,,891.204,,,79699,58935,,,
2024-01-26,111173.0,Supa Dam,W F Rivers Basin,W F Rivers Basin,Kalinadi,26-01-2024 12:01:00,45.43,1776.054,147.53,66.029,145.329,,,891.204,,,79699,59012,,,
2024-01-27,111174.0,Supa Dam,W F Rivers Basin,W F Rivers Basin,Kalinadi,27-01-2024 12:01:00,45.43,1776.054,147.53,66.029,145.329,,185.185,185.185,,,79715,59028,,,
2024-01-28,111175.0,Supa Dam,W F Rivers Basin,W F Rivers Basin,Kalinadi,28-01-2024 12:01:00,45.28,1775.792,147.53,65.803,145.329,,,2349.537,,,79715,59231,,,
2024-01-29,111176.0,Supa Dam,W F Rivers Basin,W F Rivers Basin,Kalinadi,29-01-2024 12:01:00,45.16,1775.562,147.53,65.63,145.329,,104.167,2222.222,,,79724,59423,,,
2024-01-30,111177.0,Supa Dam,W F Rivers Basin,W F Rivers Basin,Kalinadi,30-01-2024 12:01:00,45.05,1775.366,147.53,65.471,145.329,,,1689.815,,,79724,59569,,,
2024-01-31,111178.0,Supa Dam,W F Rivers Basin,W F Rivers Basin,Kalinadi,31-01-2024 12:01:00,44.83,1774.972,147.53,65.15,145.329,,185.185,3819.444,,,79740,59900,,,
2024-02-01,111179.0,Supa Dam,W F Rivers Basin,W F Rivers Basin,Kalinadi,01-02-2024 12:02:00,44.57,1774.48,147.53,64.779,145.329,,,4479.167,,,79740,60287,,,
2024-02-02,111180.0,Supa Dam,W F Rivers Basin,W F Rivers Basin,Kalinadi,02-02-2024 12:02:00,44.24,1773.89,147.53,64.299,145.329,,,5474.537,,,79740,60760,,,
2024-02-03,111181.0,Supa Dam,W F Rivers Basin,W F Rivers Basin,Kalinadi,03-02-2024 12:02:00,44.12,1773.66,147.53,64.126,145.329,,173.611,2268.519,,,79754,60956,,,
2024-02-04,111182.0,Supa Dam,W F Rivers Basin,W F Rivers Basin,Kalinadi,04-02-2024 12:02:00,43.9,1773.266,147.53,63.804,145.329,,138.889,3738.426,,,79766,61279,,,
2024-02-05,111183.0,Supa Dam,W F Rivers Basin,W F Rivers Basin,Kalinadi,05-02-2024 12:02:00,43.67,1772.84,147.53,63.472,145.329,,69.444,3958.333,,,79772,61621,,,
2024-02-06,111184.0,Supa Dam,W F Rivers Basin,W F Rivers Basin,Kalinadi,06-02-2024 12:02:00,43.49,1772.479,147.53,63.197,145.329,,219.907,3506.944,,,79792,61924,,,
2024-02-07,111185.0,Supa Dam,W F Rivers Basin,W F Rivers Basin,Kalinadi,07-02-2024 12:02:00,43.28,1772.118,147.53,62.893,145.329,,115.741,3391.204,,,79802,62217,,,
2024-02-08,111186.0,Supa Dam,W F Rivers Basin,W F Rivers Basin,Kalinadi,08-02-2024 12:02:00,43.06,1771.692,147.53,62.572,145.329,,312.5,48310.185,,,79830,66391,,,
2024-02-09,111187.0,Supa Dam,W F Rivers Basin,W F Rivers Basin,Kalinadi,09-02-2024 12:02:00,42.89,1771.364,147.53,62.325,145.329,,335.648,2997.685,,,79858,66650,,,
2024-02-10,111188.0,Supa Dam,W F Rivers Basin,W F Rivers Basin,Kalinadi,10-02-2024 12:02:00,42.8,1771.2,147.53,62.201,145.329,,219.907,1701.389,,,79877,66796,,,
2024-02-11,111189.0,Supa Dam,W F Rivers Basin,W F Rivers Basin,Kalinadi,11-02-2024 12:02:00,42.7,1771.036,147.53,62.06,145.329,,127.315,2199.074,,,79888,66986,,,
2024-02-12,111190.0,Supa Dam,W F Rivers Basin,W F Rivers Basin,Kalinadi,12-02-2024 12:02:00,42.59,1770.839,147.53,61.894,145.329,,127.315,1597.222,,,79899,67124,,,
2024-02-13,111191.0,Supa Dam,W F Rivers Basin,W F Rivers Basin,Kalinadi,13-02-2024 12:02:00,42.45,1770.577,147.53,61.696,145.329,,277.778,2638.889,,,79922,67352,,,
2024-02-14,111192.0,Supa Dam,W F Rivers Basin,W F Rivers Basin,Kalinadi,14-02-2024 12:02:00,42.31,1770.314,147.53,61.493,145.329,,173.611,2534.722,,,79938,67571,,,
2024-02-15,111193.0,Supa Dam,W F Rivers Basin,W F Rivers Basin,Kalinadi,15-02-2024 12:02:00,42.21,1770.118,147.53,61.35,145.329,,138.889,1909.722,,,79950,67736,,,
2024-02-16,111194.0,Supa Dam,W F Rivers Basin,W F Rivers Basin,Kalinadi,16-02-2024 12:02:00,42.06,1769.822,147.53,61.12,145.329,,289.352,2939.815,,,79975,67989,,,
2024-02-17,111195.0,Supa Dam,W F Rivers Basin,W F Rivers Basin,Kalinadi,17-02-2024 12:02:00,41.98,1769.691,147.53,61.007,145.329,,115.741,1296.296,,,79985,68101,,,
2024-02-18,111196.0,Supa Dam,W F Rivers Basin,W F Rivers Basin,Kalinadi,18-02-2024 12:02:00,41.82,1769.396,147.53,60.771,145.329,,324.074,3263.889,,,80014,68383,,,
2024-02-19,111197.0,Supa Dam,W F Rivers Basin,W F Rivers Basin,Kalinadi,19-02-2024 12:02:00,41.56,1768.904,147.53,60.4,145.329,,300.926,4108.796,,,80039,68737,,,
2024-02-20,111198.0,Supa Dam,W F Rivers Basin,W F Rivers Basin,Kalinadi,20-02-2024 12:02:00,41.39,1768.576,147.53,60.153,145.329,,185.185,3402.778,,,80055,69031,,,
2024-02-21,111199.0,Supa Dam,W F Rivers Basin,W F Rivers Basin,Kalinadi,21-02-2024 12:02:00,41.25,1768.314,147.53,59.955,145.329,,219.907,2546.296,,,80074,69252,,,
2024-02-22,111200.0,Supa Dam,W F Rivers Basin,W F Rivers Basin,Kalinadi,22-02-2024 12:02:00,40.98,1767.789,147.53,59.56,145.329,,289.352,4953.704,,,80099,69680,,,
2024-02-23,111201.0,Supa Dam,W F Rivers Basin,W F Rivers Basin,Kalinadi,23-02-2024 12:02:00,40.71,1767.297,147.53,59.157,145.329,,138.889,4502.315,,,80111,70069,,,
2024-02-24,111202.0,Supa Dam,W F Rivers Basin,W F Rivers Basin,Kalinadi,24-02-2024 12:02:00,40.52,1766.936,147.53,58.882,145.329,,358.796,3842.593,,,80142,70401,,,
2024-02-25,111203.0,Supa Dam,W F Rivers Basin,W F Rivers Basin,Kalinadi,25-02-2024 12:02:00,40.43,1766.772,147.53,58.758,145.329,,300.926,2048.611,,,80168,70578,,,
2024-02-26,111204.0,Supa Dam,W F Rivers Basin,W F Rivers Basin,Kalinadi,26-02-2024 12:02:00,40.23,1766.378,147.53,58.461,145.329,,277.778,3182.87,,,80193,70853,,,
2024-02-27,111205.0,Supa Dam,W F Rivers Basin,W F Rivers Basin,Kalinadi,27-02-2024 12:02:00,40.01,1765.952,147.53,58.14,145.329,,266.204,3449.074,,,80215,71150,,,
2024-02-28,111206.0,Supa Dam,W F Rivers Basin,W F Rivers Basin,Kalinadi,28-02-2024 12:02:00,39.92,1765.788,147.53,58.016,145.329,,231.481,1956.019,,,80235,71320,,,
2024-02-29,,,,,,,,1765.6895,,,,,,,,,,,,,0.0
2024-03-01,111207.0,Supa Dam,W F Rivers Basin,W F Rivers Basin,Kalinadi,01-03-2024 12:03:00,39.82,1765.591,147.53,57.868,145.329,,150.463,2164.352,,,80248,71507,,,
2024-03-02,111208.0,Supa Dam,W F Rivers Basin,W F Rivers Basin,Kalinadi,02-03-2024 12:03:00,39.67,1765.296,147.53,57.646,145.329,,173.611,2766.204,,,80263,71746,,,
2024-03-03,111209.0,Supa Dam,W F Rivers Basin,W F Rivers Basin,Kalinadi,03-03-2024 12:03:00,39.53,1765.034,147.53,57.448,145.329,,127.315,2430.556,,,80274,71956,,,
2024-03-04,111210.0,Supa Dam,W F Rivers Basin,W F Rivers Basin,Kalinadi,04-03-2024 12:03:00,39.33,1764.64,147.53,57.151,145.329,,138.889,3599.537,,,80286,72267,,,
2024-03-05,111211.0,Supa Dam,W F Rivers Basin,W F Rivers Basin,Kalinadi,05-03-2024 12:03:00,39.09,1764.181,147.53,56.805,145.329,,358.796,4375,,,80316,72645,,,
2024-03-06,111212.0,Supa Dam,W F Rivers Basin,W F Rivers Basin,Kalinadi,06-03-2024 12:03:00,38.47,1763,147.53,55.915,145.329,,162.037,4745.37,,,80330,73055,,,
2024-03-07,111213.0,Supa Dam,W F Rivers Basin,W F Rivers Basin,Kalinadi,07-03-2024 12:03:00,38.53,1763.098,147.53,55.989,145.329,,266.204,5138.889,,,80354,73499,,,
2024-03-08,111214.0,Supa Dam,W F Rivers Basin,W F Rivers Basin,Kalinadi,08-03-2024 12:03:00,38.37,1762.803,147.53,55.767,145.329,,347.222,2916.667,,,80384,73751,,,
2024-03-09,111215.0,Supa Dam,W F Rivers Basin,W F Rivers Basin,Kalinadi,09-03-2024 12:03:00,38.15,1762.377,147.53,55.446,145.329,,104.167,2916.667,,,80393,74003,,,
2024-03-10,111216.0,Supa Dam,W F Rivers Basin,W F Rivers Basin,Kalinadi,10-03-2024 12:03:00,37.96,1762.016,147.53,55.174,145.329,,81.019,3587.963,,,80400,74313,,,
2024-03-11,111217.0,Supa Dam,W F Rivers Basin,W F Rivers Basin,Kalinadi,11-03-2024 12:03:00,37.68,1761.458,147.53,54.753,145.329,,254.63,5092.593,,,80422,74753,,,
2024-03-12,111218.0,Supa Dam,W F Rivers Basin,W F Rivers Basin,Kalinadi,12-03-2024 12:03:00,37.45,1761.032,147.53,54.432,145.329,,578.704,3761.574,,,80472,75078,,,
2024-03-13,111219.0,Supa Dam,W F Rivers Basin,W F Rivers Basin,Kalinadi,13-03-2024 12:03:00,37.2,1760.54,147.53,54.061,145.329,,104.167,4351.852,,,80481,75454,,,
2024-03-14,111220.0,Supa Dam,W F Rivers Basin,W F Rivers Basin,Kalinadi,14-03-2024 12:03:00,36.94,1760.048,147.53,53.69,145.329,,173.611,4143.519,,,80496,75812,,,
2024-03-15,111221.0,Supa Dam,W F Rivers Basin,W F Rivers Basin,Kalinadi,15-03-2024 12:03:00,36.77,1759.72,147.53,53.443,145.329,,138.889,3252.315,,,80508,76094,,,
2024-03-16,111222.0,Supa Dam,W F Rivers Basin,W F Rivers Basin,Kalinadi,16-03-2024 12:03:00,36.6,1759.392,147.53,53.196,145.329,,46.296,2870.37,,,80512,76342,,,
2024-03-17,111223.0,Supa Dam,W F Rivers Basin,W F Rivers Basin,Kalinadi,17-03-2024 12:03:00,36.57,1759.326,147.53,53.147,145.329,,81.019,648.148,,,80519,76397,,,
2024-03-18,111224.0,Supa Dam,W F Rivers Basin,W F Rivers Basin,Kalinadi,18-03-2024 12:03:00,36.47,1759.13,147.53,52.998,145.329,,185.185,1875,,,80534,76559,,,
2024-03-19,111225.0,Supa Dam,W F Rivers Basin,W F Rivers Basin,Kalinadi,19-03-2024 12:03:00,36.4,1758.998,147.53,52.907,145.329,,104.167,1226.852,,,80543,76665,,,
2024-03-20,111226.0,Supa Dam,W F Rivers Basin,W F Rivers Basin,Kalinadi,20-03-2024 12:03:00,36.36,1758.9,147.53,52.843,145.329,,173.611,1018.519,,,80558,76754,,,
2024-03-21,111227.0,Supa Dam,W F Rivers Basin,W F Rivers Basin,Kalinadi,21-03-2024 12:03:00,36.29,1758.736,147.53,52.737,145.329,,92.593,2071.759,,,80566,76932,,,
2024-03-22,111228.0,Supa Dam,W F Rivers Basin,W F Rivers Basin,Kalinadi,22-03-2024 12:03:00,36.03,1758.244,147.53,52.366,145.329,,115.741,3784.722,,,80576,77259,,,
2024-03-23,111229.0,Supa Dam,W F Rivers Basin,W F Rivers Basin,Kalinadi,23-03-2024 12:03:00,35.93,1758.047,147.53,52.218,145.329,,289.352,1967.593,,,80601,77429,,,
2024-03-24,111230.0,Supa Dam,W F Rivers Basin,W F Rivers Basin,Kalinadi,24-03-2024 12:03:00,35.79,1757.785,147.53,52.02,145.329,,81.019,26967.593,,,80608,79759,,,
2024-03-25,111231.0,Supa Dam,W F Rivers Basin,W F Rivers Basin,Kalinadi,25-03-2024 12:03:00,35.68,1757.555,147.53,51.847,145.329,,,1967.593,,,80608,79930,,,
2024-03-26,111232.0,Supa Dam,W F Rivers Basin,W F Rivers Basin,Kalinadi,26-03-2024 12:03:00,35.44,1757.096,147.53,51.501,145.329,,92.593,4016.204,,,80616,80276,,,
2024-03-27,111233.0,Supa Dam,W F Rivers Basin,W F Rivers Basin,Kalinadi,27-03-2024 12:03:00,35.18,1756.604,147.53,51.13,145.329,,34.722,4236.111,,,80620,80643,,,
2024-03-28,111234.0,Supa Dam,W F Rivers Basin,W F Rivers Basin,Kalinadi,28-03-2024 12:03:00,34.92,1756.046,147.53,50.745,145.329,,46.296,4803.241,,,80624,81057,,,
2024-03-29,111235.0,Supa Dam,W F Rivers Basin,W F Rivers Basin,Kalinadi,29-03-2024 12:03:00,34.61,1755.456,147.53,50.3,145.329,,34.722,58530.093,,,80627,86114,,,
2024-03-30,111236.0,Supa Dam,W F Rivers Basin,W F Rivers Basin,Kalinadi,30-03-2024 12:03:00,34.42,1755.095,147.53,50.028,145.329,,46.296,3101.852,,,80631,86383,,,
2024-03-31,111237.0,Supa Dam,W F Rivers Basin,W F Rivers Basin,Kalinadi,31-03-2024 12:03:00,34.21,1754.669,147.53,49.721,145.329,,266.204,3877.315,,,80654,86718,,,
2024-04-01,111238.0,Supa Dam,W F Rivers Basin,W F Rivers Basin,Kalinadi,01-04-2024 12:04:00,33.94,1754.111,147.53,49.322,145.329,,254.63,4965.278,,,80676,87147,,,
2024-04-02,111239.0,Supa Dam,W F Rivers Basin,W F Rivers Basin,Kalinadi,02-04-2024 12:04:00,33.62,1753.488,147.53,48.853,145.329,,104.167,,,,80685,87147,,,
2024-04-03,111240.0,Supa Dam,W F Rivers Basin,W F Rivers Basin,Kalinadi,03-04-2024 12:04:00,33.37,1752.963,147.53,48.492,145.329,,219.907,4884.259,,,80704,87569,,,
2024-04-04,111241.0,Supa Dam,W F Rivers Basin,W F Rivers Basin,Kalinadi,04-04-2024 12:04:00,33.09,1752.406,147.53,48.083,145.329,,335.648,4965.278,,,80733,87998,,,
2024-04-05,111242.0,Supa Dam,W F Rivers Basin,W F Rivers Basin,Kalinadi,05-04-2024 12:04:00,32.76,1751.75,147.53,47.613,145.329,,69.444,5497.685,,,80739,88472,,,
2024-04-06,111243.0,Supa Dam,W F Rivers Basin,W F Rivers Basin,Kalinadi,06-04-2024 12:04:00,32.41,1751.028,147.53,47.105,145.329,,208.333,6134.259,,,80757,89003,,,
2024-04-07,111244.0,Supa Dam,W F Rivers Basin,W F Rivers Basin,Kalinadi,07-04-2024 12:04:00,32.11,1750.405,147.53,46.67,145.329,,46.296,5138.889,,,80761,89446,,,
2024-04-08,111245.0,Supa Dam,W F Rivers Basin,W F Rivers Basin,Kalinadi,08-04-2024 12:04:00,31.85,1749.847,147.53,46.285,145.329,,266.204,4791.667,,,80784,89861,,,
2024-04-09,111246.0,Supa Dam,W F Rivers Basin,W F Rivers Basin,Kalinadi,09-04-2024 12:04:00,31.67,1749.486,147.53,46.02,145.329,,173.611,3090.278,,,80798,90128,,,
2024-04-10,111247.0,Supa Dam,W F Rivers Basin,W F Rivers Basin,Kalinadi,10-04-2024 12:04:00,31.46,1749.06,147.53,45.727,145.329,,81.019,2986.111,,,80805,90386,,,
2024-04-11,111248.0,Supa Dam,W F Rivers Basin,W F Rivers Basin,Kalinadi,11-04-2024 12:04:00,31.31,1748.732,147.53,45.498,145.329,,92.593,3252.315,,,80813,90668,,,
2024-04-12,111249.0,Supa Dam,W F Rivers Basin,W F Rivers Basin,Kalinadi,12-04-2024 12:04:00,31.15,1748.404,147.53,45.268,145.329,,127.315,2754.63,,,80824,90906,,,
2024-04-13,111250.0,Supa Dam,W F Rivers Basin,W F Rivers Basin,Kalinadi,13-04-2024 12:04:00,30.99,1748.076,147.53,45.039,145.329,,57.87,2673.611,,,80829,91137,,,
2024-04-14,111251.0,Supa Dam,W F Rivers Basin,W F Rivers Basin,Kalinadi,14-04-2024 12:04:00,30.83,1747.748,147.53,44.809,145.329,,,1817.13,,,80829,91294,,,
2024-04-15,111252.0,Supa Dam,W F Rivers Basin,W F Rivers Basin,Kalinadi,15-04-2024 12:04:00,30.68,1747.42,147.53,44.58,145.329,,,2615.741,,,80829,91520,,,
2024-04-16,111253.0,Supa Dam,W F Rivers Basin,W F Rivers Basin,Kalinadi,16-04-2024 12:04:00,30.37,1746.764,147.53,44.138,145.329,,11.574,4942.13,,,80829,91947,,,
2024-04-17,111254.0,Supa Dam,W F Rivers Basin,W F Rivers Basin,Kalinadi,17-04-2024 12:04:00,30.13,1746.239,147.53,43.782,145.329,,138.889,4270.833,,,80841,92316,,,
2024-04-18,111255.0,Supa Dam,W F Rivers Basin,W F Rivers Basin,Kalinadi,18-04-2024 12:04:00,29.99,1745.944,147.53,43.591,145.329,,,2233.796,,,80841,92509,,,
2024-04-19,111256.0,Supa Dam,W F Rivers Basin,W F Rivers Basin,Kalinadi,19-04-2024 12:04:00,29.76,1745.452,147.53,43.255,145.329,,,3101.852,,,80841,92777,,,
2024-04-20,111257.0,Supa Dam,W F Rivers Basin,W F Rivers Basin,Kalinadi,20-04-2024 12:04:00,29.68,1745.288,147.53,43.132,145.329,,,1053.241,,,80841,92868,,,
2024-04-21,111258.0,Supa Dam,W F Rivers Basin,W F Rivers Basin,Kalinadi,21-04-2024 12:04:00,29.63,1745.19,147.53,43.068,145.329,,,659.722,,,80841,92924,,,
2024-04-22,111259.0,Supa Dam,W F Rivers Basin,W F Rivers Basin,Kalinadi,22-04-2024 12:04:00,29.5,1744.894,147.53,42.878,145.329,,,1990.741,,,80841,93096,,,
2024-04-23,111260.0,Supa Dam,W F Rivers Basin,W F Rivers Basin,Kalinadi,23-04-2024 12:04:00,29.31,1744.468,147.53,42.602,145.329,,,2951.389,,,80841,93351,,,
2024-04-24,111261.0,Supa Dam,W F Rivers Basin,W F Rivers Basin,Kalinadi,24-04-2024 12:04:00,29.01,1743.812,147.53,42.161,145.329,,243.056,4791.667,,,80863,93765,,,
2024-04-25,,,,,,,,1711.8082631578943,,,,,,,,,,,,,0.3
2024-04-26,,,,,,,,1679.8045263157894,,,,,,,,,,,,,0.2
2024-04-27,,,,,,,,1647.800789473684,,,,,,,,,,,,,0.0
2024-04-28,,,,,,,,1615.797052631579,,,,,,,,,,,,,0.0
2024-04-29,,,,,,,,1583.7933157894736,,,,,,,,,,,,,0.0
2024-04-30,,,,,,,,1551.7895789473682,,,,,,,,,,,,,0.2
2024-05-01,,,,,,,,1519.785842105263,,,,,,,,,,,,,0.0
2024-05-02,,,,,,,,1487.7821052631575,,,,,,,,,,,,,0.0
2024-05-03,,,,,,,,1455.7783684210526,,,,,,,,,,,,,0.0
2024-05-04,,,,,,,,1423.7746315789473,,,,,,,,,,,,,0.0
2024-05-05,,,,,,,,1391.770894736842,,,,,,,,,,,,,0.0
2024-05-06,,,,,,,,1359.7671578947368,,,,,,,,,,,,,0.0
2024-05-07,,,,,,,,1327.7634210526314,,,,,,,,,,,,,0.0
2024-05-08,,,,,,,,1295.7596842105263,,,,,,,,,,,,,0.0
2024-05-09,,,,,,,,1263.755947368421,,,,,,,,,,,,,0.0
2024-05-10,,,,,,,,1231.7522105263156,,,,,,,,,,,,,0.6
2024-05-11,,,,,,,,1199.7484736842105,,,,,,,,,,,,,18.5
2024-05-12,,,,,,,,1167.744736842105,,,,,,,,,,,,,2.0
2024-05-13,,,,,,,,1135.741,,,,,,,,,,,,,0.0
2024-05-14,,,,,,,,1103.7372631578946,,,,,,,,,,,,,3.8
2024-05-15,,,,,,,,1071.7335263157893,,,,,,,,,,,,,0.1
2024-05-16,,,,,,,,1039.729789473684,,,,,,,,,,,,,1.1
2024-05-17,,,,,,,,1007.7260526315788,,,,,,,,,,,,,3.3
2024-05-18,,,,,,,,975.7223157894736,,,,,,,,,,,,,4.0
2024-05-19,,,,,,,,943.7185789473684,,,,,,,,,,,,,2.5
2024-05-20,,,,,,,,911.7148421052632,,,,,,,,,,,,,18.8
2024-05-21,,,,,,,,879.7111052631578,,,,,,,,,,,,,8.6
2024-05-22,,,,,,,,847.7073684210526,,,,,,,,,,,,,0.1
2024-05-23,,,,,,,,815.7036315789474,,,,,,,,,,,,,4.0
2024-05-24,,,,,,,,783.699894736842,,,,,,,,,,,,,3.2
2024-05-25,,,,,,,,751.6961578947368,,,,,,,,,,,,,0.4
2024-05-26,,,,,,,,719.6924210526315,,,,,,,,,,,,,0.5
2024-05-27,,,,,,,,687.6886842105262,,,,,,,,,,,,,0.2
2024-05-28,,,,,,,,655.684947368421,,,,,,,,,,,,,0.1
2024-05-29,,,,,,,,623.6812105263157,,,,,,,,,,,,,0.0
2024-05-30,,,,,,,,591.6774736842106,,,,,,,,,,,,,0.0
2024-05-31,,,,,,,,559.6737368421052,,,,,,,,,,,,,0.5
2024-06-01,111262.0,Supa Dam,W F Rivers Basin,W F Rivers Basin,Kalinadi,01-06-2024 12:06:00,23.37,527.67,147.53,33.957,145.329,,,3680.556,,,3,683,,,
2024-06-02,111263.0,Supa Dam,W F Rivers Basin,W F Rivers Basin,Kalinadi,02-06-2024 12:06:00,23.2,527.55,147.53,33.721,145.329,,289.352,2476.852,,,28,898,,,
2024-06-03,111264.0,Supa Dam,W F Rivers Basin,W F Rivers Basin,Kalinadi,03-06-2024 12:06:00,23,527.4,147.53,33.421,145.329,,138.889,4398.148,,,39,1277,,,
2024-06-04,111265.0,Supa Dam,W F Rivers Basin,W F Rivers Basin,Kalinadi,04-06-2024 12:06:00,22.76,527.22,147.53,33.083,145.329,,578.704,4143.519,,,89,1635,,,
2024-06-05,111266.0,Supa Dam,W F Rivers Basin,W F Rivers Basin,Kalinadi,05-06-2024 12:06:00,22.59,527.09,147.53,32.833,145.329,,486.111,3368.056,,,131,1926,,,
2024-06-06,111267.0,Supa Dam,W F Rivers Basin,W F Rivers Basin,Kalinadi,06-06-2024 12:06:00,22.48,527.01,147.53,32.677,145.329,,162.037,1932.87,,,145,2093,,,
2024-06-07,111268.0,Supa Dam,W F Rivers Basin,W F Rivers Basin,Kalinadi,07-06-2024 12:06:00,22.37,526.92,147.53,32.508,145.329,,474.537,2465.278,,,186,2306,,,
2024-06-08,111269.0,Supa Dam,W F Rivers Basin,W F Rivers Basin,Kalinadi,08-06-2024 12:06:00,22.37,526.92,147.53,32.508,145.329,,277.778,277.778,,,210,2330,,,
2024-06-09,111270.0,Supa Dam,W F Rivers Basin,W F Rivers Basin,Kalinadi,09-06-2024 12:06:00,22.41,526.95,147.53,32.564,145.329,,821.759,1215.278,,,281,2435,,,
2024-06-10,111271.0,Supa Dam,W F Rivers Basin,W F Rivers Basin,Kalinadi,10-06-2024 12:06:00,22.26,526.84,147.53,32.356,145.329,,462.963,2442.13,,,321,2646,,,
2024-06-11,111272.0,Supa Dam,W F Rivers Basin,W F Rivers Basin,Kalinadi,11-06-2024 12:06:00,22.17,526.77,147.53,32.223,145.329,,706.019,2245.37,,,382,2840,,,
2024-06-12,111273.0,Supa Dam,W F Rivers Basin,W F Rivers Basin,Kalinadi,12-06-2024 12:06:00,22.05,526.68,147.53,32.052,145.329,,775.463,2743.056,,,450,3077,,,
2024-06-13,111274.0,Supa Dam,W F Rivers Basin,W F Rivers Basin,Kalinadi,13-06-2024 12:06:00,21.9,526.56,147.53,31.827,145.329,,486.111,3101.852,,,492,3345,,,
2024-06-14,111275.0,Supa Dam,W F Rivers Basin,W F Rivers Basin,Kalinadi,14-06-2024 12:06:00,21.76,526.45,147.53,31.621,145.329,,648.148,3032.407,,,548,3608,,,
2024-06-15,111276.0,Supa Dam,W F Rivers Basin,W F Rivers Basin,Kalinadi,15-06-2024 12:06:00,21.57,526.3,147.53,31.341,145.329,,462.963,3703.704,,,588,3928,,,
2024-06-16,111277.0,Supa Dam,W F Rivers Basin,W F Rivers Basin,Kalinadi,16-06-2024 12:06:00,21.35,526.13,147.53,31.025,145.329,,960.648,4618.056,,,671,4326,,,
2024-06-17,111278.0,Supa Dam,W F Rivers Basin,W F Rivers Basin,Kalinadi,17-06-2024 12:06:00,21.17,525.99,147.53,30.764,145.329,,1875,4872.685,,,833,4747,,,
2024-06-18,111279.0,Supa Dam,W F Rivers Basin,W F Rivers Basin,Kalinadi,18-06-2024 12:06:00,21.05,1724.952,147.53,30.599,,,2129.63,4039.352,,,1016,5096,,,
2024-06-19,111280.0,Supa Dam,W F Rivers Basin,W F Rivers Basin,Kalinadi,19-06-2024 12:06:00,20.9,1724.558,147.53,30.379,,,1921.296,4467.593,,,1183,5482,,,
2024-06-20,111281.0,Supa Dam,W F Rivers Basin,W F Rivers Basin,Kalinadi,20-06-2024 12:06:00,20.8,1724.296,147.53,30.235,,,2442.13,4131.944,,,1393,5839,,,
2024-06-21,111282.0,Supa Dam,W F Rivers Basin,W F Rivers Basin,Kalinadi,21-06-2024 12:06:00,20.93,1724.624,147.53,30.415,,,4166.667,2048.611,,,1754,6017,,,
2024-06-22,111283.0,Supa Dam,W F Rivers Basin,W F Rivers Basin,Kalinadi,22-06-2024 12:06:00,20.87,1724.46,147.53,30.325,,,2569.444,3622.685,,,1975,6330,,,
2024-06-23,111284.0,Supa Dam,W F Rivers Basin,W F Rivers Basin,Kalinadi,23-06-2024 12:06:00,20.88,1724.493,147.53,30.343,,,1990.741,1770.833,,,2147,6483,,,
2024-06-24,111285.0,Supa Dam,W F Rivers Basin,W F Rivers Basin,Kalinadi,24-06-2024 12:06:00,20.84,1724.394,147.53,30.289,,,3657.407,4293.981,,,2463,6854,,,
2024-06-25,111286.0,Supa Dam,W F Rivers Basin,W F Rivers Basin,Kalinadi,25-06-2024 12:06:00,20.88,1724.493,147.53,30.343,,,3032.407,2395.833,,,2725,7061,,,
2024-06-26,111287.0,Supa Dam,W F Rivers Basin,W F Rivers Basin,Kalinadi,26-06-2024 12:06:00,20.84,1724.394,147.53,30.289,,,2835.648,3472.222,,,2969,7361,,,
2024-06-27,111288.0,Supa Dam,W F Rivers Basin,W F Rivers Basin,Kalinadi,27-06-2024 12:06:00,20.9,1724.558,147.53,30.379,,,2905.093,1851.852,,,3220,7520,,,
2024-06-28,111289.0,Supa Dam,W F Rivers Basin,W F Rivers Basin,Kalinadi,28-06-2024 12:06:00,20.93,1724.624,147.53,30.415,,,3194.444,2777.778,,,3497,7760,,,
2024-06-29,111290.0,Supa Dam,W F Rivers Basin,W F Rivers Basin,Kalinadi,29-06-2024 12:06:00,20.99,1724.788,147.53,30.507,,,5092.593,4039.352,,,3937,8109,,,
2024-06-30,111291.0,Supa Dam,W F Rivers Basin,W F Rivers Basin,Kalinadi,30-06-2024 12:06:00,21.05,1724.952,147.53,30.599,,,5810.185,4745.37,,,4439,8518,,,
2024-07-01,111292.0,Supa Dam,W F Rivers Basin,W F Rivers Basin,Kalinadi,01-07-2024 12:07:00,21.5,1726.1,147.53,31.247,,,8449.074,960.648,,,5169,8602,,,
2024-07-02,111293.0,Supa Dam,W F Rivers Basin,W F Rivers Basin,Kalinadi,02-07-2024 12:07:00,22.34,1728.232,147.53,32.471,,,15625,1481.481,,,6519,8730,,,
2024-07-03,111294.0,Supa Dam,W F Rivers Basin,W F Rivers Basin,Kalinadi,03-07-2024 12:07:00,23.8,1731.84,147.53,34.586,,,26365.741,1712.963,,,8797,8879,,,
2024-07-04,111295.0,Supa Dam,W F Rivers Basin,W F Rivers Basin,Kalinadi,04-07-2024 12:07:00,25.26,1735.284,147.53,36.705,,,25682.87,1365.741,,,11015,8997,,,
2024-07-05,111296.0,Supa Dam,W F Rivers Basin,W F Rivers Basin,Kalinadi,05-07-2024 12:07:00,26.59,1738.4,147.53,38.647,,,23391.204,2002.315,,,13037,9170,,,
2024-07-06,111297.0,Supa Dam,W F Rivers Basin,W F Rivers Basin,Kalinadi,06-07-2024 12:07:00,28.27,1742.172,147.53,41.084,,,28599.537,497.685,,,15508,9213,,,
2024-07-07,111298.0,Supa Dam,W F Rivers Basin,W F Rivers Basin,Kalinadi,07-07-2024 12:07:00,29.99,1745.944,147.53,43.591,,,29537.037,,,,18060,9213,,,
2024-07-08,111299.0,Supa Dam,W F Rivers Basin,W F Rivers Basin,Kalinadi,08-07-2024 12:07:00,31.06,1748.24,147.53,45.145,,,19687.5,2048.611,,,19761,9390,,,
2024-07-09,111300.0,Supa Dam,W F Rivers Basin,W F Rivers Basin,Kalinadi,09-07-2024 12:07:00,31.7,1749.552,147.53,46.063,,145329,12604.167,2060.185,,,20850,9567,,,
2024-07-10,111301.0,Supa Dam,W F Rivers Basin,W F Rivers Basin,Kalinadi,10-07-2024 12:07:00,32.05,1750.274,147.53,46.571,,145329,8379.63,2523.148,,,21574,9785,,,
2024-07-11,111302.0,Supa Dam,W F Rivers Basin,W F Rivers Basin,Kalinadi,11-07-2024 12:07:00,32.33,1750.864,147.53,46.981,,145329,7094.907,2280.093,,,22187,9982,,,
2024-07-12,111303.0,Supa Dam,W F Rivers Basin,W F Rivers Basin,Kalinadi,12-07-2024 12:07:00,32.9,1752.012,147.53,47.811,,145329,11805.556,2372.685,,,23207,10187,,,
2024-07-13,111304.0,Supa Dam,W F Rivers Basin,W F Rivers Basin,Kalinadi,13-07-2024 12:07:00,33.96,1754.144,147.53,49.347,,145329,19363.426,1574.074,,,24880,10323,,,
2024-07-14,111305.0,Supa Dam,W F Rivers Basin,W F Rivers Basin,Kalinadi,14-07-2024 12:07:00,36.36,1758.9,147.53,52.843,,145329,40613.426,69.444,,,28389,10329,,,
2024-07-15,111306.0,Supa Dam,W F Rivers Basin,W F Rivers Basin,Kalinadi,15-07-2024 12:07:00,38.05,1762.18,147.53,55.298,,145329,28564.815,,,,30857,10329,,,
2024-07-16,111307.0,Supa Dam,W F Rivers Basin,W F Rivers Basin,Kalinadi,16-07-2024 12:07:00,39.33,1764.64,147.53,57.151,,145329,24143.519,,,,32944,10329,,,
2024-07-17,111308.0,Supa Dam,W F Rivers Basin,W F Rivers Basin,Kalinadi,17-07-2024 12:07:00,41.48,1768.74,147.53,60.276,,145329,33356.481,,,,35826,10329,,,
2024-07-18,111309.0,Supa Dam,W F Rivers Basin,W F Rivers Basin,Kalinadi,18-07-2024 12:07:00,44.29,1773.988,147.53,64.373,145.329,,47384.259,,,,39920,10329,,,
2024-07-19,111310.0,Supa Dam,W F Rivers Basin,W F Rivers Basin,Kalinadi,19-07-2024 12:07:00,46.74,1778.416,147.53,67.922,145.329,,41273.148,,,,43487,10329,,,
2024-07-20,111311.0,Supa Dam,W F Rivers Basin,W F Rivers Basin,Kalinadi,20-07-2024 12:07:00,48.63,1781.696,147.53,70.676,145.329,,31597.222,,,,46217,10329,,,
2024-07-21,111312.0,Supa Dam,W F Rivers Basin,W F Rivers Basin,Kalinadi,21-07-2024 12:07:00,50.58,1784.976,147.53,73.501,145.329,,32592.593,,,,49033,10329,,,
2024-07-22,111313.0,Supa Dam,W F Rivers Basin,W F Rivers Basin,Kalinadi,22-07-2024 12:07:00,52.67,1788.42,147.53,76.538,145.329,,35300.926,,,,52083,10329,,,
2024-07-23,111314.0,Supa Dam,W F Rivers Basin,W F Rivers Basin,Kalinadi,23-07-2024 12:07:00,55.18,1792.422,147.53,80.197,145.329,,42453.704,,,,55751,10329,,,
2024-07-24,111315.0,Supa Dam,W F Rivers Basin,W F Rivers Basin,Kalinadi,24-07-2024 12:07:00,57.66,1796.226,147.53,83.802,145.329,,41747.685,,,,59357,10329,,,
2024-07-25,111316.0,Supa Dam,W F Rivers Basin,W F Rivers Basin,Kalinadi,25-07-2024 12:07:00,59.79,1799.408,147.53,86.885,145.329,,35787.037,,,,62450,10329,,,
2024-07-26,111317.0,Supa Dam,W F Rivers Basin,W F Rivers Basin,Kalinadi,26-07-2024 12:07:00,63.07,1804.164,147.53,91.666,145.329,,55138.889,,,,67213,10329,,,
2024-07-27,111318.0,Supa Dam,W F Rivers Basin,W F Rivers Basin,Kalinadi,27-07-2024 12:07:00,65.17,1807.116,147.53,94.716,145.329,,35300.926,,,,70263,10329,,,
2024-07-28,111319.0,Supa Dam,W F Rivers Basin,W F Rivers Basin,Kalinadi,28-07-2024 12:07:00,66.49,1808.92,147.53,96.623,145.329,,25995.37,,,,72509,10329,,,
2024-07-29,111320.0,Supa Dam,W F Rivers Basin,W F Rivers Basin,Kalinadi,29-07-2024 12:07:00,68.9,1812.2,147.53,100.136,145.329,,36666.667,,,,75677,10329,,,
2024-07-30,111321.0,Supa Dam,W F Rivers Basin,W F Rivers Basin,Kalinadi,30-07-2024 12:07:00,71.62,1815.808,147.53,104.088,145.329,,45740.741,,,,79629,10329,,,
2024-07-31,111322.0,Supa Dam,W F Rivers Basin,W F Rivers Basin,Kalinadi,31-07-2024 12:07:00,74.15,1819.088,147.53,107.76,145.329,,42569.444,69.444,,,83307,10335,,,
2024-08-01,111323.0,Supa Dam,W F Rivers Basin,W F Rivers Basin,Kalinadi,01-08-2024 12:08:00,76.8,1822.466,147.53,111.613,145.329,,44618.056,,,,87162,10335,,,
2024-08-02,111324.0,Supa Dam,W F Rivers Basin,W F Rivers Basin,Kalinadi,02-08-2024 12:08:00,79,1825.222,147.53,114.803,145.329,,40462.963,3530.093,,,90659,10641,,,
2024-08-03,111325.0,Supa Dam,W F Rivers Basin,W F Rivers Basin,Kalinadi,03-08-2024 12:08:00,80.52,1827.124,147.53,117.024,145.329,,29583.333,4699.074,,,93214,11046,,,
2024-08-04,111326.0,Supa Dam,W F Rivers Basin,W F Rivers Basin,Kalinadi,04-08-2024 12:08:00,81.89,1828.797,147.53,119.003,145.329,,27164.352,3437.5,,,95561,11343,,,
2024-08-05,111327.0,Supa Dam,W F Rivers Basin,W F Rivers Basin,Kalinadi,05-08-2024 12:08:00,82.85,1829.978,147.53,120.4,145.329,,19895.833,3680.556,,,97281,11661,,,
2024-08-06,111328.0,Supa Dam,W F Rivers Basin,W F Rivers Basin,Kalinadi,06-08-2024 12:08:00,83.47,1830.732,147.53,121.3,145.329,,15069.444,4664.352,,,98582,12064,,,
2024-08-07,111329.0,Supa Dam,W F Rivers Basin,W F Rivers Basin,Kalinadi,07-08-2024 12:08:00,83.87,1831.224,147.53,121.89,145.329,,11435.185,4629.63,,,99570,12464,,,
2024-08-08,111330.0,Supa Dam,W F Rivers Basin,W F Rivers Basin,Kalinadi,08-08-2024 12:08:00,84.2,1831.618,147.53,122.362,145.329,,10081.019,4629.63,,,100441,12864,,,
2024-08-09,111331.0,Supa Dam,W F Rivers Basin,W F Rivers Basin,Kalinadi,09-08-2024 12:08:00,84.39,1831.847,147.53,122.638,145.329,,7094.907,3912.037,,,101054,13201,,,
2024-08-10,111332.0,Supa Dam,W F Rivers Basin,W F Rivers Basin,Kalinadi,10-08-2024 12:08:00,84.41,1831.88,147.53,122.677,145.329,,4432.87,4432.87,,,101437,13585,,,
2024-08-11,111333.0,Supa Dam,W F Rivers Basin,W F Rivers Basin,Kalinadi,11-08-2024 12:08:00,84.41,1831.88,147.53,122.677,145.329,,5092.593,4641.204,,,101877,13985,,,
2024-08-12,111334.0,Supa Dam,W F Rivers Basin,W F Rivers Basin,Kalinadi,12-08-2024 12:08:00,84.47,1831.946,147.53,122.756,145.329,,5185.185,4270.833,,,102325,14354,,,
2024-08-13,111335.0,Supa Dam,W F Rivers Basin,W F Rivers Basin,Kalinadi,13-08-2024 12:08:00,84.41,558.5,147.53,122.677,145.329,,4583.333,4583.333,,,102721,14751,,,
2024-08-14,111336.0,Supa Dam,W F Rivers Basin,W F Rivers Basin,Kalinadi,14-08-2024 12:08:00,84.41,558.5,147.53,122.677,145.329,,3634.259,4548.611,,,103035,15144,,,
2024-08-15,111337.0,Supa Dam,W F Rivers Basin,W F Rivers Basin,Kalinadi,15-08-2024 12:08:00,84.44,558.51,147.53,122.716,145.329,,2233.796,1782.407,,,103229,15298,,,
2024-08-16,111338.0,Supa Dam,W F Rivers Basin,W F Rivers Basin,Kalinadi,16-08-2024 12:08:00,84.44,558.51,147.53,122.716,145.329,,3252.315,3252.315,,,103509,15578,,,
2024-08-17,111339.0,Supa Dam,W F Rivers Basin,W F Rivers Basin,Kalinadi,17-08-2024 12:08:00,84.44,558.51,147.53,122.716,145.329,,3020.833,3020.833,,,103770,15839,,,
2024-08-18,111340.0,Supa Dam,W F Rivers Basin,W F Rivers Basin,Kalinadi,18-08-2024 12:08:00,84.41,558.5,147.53,122.677,145.329,,3657.407,4108.796,,,104086,16195,,,
2024-08-19,111341.0,Supa Dam,W F Rivers Basin,W F Rivers Basin,Kalinadi,19-08-2024 12:08:00,84.39,558.49,147.53,122.638,145.329,,3402.778,3854.167,,,104380,16528,,,
2024-08-20,111342.0,Supa Dam,W F Rivers Basin,W F Rivers Basin,Kalinadi,20-08-2024 12:08:00,84.31,558.46,147.53,122.52,145.329,,2870.37,4236.111,,,104628,16894,,,
2024-08-21,111343.0,Supa Dam,W F Rivers Basin,W F Rivers Basin,Kalinadi,21-08-2024 12:08:00,84.2,558.42,147.53,122.362,145.329,,2465.278,4166.667,,,104842,17254,,,
2024-08-22,111344.0,Supa Dam,W F Rivers Basin,W F Rivers Basin,Kalinadi,22-08-2024 12:08:00,84.14,558.4,147.53,122.284,145.329,,1631.944,1631.944,,,104982,17395,,,
2024-08-23,111345.0,Supa Dam,W F Rivers Basin,W F Rivers Basin,Kalinadi,23-08-2024 12:08:00,84.28,558.45,147.53,122.48,145.329,,2141.204,775.463,,,105167,17462,,,
2024-08-24,111346.0,Supa Dam,W F Rivers Basin,W F Rivers Basin,Kalinadi,24-08-2024 12:08:00,85.63,558.95,147.53,124.447,145.329,,25949.074,3125,,,107409,17732,,,
2024-08-25,111347.0,Supa Dam,W F Rivers Basin,W F Rivers Basin,Kalinadi,25-08-2024 12:08:00,86.78,559.37,147.53,126.122,145.329,,23854.167,4548.611,,,109470,18124,,,
2024-08-26,111348.0,Supa Dam,W F Rivers Basin,W F Rivers Basin,Kalinadi,26-08-2024 12:08:00,87.83,559.75,147.53,127.64,145.329,,22141.204,4560.185,,,111384,18518,,,
2024-08-27,111349.0,Supa Dam,W F Rivers Basin,W F Rivers Basin,Kalinadi,27-08-2024 12:08:00,88.71,560.07,147.53,128.922,145.329,,23263.889,8379.63,,,113394,19242,,,
2024-08-28,111350.0,Supa Dam,W F Rivers Basin,W F Rivers Basin,Kalinadi,28-08-2024 12:08:00,89.07,560.2,147.53,129.45,145.329,,17743.056,12141.204,,,114927,20290,,,
2024-08-29,111351.0,Supa Dam,W F Rivers Basin,W F Rivers Basin,Kalinadi,29-08-2024 12:08:00,89.41,560.32,147.53,129.938,145.329,,14293.981,8206.019,,,116161,20999,,,
2024-08-30,111352.0,Supa Dam,W F Rivers Basin,W F Rivers Basin,Kalinadi,30-08-2024 12:08:00,89.77,560.45,147.53,130.465,145.329,,11458.333,4421.296,,,117151,21381,,,
2024-08-31,111353.0,Supa Dam,W F Rivers Basin,W F Rivers Basin,Kalinadi,31-08-2024 12:08:00,90.19,560.6,147.53,131.075,145.329,,10625,4513.889,,,118069,21771,,,
2024-09-01,111354.0,Supa Dam,W F Rivers Basin,W F Rivers Basin,Kalinadi,01-09-2024 12:09:00,90.53,560.72,147.53,131.562,145.329,,10162.037,4502.315,,,118947,22160,,,
2024-09-02,111355.0,Supa Dam,W F Rivers Basin,W F Rivers Basin,Kalinadi,02-09-2024 12:09:00,91.71,561.14,147.53,133.277,145.329,,24097.222,4212.963,,,121029,22524,,,
2024-09-03,111356.0,Supa Dam,W F Rivers Basin,W F Rivers Basin,Kalinadi,03-09-2024 12:09:00,92.82,561.53,147.53,134.888,145.329,,23078.704,4479.167,,,123024,22911,,,
2024-09-04,111357.0,Supa Dam,W F Rivers Basin,W F Rivers Basin,Kalinadi,04-09-2024 12:09:00,93.44,561.75,147.53,135.797,145.329,,14594.907,4050.926,,,124285,23261,,,
2024-09-05,111358.0,Supa Dam,W F Rivers Basin,W F Rivers Basin,Kalinadi,05-09-2024 12:09:00,94.04,561.96,147.53,136.665,145.329,,14513.889,4409.722,,,125539,23642,,,
2024-09-06,111359.0,Supa Dam,W F Rivers Basin,W F Rivers Basin,Kalinadi,06-09-2024 12:09:00,94.41,562.09,147.53,137.209,145.329,,10740.741,4467.593,,,126467,24028,,,
2024-09-07,111360.0,Supa Dam,W F Rivers Basin,W F Rivers Basin,Kalinadi,07-09-2024 12:09:00,94.88,562.25,147.53,137.882,145.329,,12187.5,4444.444,,,127520,24412,,,
2024-09-08,111361.0,Supa Dam,W F Rivers Basin,W F Rivers Basin,Kalinadi,08-09-2024 12:09:00,95.45,562.45,147.53,138.723,145.329,,14189.815,4479.167,,,128745,24799,,,
2024-09-09,111362.0,Supa Dam,W F Rivers Basin,W F Rivers Basin,Kalinadi,09-09-2024 12:09:00,95.95,562.62,147.53,139.438,145.329,,12708.333,4432.87,,,129844,25182,,,
2024-09-10,111363.0,Supa Dam,W F Rivers Basin,W F Rivers Basin,Kalinadi,10-09-2024 12:09:00,96.29,562.74,147.53,139.942,145.329,,10300.926,4444.444,,,130734,25566,,,
2024-09-11,111364.0,Supa Dam,W F Rivers Basin,W F Rivers Basin,Kalinadi,11-09-2024 12:09:00,96.55,562.83,147.53,140.321,145.329,,8854.167,4456.019,,,131499,25950,,,
2024-09-12,111365.0,Supa Dam,W F Rivers Basin,W F Rivers Basin,Kalinadi,12-09-2024 12:09:00,96.61,562.85,147.53,140.405,145.329,,5914.352,4444.444,,,132010,26334,,,
2024-09-13,111366.0,Supa Dam,W F Rivers Basin,W F Rivers Basin,Kalinadi,13-09-2024 12:09:00,96.64,562.86,147.53,140.447,145.329,,4444.444,4444.444,,,132394,26718,,,
2024-09-14,111367.0,Supa Dam,W F Rivers Basin,W F Rivers Basin,Kalinadi,14-09-2024 12:09:00,96.7,562.88,147.53,140.531,145.329,,4050.926,3067.13,,,132744,26983,,,
2024-09-15,111368.0,Supa Dam,W F Rivers Basin,W F Rivers Basin,Kalinadi,15-09-2024 12:09:00,96.67,562.87,147.53,140.489,145.329,,3171.296,3668.981,,,133018,27300,,,
2024-09-16,111369.0,Supa Dam,W F Rivers Basin,W F Rivers Basin,Kalinadi,16-09-2024 12:09:00,96.67,562.87,147.53,140.489,145.329,,4456.019,4456.019,,,133403,27685,,,
2024-09-17,111370.0,Supa Dam,W F Rivers Basin,W F Rivers Basin,Kalinadi,17-09-2024 12:09:00,96.61,562.85,147.53,140.405,145.329,,3460.648,4432.87,,,133702,28069,,,
2024-09-18,111371.0,Supa Dam,W F Rivers Basin,W F Rivers Basin,Kalinadi,18-09-2024 12:09:00,96.55,562.83,147.53,140.321,145.329,,3460.648,4444.444,,,134001,28452,,,
2024-09-19,111372.0,Supa Dam,W F Rivers Basin,W F Rivers Basin,Kalinadi,19-09-2024 12:09:00,96.5,562.81,147.53,140.237,145.329,,3460.648,4432.87,,,134299,28835,,,
2024-09-20,111373.0,Supa Dam,W F Rivers Basin,W F Rivers Basin,Kalinadi,20-09-2024 12:09:00,96.44,562.79,147.53,140.153,145.329,,3460.648,4444.444,,,134598,29219,,,
2024-09-21,111374.0,Supa Dam,W F Rivers Basin,W F Rivers Basin,Kalinadi,21-09-2024 12:09:00,96.32,562.75,147.53,139.985,145.329,,2430.556,4386.574,,,134809,29598,,,
2024-09-22,111375.0,Supa Dam,W F Rivers Basin,W F Rivers Basin,Kalinadi,22-09-2024 12:09:00,96.21,562.71,147.53,139.816,145.329,,2442.13,4444.444,,,135020,29982,,,
2024-09-23,111376.0,Supa Dam,W F Rivers Basin,W F Rivers Basin,Kalinadi,23-09-2024 12:09:00,95.6,562.5,147.53,138.933,145.329,,3912.037,4398.148,,,135358,30363,,,
2024-09-24,111377.0,Supa Dam,W F Rivers Basin,W F Rivers Basin,Kalinadi,24-09-2024 12:09:00,96.18,562.7,147.53,139.774,145.329,,4444.444,4444.444,,,135742,30747,,,
2024-09-25,111378.0,Supa Dam,W F Rivers Basin,W F Rivers Basin,Kalinadi,25-09-2024 12:09:00,96.24,562.72,147.53,139.858,145.329,,5416.667,4444.444,,,136211,31131,,,
2024-09-26,111379.0,Supa Dam,W F Rivers Basin,W F Rivers Basin,Kalinadi,26-09-2024 12:09:00,96.26,562.73,147.53,139.9,145.329,,4699.074,4212.963,,,136617,31494,,,
2024-09-27,111380.0,Supa Dam,W F Rivers Basin,W F Rivers Basin,Kalinadi,27-09-2024 12:09:00,96.38,562.77,147.53,140.069,145.329,,3622.685,1666.667,,,136929,31638,,,
2024-09-28,111381.0,Supa Dam,W F Rivers Basin,W F Rivers Basin,Kalinadi,28-09-2024 12:09:00,96.53,562.82,147.53,140.279,145.329,,4814.815,2361.111,,,137345,31842,,,
2024-09-29,111382.0,Supa Dam,W F Rivers Basin,W F Rivers Basin,Kalinadi,29-09-2024 12:09:00,96.53,562.82,147.53,140.279,145.329,,4421.296,4421.296,,,137727,32224,,,
2024-09-30,111383.0,Supa Dam,W F Rivers Basin,W F Rivers Basin,Kalinadi,30-09-2024 12:09:00,96.47,562.8,147.53,140.195,145.329,,3946.759,4432.87,,,138068,32607,,,
2024-10-01,111384.0,Supa Dam,W F Rivers Basin,W F Rivers Basin,Kalinadi,01-10-2024 12:10:00,96.41,562.78,147.53,140.111,145.329,,2997.685,4398.148,,,138326,32987,,,
2024-10-02,111385.0,Supa Dam,W F Rivers Basin,W F Rivers Basin,Kalinadi,02-10-2024 12:10:00,96.32,562.75,147.53,139.985,145.329,,2337.963,3807.87,,,138529,33316,,,
2024-10-03,111386.0,Supa Dam,W F Rivers Basin,W F Rivers Basin,Kalinadi,03-10-2024 12:10:00,96.21,562.71,147.53,139.816,145.329,,2476.852,4421.296,,,138742,33699,,,
2024-10-04,111387.0,Supa Dam,W F Rivers Basin,W F Rivers Basin,Kalinadi,04-10-2024 12:10:00,96.18,562.7,147.53,139.774,145.329,,2025.463,3483.796,,,138917,34000,,,
2024-10-05,111388.0,Supa Dam,W F Rivers Basin,W F Rivers Basin,Kalinadi,05-10-2024 12:10:00,96,562.64,147.53,139.522,145.329,,914.352,2870.37,,,138996,34247,,,
2024-10-06,111389.0,Supa Dam,W F Rivers Basin,W F Rivers Basin,Kalinadi,06-10-2024 12:10:00,95.95,562.62,147.53,139.438,145.329,,2199.074,3171.296,,,139186,34521,,,
2024-10-07,111390.0,Supa Dam,W F Rivers Basin,W F Rivers Basin,Kalinadi,07-10-2024 12:10:00,95.95,562.62,147.53,139.438,145.329,,2291.667,2291.667,,,139384,34719,,,
2024-10-08,111391.0,Supa Dam,W F Rivers Basin,W F Rivers Basin,Kalinadi,08-10-2024 12:10:00,96.03,562.65,147.53,139.564,145.329,,5729.167,3287.037,,,139878,35003,,,
2024-10-09,111392.0,Supa Dam,W F Rivers Basin,W F Rivers Basin,Kalinadi,09-10-2024 12:10:00,96.47,562.8,147.53,140.195,145.329,,8101.852,2731.481,,,140579,35239,,,
2024-10-10,111393.0,Supa Dam,W F Rivers Basin,W F Rivers Basin,Kalinadi,10-10-2024 12:10:00,96.41,562.78,147.53,140.111,145.329,,4456.019,4456.019,,,140963,35624,,,
2024-10-11,111394.0,Supa Dam,W F Rivers Basin,W F Rivers Basin,Kalinadi,11-10-2024 12:10:00,96.32,562.75,147.53,139.985,145.329,,2974.537,4444.444,,,141220,36007,,,
2024-10-12,111395.0,Supa Dam,W F Rivers Basin,W F Rivers Basin,Kalinadi,12-10-2024 12:10:00,96.35,562.76,147.53,140.027,145.329,,2372.685,1886.574,,,141425,36170,,,
2024-10-13,111396.0,Supa Dam,W F Rivers Basin,W F Rivers Basin,Kalinadi,13-10-2024 12:10:00,96.26,562.73,147.53,139.9,145.329,,1782.407,324.074,,,141579,36199,,,
2024-10-14,111397.0,Supa Dam,W F Rivers Basin,W F Rivers Basin,Kalinadi,14-10-2024 12:10:00,96.12,562.68,147.53,139.69,145.329,,2013.889,4456.019,,,141753,36583,,,
2024-10-15,111398.0,Supa Dam,W F Rivers Basin,W F Rivers Basin,Kalinadi,15-10-2024 12:10:00,96.18,562.7,147.53,139.774,145.329,,5428.241,4444.444,,,142221,36968,,,
2024-10-16,111399.0,Supa Dam,W F Rivers Basin,W F Rivers Basin,Kalinadi,16-10-2024 12:10:00,96.06,562.66,147.53,139.606,145.329,,2500,4456.019,,,142438,37353,,,
2024-10-17,111400.0,Supa Dam,W F Rivers Basin,W F Rivers Basin,Kalinadi,17-10-2024 12:10:00,96.09,562.67,147.53,139.648,145.329,,4930.556,4444.444,,,142864,37737,,,
2024-10-18,111401.0,Supa Dam,W F Rivers Basin,W F Rivers Basin,Kalinadi,18-10-2024 12:10:00,95.98,562.63,147.53,139.48,145.329,,2476.852,4432.87,,,143078,38120,,,
2024-10-19,111402.0,Supa Dam,W F Rivers Basin,W F Rivers Basin,Kalinadi,19-10-2024 12:10:00,95.89,562.6,147.53,139.354,145.329,,2604.167,4074.074,,,143303,38471,,,
2024-10-20,111403.0,Supa Dam,W F Rivers Basin,W F Rivers Basin,Kalinadi,20-10-2024 12:10:00,95.95,562.62,147.53,139.438,145.329,,1921.296,949.074,,,143470,38554,,,
2024-10-21,111404.0,Supa Dam,W F Rivers Basin,W F Rivers Basin,Kalinadi,21-10-2024 12:10:00,96.12,562.68,147.53,139.69,145.329,,3344.907,416.667,,,143759,38589,,,
2024-10-22,111405.0,Supa Dam,W F Rivers Basin,W F Rivers Basin,Kalinadi,22-10-2024 12:10:00,96.18,562.7,147.53,139.774,145.329,,4490.741,2534.722,,,144146,38808,,,
2024-10-23,111406.0,Supa Dam,W F Rivers Basin,W F Rivers Basin,Kalinadi,23-10-2024 12:10:00,96.21,562.71,147.53,139.816,145.329,,2187.5,2685.185,,,144336,39040,,,
2024-10-24,111407.0,Supa Dam,W F Rivers Basin,W F Rivers Basin,Kalinadi,24-10-2024 12:10:00,96.09,562.67,147.53,139.648,145.329,,1666.667,3622.685,,,144480,39353,,,
2024-10-25,111408.0,Supa Dam,W F Rivers Basin,W F Rivers Basin,Kalinadi,25-10-2024 12:10:00,95.89,562.6,147.53,139.354,145.329,,1377.315,3819.444,,,144599,39682,,,
2024-10-26,111409.0,Supa Dam,W F Rivers Basin,W F Rivers Basin,Kalinadi,26-10-2024 12:10:00,95.89,562.6,147.53,139.354,145.329,,1539.352,2511.574,,,144732,39900,,,
2024-10-27,111410.0,Supa Dam,W F Rivers Basin,W F Rivers Basin,Kalinadi,27-10-2024 12:10:00,95.74,562.55,147.53,139.143,145.329,,1250,3692.13,,,144840,40218,,,
2024-10-28,111411.0,Supa Dam,W F Rivers Basin,W F Rivers Basin,Kalinadi,28-10-2024 12:10:00,95.54,562.48,147.53,138.849,145.329,,1006.944,4421.296,,,144927,40600,,,
2024-10-29,111412.0,Supa Dam,W F Rivers Basin,W F Rivers Basin,Kalinadi,29-10-2024 12:10:00,95.37,562.42,147.53,138.597,145.329,,1192.13,4108.796,,,145030,40955,,,
2024-10-30,111413.0,Supa Dam,W F Rivers Basin,W F Rivers Basin,Kalinadi,30-10-2024 12:10:00,95.16,562.35,147.53,138.302,145.329,,1041.667,4444.444,,,145120,41339,,,
2024-10-31,111414.0,Supa Dam,W F Rivers Basin,W F Rivers Basin,Kalinadi,31-10-2024 12:10:00,94.96,562.28,147.53,138.008,145.329,,1122.685,902.778,,,145217,41417,,,
2024-11-01,111415.0,Supa Dam,W F Rivers Basin,W F Rivers Basin,Kalinadi,01-11-2024 12:11:00,94.88,562.25,147.53,137.882,145.329,,3113.426,4560.185,,,145486,41811,,,
2024-11-02,111416.0,Supa Dam,W F Rivers Basin,W F Rivers Basin,Kalinadi,02-11-2024 12:11:00,94.73,562.2,147.53,137.671,145.329,,1909.722,3854.167,,,145651,42144,,,
2024-11-03,111417.0,Supa Dam,W F Rivers Basin,W F Rivers Basin,Kalinadi,03-11-2024 12:11:00,94.61,562.16,147.53,137.503,145.329,,1354.167,3773.148,,,145768,42470,,,
2024-11-04,111418.0,Supa Dam,W F Rivers Basin,W F Rivers Basin,Kalinadi,04-11-2024 12:11:00,94.41,562.09,147.53,137.209,145.329,,1157.407,4548.611,,,145868,42862,,,
2024-11-05,111419.0,Supa Dam,W F Rivers Basin,W F Rivers Basin,Kalinadi,05-11-2024 12:11:00,94.21,562.02,147.53,136.914,145.329,,1168.981,4548.611,,,145969,43255,,,
2024-11-06,111420.0,Supa Dam,W F Rivers Basin,W F Rivers Basin,Kalinadi,06-11-2024 12:11:00,94.01,561.95,147.53,136.623,145.329,,1122.685,4502.315,,,146067,43644,,,
2024-11-07,111421.0,Supa Dam,W F Rivers Basin,W F Rivers Basin,Kalinadi,07-11-2024 12:11:00,93.81,561.88,147.53,136.334,145.329,,1180.556,4560.185,,,146169,44038,,,
2024-11-08,111422.0,Supa Dam,W F Rivers Basin,W F Rivers Basin,Kalinadi,08-11-2024 12:11:00,93.61,561.81,147.53,136.045,145.329,,13715.278,4548.611,,,147354,44431,,,
2024-11-09,111423.0,Supa Dam,W F Rivers Basin,W F Rivers Basin,Kalinadi,09-11-2024 12:11:00,93.41,561.74,147.53,135.756,145.329,,960.648,4317.13,,,147437,44805,,,
2024-11-10,111424.0,Supa Dam,W F Rivers Basin,W F Rivers Basin,Kalinadi,10-11-2024 12:11:00,93.24,561.68,147.53,135.508,145.329,,1006.944,3888.889,,,147524,45141,,,
2024-11-11,111425.0,Supa Dam,W F Rivers Basin,W F Rivers Basin,Kalinadi,11-11-2024 12:11:00,93.02,561.6,147.53,135.178,145.329,,682.87,4513.889,,,147582,45531,,,
2024-11-12,111426.0,Supa Dam,W F Rivers Basin,W F Rivers Basin,Kalinadi,12-11-2024 12:11:00,92.84,561.54,147.53,134.93,145.329,,844.907,3726.852,,,147656,45852,,,
2024-11-13,111427.0,Supa Dam,W F Rivers Basin,W F Rivers Basin,Kalinadi,13-11-2024 12:11:00,92.65,561.47,147.53,134.641,145.329,,543.981,3888.889,,,147702,46188,,,
2024-11-14,111428.0,Supa Dam,W F Rivers Basin,W F Rivers Basin,Kalinadi,14-11-2024 12:11:00,92.53,561.43,147.53,134.475,145.329,,462.963,2372.685,,,147743,46393,,,
2024-11-15,111429.0,Supa Dam,W F Rivers Basin,W F Rivers Basin,Kalinadi,15-11-2024 12:11:00,92.48,561.41,147.53,134.393,145.329,,497.685,1458.333,,,147786,46519,,,
2024-11-16,111430.0,Supa Dam,W F Rivers Basin,W F Rivers Basin,Kalinadi,16-11-2024 12:11:00,92.45,561.4,147.53,134.351,145.329,,532.407,1967.593,,,147832,46689,,,
2024-11-17,111431.0,Supa Dam,W F Rivers Basin,W F Rivers Basin,Kalinadi,17-11-2024 12:11:00,92.36,561.37,147.53,134.227,145.329,,289.352,763.889,,,147857,46755,,,
2024-11-18,111432.0,Supa Dam,W F Rivers Basin,W F Rivers Basin,Kalinadi,18-11-2024 12:11:00,92.25,561.33,147.53,134.062,145.329,,474.537,2384.259,,,147898,46961,,,
2024-11-19,111433.0,Supa Dam,W F Rivers Basin,W F Rivers Basin,Kalinadi,19-11-2024 12:11:00,92.05,561.26,147.53,133.773,145.329,,428.241,3761.574,,,147935,47286,,,
2024-11-20,111434.0,Supa Dam,W F Rivers Basin,W F Rivers Basin,Kalinadi,20-11-2024 12:11:00,91.91,561.21,147.53,133.567,145.329,,879.63,3252.315,,,148011,47568,,,
2024-11-21,111435.0,Supa Dam,W F Rivers Basin,W F Rivers Basin,Kalinadi,21-11-2024 12:11:00,91.74,561.15,147.53,133.319,145.329,,451.389,3310.185,,,148050,47854,,,
2024-11-22,111436.0,Supa Dam,W F Rivers Basin,W F Rivers Basin,Kalinadi,22-11-2024 12:11:00,91.51,561.07,147.53,132.988,145.329,,763.889,4560.185,,,148115,48247,,,
2024-11-23,111437.0,Supa Dam,W F Rivers Basin,W F Rivers Basin,Kalinadi,23-11-2024 12:11:00,91.31,561,147.53,132.699,145.329,,439.815,3761.574,,,148153,48572,,,
2024-11-24,111438.0,Supa Dam,W F Rivers Basin,W F Rivers Basin,Kalinadi,24-11-2024 12:11:00,91.31,561,147.53,132.699,145.329,,613.426,1087.963,,,148206,48666,,,
2024-11-25,111439.0,Supa Dam,W F Rivers Basin,W F Rivers Basin,Kalinadi,25-11-2024 12:11:00,91.03,560.9,147.53,132.293,145.329,,439.815,3761.574,,,148244,48990,,,
2024-11-26,111440.0,Supa Dam,W F Rivers Basin,W F Rivers Basin,Kalinadi,26-11-2024 12:11:00,90.89,560.85,147.53,132.09,145.329,,497.685,3807.87,,,148287,49320,,,
2024-11-27,111441.0,Supa Dam,W F Rivers Basin,W F Rivers Basin,Kalinadi,27-11-2024 12:11:00,90.67,560.77,147.53,131.765,145.329,,416.667,4189.815,,,148323,49682,,,
2024-11-28,111442.0,Supa Dam,W F Rivers Basin,W F Rivers Basin,Kalinadi,28-11-2024 12:11:00,90.58,560.74,147.53,131.643,145.329,,555.556,1979.167,,,148371,49853,,,
2024-11-29,111443.0,Supa Dam,W F Rivers Basin,W F Rivers Basin,Kalinadi,29-11-2024 12:11:00,90.33,560.65,147.53,131.278,145.329,,300.926,4548.611,,,148397,50245,,,
2024-11-30,111444.0,Supa Dam,W F Rivers Basin,W F Rivers Basin,Kalinadi,30-11-2024 12:11:00,90.08,560.56,147.53,130.912,145.329,,381.944,4618.056,,,148430,50644,,,
2024-12-01,111445.0,Supa Dam,W F Rivers Basin,W F Rivers Basin,Kalinadi,01-12-2024 12:12:00,89.97,560.52,147.53,130.75,145.329,,520.833,2395.833,,,148474,50852,,,
2024-12-02,111446.0,Supa Dam,W F Rivers Basin,W F Rivers Basin,Kalinadi,02-12-2024 12:12:00,89.91,560.5,147.53,130.669,145.329,,266.204,2152.778,,,148498,51038,,,
2024-12-03,111447.0,Supa Dam,W F Rivers Basin,W F Rivers Basin,Kalinadi,03-12-2024 12:12:00,89.86,560.48,147.53,130.587,145.329,,150.463,150.463,,,148511,51050,,,
2024-12-04,111448.0,Supa Dam,W F Rivers Basin,W F Rivers Basin,Kalinadi,04-12-2024 12:12:00,89.8,560.46,147.53,130.506,145.329,,11.574,34.722,,,148511,51053,,,
2024-12-05,111449.0,Supa Dam,W F Rivers Basin,W F Rivers Basin,Kalinadi,05-12-2024 12:12:00,89.55,560.37,147.53,130.141,145.329,,104.167,4328.704,,,148520,51427,,,
2024-12-06,111450.0,Supa Dam,W F Rivers Basin,W F Rivers Basin,Kalinadi,06-12-2024 12:12:00,89.33,560.29,147.53,129.816,145.329,,312.5,4062.5,,,148548,51779,,,
2024-12-07,111451.0,Supa Dam,W F Rivers Basin,W F Rivers Basin,Kalinadi,07-12-2024 12:12:00,89.1,560.21,147.53,129.491,145.329,,,3738.426,,,148548,52102,,,
2024-12-08,111452.0,Supa Dam,W F Rivers Basin,W F Rivers Basin,Kalinadi,08-12-2024 12:12:00,88.88,560.13,147.53,129.166,145.329,,115.741,3854.167,,,148558,52435,,,
2024-12-09,111453.0,Supa Dam,W F Rivers Basin,W F Rivers Basin,Kalinadi,09-12-2024 12:12:00,88.6,560.03,147.53,128.76,145.329,,,4629.63,,,148558,52835,,,
2024-12-10,111454.0,Supa Dam,W F Rivers Basin,W F Rivers Basin,Kalinadi,10-12-2024 12:12:00,88.35,559.94,147.53,128.398,145.329,,34.722,4224.537,,,148561,53200,,,
2024-12-11,111455.0,Supa Dam,W F Rivers Basin,W F Rivers Basin,Kalinadi,11-12-2024 12:12:00,88.1,559.85,147.53,128.039,145.329,,462.963,4652.778,,,148601,53602,,,
2024-12-12,111456.0,Supa Dam,W F Rivers Basin,W F Rivers Basin,Kalinadi,12-12-2024 12:12:00,87.83,559.75,147.53,127.64,145.329,,474.537,4652.778,,,148642,54004,,,
2024-12-13,111457.0,Supa Dam,W F Rivers Basin,W F Rivers Basin,Kalinadi,13-12-2024 12:12:00,87.55,559.65,147.53,127.24,145.329,,266.204,4664.352,,,148665,54407,,,
2024-12-14,111458.0,Supa Dam,W F Rivers Basin,W F Rivers Basin,Kalinadi,14-12-2024 12:12:00,87.33,559.57,147.53,126.921,145.329,,289.352,4456.019,,,148690,54792,,,
2024-12-15,111459.0,Supa Dam,W F Rivers Basin,W F Rivers Basin,Kalinadi,15-12-2024 12:12:00,87.09,559.48,147.53,126.561,145.329,,23.148,4189.815,,,148692,55154,,,
2024-12-16,111460.0,Supa Dam,W F Rivers Basin,W F Rivers Basin,Kalinadi,16-12-2024 12:12:00,86.81,559.38,147.53,126.162,145.329,,46.296,4675.926,,,148697,55557,,,
2024-12-17,111461.0,Supa Dam,W F Rivers Basin,W F Rivers Basin,Kalinadi,17-12-2024 12:12:00,86.59,559.3,147.53,125.842,145.329,,69.444,4687.5,,,148703,55962,,,
2024-12-18,111462.0,Supa Dam,W F Rivers Basin,W F Rivers Basin,Kalinadi,18-12-2024 12:12:00,86.32,559.2,147.53,125.443,145.329,,,4606.481,,,148703,56360,,,
2024-12-19,111463.0,Supa Dam,W F Rivers Basin,W F Rivers Basin,Kalinadi,19-12-2024 12:12:00,86.04,559.1,147.53,125.043,145.329,,69.444,4664.352,,,148709,56763,,,
2024-12-20,111464.0,Supa Dam,W F Rivers Basin,W F Rivers Basin,Kalinadi,20-12-2024 12:12:00,85.77,559,147.53,124.644,145.329,,81.019,4675.926,,,148716,57166,,,
2024-12-21,111465.0,Supa Dam,W F Rivers Basin,W F Rivers Basin,Kalinadi,21-12-2024 12:12:00,85.44,558.88,147.53,124.172,145.329,,115.741,4699.074,,,148727,57572,,,
2024-12-22,111466.0,Supa Dam,W F Rivers Basin,W F Rivers Basin,Kalinadi,22-12-2024 12:12:00,85.09,558.75,147.53,123.661,145.329,,23.148,5509.259,,,148728,58048,,,
2024-12-23,111467.0,Supa Dam,W F Rivers Basin,W F Rivers Basin,Kalinadi,23-12-2024 12:12:00,84.74,558.62,147.53,123.149,145.329,,300.926,6689.815,,,148754,58626,,,
2024-12-24,111468.0,Supa Dam,W F Rivers Basin,W F Rivers Basin,Kalinadi,24-12-2024 12:12:00,84.36,558.48,147.53,122.598,145.329,,219.907,6597.222,,,148773,59197,,,
2024-12-25,111469.0,Supa Dam,W F Rivers Basin,W F Rivers Basin,Kalinadi,25-12-2024 12:12:00,83.98,558.34,147.53,122.048,145.329,,173.611,6539.352,,,148788,59762,,,
2024-12-26,111470.0,Supa Dam,W F Rivers Basin,W F Rivers Basin,Kalinadi,26-12-2024 12:12:00,83.06,558,147.53,120.71,145.329,,185.185,6539.352,,,148804,60327,,,
2024-12-27,111471.0,Supa Dam,W F Rivers Basin,W F Rivers Basin,Kalinadi,27-12-2024 12:12:00,83.33,558.1,147.53,121.103,145.329,,104.167,5543.981,,,148813,60805,,,
2024-12-28,111472.0,Supa Dam,W F Rivers Basin,W F Rivers Basin,Kalinadi,28-12-2024 12:12:00,82.9,557.94,147.53,120.477,145.329,,162.037,6493.056,,,148827,61366,,,
2024-12-29,111473.0,Supa Dam,W F Rivers Basin,W F Rivers Basin,Kalinadi,29-12-2024 12:12:00,82.53,557.8,147.53,119.934,145.329,,196.759,6516.204,,,148844,61929,,,
2024-12-30,111474.0,Supa Dam,W F Rivers Basin,W F Rivers Basin,Kalinadi,30-12-2024 12:12:00,82.23,557.69,147.53,119.507,145.329,,393.519,5347.222,,,148878,62392,,,
2024-12-31,111475.0,Supa Dam,W F Rivers Basin,W F Rivers Basin,Kalinadi,31-12-2024 12:12:00,81.81,557.53,147.53,118.887,145.329,,185.185,7384.259,,,148895,63030,,,
2025-01-01,111476.0,Supa Dam,W F Rivers Basin,W F Rivers Basin,Kalinadi,01-01-2025 12:01:00,81.27,557.33,147.53,118.11,145.329,,,8923.611,,,148895,63801,,,
2025-01-02,111477.0,Supa Dam,W F Rivers Basin,W F Rivers Basin,Kalinadi,02-01-2025 12:01:00,80.74,557.13,147.53,117.334,145.329,,,8842.593,,,148895,64565,,,
2025-01-03,111478.0,Supa Dam,W F Rivers Basin,W F Rivers Basin,Kalinadi,03-01-2025 12:01:00,80.26,556.95,147.53,116.639,145.329,,,7569.444,,,148895,65220,,,
2025-01-04,111479.0,Supa Dam,W F Rivers Basin,W F Rivers Basin,Kalinadi,04-01-2025 12:01:00,79.86,556.8,147.53,116.065,145.329,,57.87,6736.111,,,148899,65801,,,
2025-01-05,111480.0,Supa Dam,W F Rivers Basin,W F Rivers Basin,Kalinadi,05-01-2025 12:01:00,79.47,556.65,147.53,115.492,145.329,,57.87,6724.537,,,148905,66382,,,
2025-01-06,111481.0,Supa Dam,W F Rivers Basin,W F Rivers Basin,Kalinadi,06-01-2025 12:01:00,79.15,556.53,147.53,115.033,145.329,,254.63,6018.519,,,148927,66902,,,
2025-01-07,111482.0,Supa Dam,W F Rivers Basin,W F Rivers Basin,Kalinadi,07-01-2025 12:01:00,78.78,556.39,147.53,114.497,145.329,,219.907,6412.037,,,148946,67456,,,
2025-01-08,111483.0,Supa Dam,W F Rivers Basin,W F Rivers Basin,Kalinadi,08-01-2025 12:01:00,78.42,556.25,147.53,113.962,145.329,,23.148,6203.704,,,148948,67992,,,
2025-01-09,111484.0,Supa Dam,W F Rivers Basin,W F Rivers Basin,Kalinadi,09-01-2025 12:01:00,78.02,556.1,147.53,113.388,145.329,,,6076.389,,,148948,68518,,,
2025-01-10,111485.0,Supa Dam,W F Rivers Basin,W F Rivers Basin,Kalinadi,10-01-2025 12:01:00,77.71,555.98,147.53,112.931,145.329,,173.611,5891.204,,,148963,69026,,,
2025-01-11,111486.0,Supa Dam,W F Rivers Basin,W F Rivers Basin,Kalinadi,11-01-2025 12:01:00,77.37,555.85,147.53,112.441,145.329,,34.722,5648.148,,,148966,69515,,,
2025-01-12,111487.0,Supa Dam,W F Rivers Basin,W F Rivers Basin,Kalinadi,12-01-2025 12:01:00,76.98,555.7,147.53,111.876,145.329,,,5601.852,,,148966,69999,,,
2025-01-13,111488.0,Supa Dam,W F Rivers Basin,W F Rivers Basin,Kalinadi,13-01-2025 12:01:00,76.62,555.56,147.53,111.349,145.329,,,6805.556,,,148966,70587,,,
2025-01-14,111489.0,Supa Dam,W F Rivers Basin,W F Rivers Basin,Kalinadi,14-01-2025 12:01:00,76.33,555.45,147.53,110.935,145.329,,34.722,4594.907,,,148969,70984,,,
2025-01-15,111490.0,Supa Dam,W F Rivers Basin,W F Rivers Basin,Kalinadi,15-01-2025 12:01:00,76.05,555.34,147.53,110.52,145.329,,358.796,5138.889,,,148999,71428,,,
2025-01-16,111491.0,Supa Dam,W F Rivers Basin,W F Rivers Basin,Kalinadi,16-01-2025 12:01:00,75.79,555.24,147.53,110.144,145.329,,266.204,4606.481,,,149022,71826,,,
2025-01-17,111492.0,Supa Dam,W F Rivers Basin,W F Rivers Basin,Kalinadi,17-01-2025 12:01:00,75.53,555.14,147.53,109.767,145.329,,266.204,4606.481,,,149046,72224,,,
2025-01-18,111493.0,Supa Dam,W F Rivers Basin,W F Rivers Basin,Kalinadi,18-01-2025 12:01:00,75.27,555.04,147.53,109.391,145.329,,23.148,4351.852,,,149047,72600,,,
2025-01-19,111494.0,Supa Dam,W F Rivers Basin,W F Rivers Basin,Kalinadi,19-01-2025 12:01:00,75.01,554.94,147.53,109.018,145.329,,,4108.796,,,149047,72956,,,
2025-01-20,111495.0,Supa Dam,W F Rivers Basin,W F Rivers Basin,Kalinadi,20-01-2025 12:01:00,74.66,554.8,147.53,108.5,145.329,,,5335.648,,,149047,73417,,,
2025-01-21,111496.0,Supa Dam,W F Rivers Basin,W F Rivers Basin,Kalinadi,21-01-2025 12:01:00,74.28,554.65,147.53,107.945,145.329,,,5625,,,149047,73902,,,
2025-01-22,111497.0,Supa Dam,W F Rivers Basin,W F Rivers Basin,Kalinadi,22-01-2025 12:01:00,73.92,554.51,147.53,107.427,145.329,,,5428.241,,,149047,74372,,,
2025-01-23,111498.0,Supa Dam,W F Rivers Basin,W F Rivers Basin,Kalinadi,23-01-2025 12:01:00,73.51,554.35,147.53,106.834,145.329,,,5069.444,,,149047,74809,,,
2025-01-24,111499.0,Supa Dam,W F Rivers Basin,W F Rivers Basin,Kalinadi,24-01-2025 12:01:00,73.23,554.24,147.53,106.427,145.329,,,4687.5,,,149047,75214,,,
2025-01-25,111500.0,Supa Dam,W F Rivers Basin,W F Rivers Basin,Kalinadi,25-01-2025 12:01:00,73,554.15,147.53,106.094,145.329,,,4131.944,,,149047,75572,,,
2025-01-26,111501.0,Supa Dam,W F Rivers Basin,W F Rivers Basin,Kalinadi,26-01-2025 12:01:00,72.6,553.99,147.53,105.503,145.329,,196.759,6145.833,,,149064,76103,,,
2025-01-27,111502.0,Supa Dam,W F Rivers Basin,W F Rivers Basin,Kalinadi,27-01-2025 12:01:00,72.12,553.8,147.53,104.814,145.329,,,7037.037,,,149064,76711,,,
2025-01-28,111503.0,Supa Dam,W F Rivers Basin,W F Rivers Basin,Kalinadi,28-01-2025 12:01:00,71.62,553.6,147.53,104.088,145.329,,,6875,,,149064,77305,,,
2025-01-29,111504.0,Supa Dam,W F Rivers Basin,W F Rivers Basin,Kalinadi,29-01-2025 12:01:00,71.25,553.45,147.53,103.544,145.329,,671.296,6967.593,,,149122,77907,,,
2025-01-30,111505.0,Supa Dam,W F Rivers Basin,W F Rivers Basin,Kalinadi,30-01-2025 12:01:00,70.87,553.3,147.53,103,145.329,,,6689.815,,,149122,78485,,,
2025-01-31,111506.0,Supa Dam,W F Rivers Basin,W F Rivers Basin,Kalinadi,31-01-2025 12:01:00,70.47,553.14,147.53,102.42,145.329,,,7025.463,,,149122,79092,,,
2025-02-01,111507.0,Supa Dam,W F Rivers Basin,W F Rivers Basin,Kalinadi,01-02-2025 12:02:00,69.86,552.9,147.53,101.527,145.329,,,7025.463,,,149122,79699,,,
2025-02-02,111508.0,Supa Dam,W F Rivers Basin,W F Rivers Basin,Kalinadi,02-02-2025 12:02:00,69.59,552.78,147.53,101.131,145.329,,,7083.333,,,149122,80311,,,
2025-02-03,111509.0,Supa Dam,W F Rivers Basin,W F Rivers Basin,Kalinadi,03-02-2025 12:02:00,69.15,552.6,147.53,100.491,145.329,,,7083.333,,,149122,80922,,,
2025-02-04,111510.0,Supa Dam,W F Rivers Basin,W F Rivers Basin,Kalinadi,04-02-2025 12:02:00,68.71,552.42,147.53,99.852,145.329,,,7060.185,,,149122,81532,,,
2025-02-05,111511.0,Supa Dam,W F Rivers Basin,W F Rivers Basin,Kalinadi,05-02-2025 12:02:00,68.29,552.25,147.53,99.248,145.329,,,7083.333,,,149122,82145,,,
2025-02-06,111512.0,Supa Dam,W F Rivers Basin,W F Rivers Basin,Kalinadi,06-02-2025 12:02:00,67.8,552.05,147.53,98.538,145.329,,,7083.333,,,149122,82757,,,
2025-02-07,111513.0,Supa Dam,W F Rivers Basin,W F Rivers Basin,Kalinadi,07-02-2025 12:02:00,67.42,551.89,147.53,97.978,145.329,,,6226.852,,,149122,83295,,,
2025-02-08,111514.0,Supa Dam,W F Rivers Basin,W F Rivers Basin,Kalinadi,08-02-2025 12:02:00,67.06,551.74,147.53,97.457,145.329,,69.444,6145.833,,,149128,83826,,,
2025-02-09,111515.0,Supa Dam,W F Rivers Basin,W F Rivers Basin,Kalinadi,09-02-2025 12:02:00,66.7,551.59,147.53,96.935,145.329,,,5972.222,,,149128,84342,,,
2025-02-10,111516.0,Supa Dam,W F Rivers Basin,W F Rivers Basin,Kalinadi,10-02-2025 12:02:00,66.37,551.45,147.53,96.449,145.329,,,5509.259,,,149128,84818,,,
2025-02-11,111517.0,Supa Dam,W F Rivers Basin,W F Rivers Basin,Kalinadi,11-02-2025 12:02:00,65.98,551.29,147.53,95.893,145.329,,,6192.13,,,149128,85353,,,
2025-02-12,111518.0,Supa Dam,W F Rivers Basin,W F Rivers Basin,Kalinadi,12-02-2025 12:02:00,65.62,551.14,147.53,95.372,145.329,,185.185,6168.981,,,149144,85886,,,
2025-02-13,111519.0,Supa Dam,W F Rivers Basin,W F Rivers Basin,Kalinadi,13-02-2025 12:02:00,65.29,551,147.53,94.885,145.329,,,5856.481,,,149144,86392,,,
2025-02-14,111520.0,Supa Dam,W F Rivers Basin,W F Rivers Basin,Kalinadi,14-02-2025 12:02:00,64.89,550.83,147.53,94.309,145.329,,,6261.574,,,149144,86934,,,
2025-02-15,111521.0,Supa Dam,W F Rivers Basin,W F Rivers Basin,Kalinadi,15-02-2025 12:02:00,64.52,550.67,147.53,93.767,145.329,,,6261.574,,,149144,87474,,,
2025-02-16,111522.0,Supa Dam,W F Rivers Basin,W F Rivers Basin,Kalinadi,16-02-2025 12:02:00,64.12,550.5,147.53,93.191,145.329,,,6261.574,,,149144,88015,,,
2025-02-17,111523.0,Supa Dam,W F Rivers Basin,W F Rivers Basin,Kalinadi,17-02-2025 12:02:00,63.77,550.35,147.53,92.683,145.329,,,6215.278,,,149144,88552,,,
2025-02-18,111524.0,Supa Dam,W F Rivers Basin,W F Rivers Basin,Kalinadi,18-02-2025 12:02:00,63.35,550.17,147.53,92.073,145.329,,,6956.019,,,149144,89154,,,
2025-02-19,111525.0,Supa Dam,W F Rivers Basin,W F Rivers Basin,Kalinadi,19-02-2025 12:02:00,62.94,549.99,147.53,91.464,145.329,,104.167,7083.333,,,149153,89766,,,
2025-02-20,111526.0,Supa Dam,W F Rivers Basin,W F Rivers Basin,Kalinadi,20-02-2025 12:02:00,62.5,549.8,147.53,90.836,145.329,,,7337.963,,,149153,90400,,,
2025-02-21,111527.0,Supa Dam,W F Rivers Basin,W F Rivers Basin,Kalinadi,21-02-2025 12:02:00,61.82,549.5,147.53,89.842,145.329,,11.574,7685.185,,,149154,91064,,,
2025-02-22,111528.0,Supa Dam,W F Rivers Basin,W F Rivers Basin,Kalinadi,22-02-2025 12:02:00,61.59,549.4,147.53,89.511,145.329,,312.5,7951.389,,,149181,91752,,,
2025-02-23,111529.0,Supa Dam,W F Rivers Basin,W F Rivers Basin,Kalinadi,23-02-2025 12:02:00,61.12,549.19,147.53,88.827,145.329,,,7962.963,,,149181,92439,,,
2025-02-24,111530.0,Supa Dam,W F Rivers Basin,W F Rivers Basin,Kalinadi,24-02-2025 12:02:00,60.64,548.98,147.53,88.128,145.329,,57.87,7476.852,,,149186,93085,,,
2025-02-25,111531.0,Supa Dam,W F Rivers Basin,W F Rivers Basin,Kalinadi,25-02-2025 12:02:00,60.2,548.78,147.53,87.485,145.329,,,7453.704,,,149186,93729,,,
2025-02-26,111532.0,Supa Dam,W F Rivers Basin,W F Rivers Basin,Kalinadi,26-02-2025 12:02:00,59.74,548.58,147.53,86.822,145.329,,,7442.13,,,149186,94372,,,
2025-02-27,111533.0,Supa Dam,W F Rivers Basin,W F Rivers Basin,Kalinadi,27-02-2025 12:02:00,59.28,548.37,147.53,86.154,145.329,,,7465.278,,,149186,95017,,,
2025-02-28,111534.0,Supa Dam,W F Rivers Basin,W F Rivers Basin,Kalinadi,28-02-2025 12:02:00,58.82,548.16,147.53,85.487,145.329,,,7453.704,,,149186,95662,,,
2025-03-01,111535.0,Supa Dam,W F Rivers Basin,W F Rivers Basin,Kalinadi,01-03-2025 12:03:00,58.36,547.95,147.53,84.819,145.329,,,7453.704,,,149186,96306,,,
2025-03-02,111536.0,Supa Dam,W F Rivers Basin,W F Rivers Basin,Kalinadi,02-03-2025 12:03:00,57.93,547.75,147.53,84.184,145.329,,,7476.852,,,149186,96952,,,
2025-03-03,111537.0,Supa Dam,W F Rivers Basin,W F Rivers Basin,Kalinadi,03-03-2025 12:03:00,57.44,547.53,147.53,83.484,145.329,,,7488.426,,,149186,97599,,,
2025-03-04,111538.0,Supa Dam,W F Rivers Basin,W F Rivers Basin,Kalinadi,04-03-2025 12:03:00,57.01,547.32,147.53,82.845,145.329,,,7534.722,,,149186,98250,,,
2025-03-05,111539.0,Supa Dam,W F Rivers Basin,W F Rivers Basin,Kalinadi,05-03-2025 12:03:00,56.55,547.11,147.53,82.185,145.329,,,7523.148,,,149186,98900,,,
2025-03-06,111540.0,Supa Dam,W F Rivers Basin,W F Rivers Basin,Kalinadi,06-03-2025 12:03:00,56.1,546.9,147.53,81.527,145.329,,11.574,7557.87,,,149187,99553,,,
2025-03-07,111541.0,Supa Dam,W F Rivers Basin,W F Rivers Basin,Kalinadi,07-03-2025 12:03:00,55.64,546.68,147.53,80.854,145.329,,,7511.574,,,149187,100202,,,
2025-03-08,111542.0,Supa Dam,W F Rivers Basin,W F Rivers Basin,Kalinadi,08-03-2025 12:03:00,55.16,546.46,147.53,80.168,145.329,,,7569.444,,,149187,100857,,,
2025-03-09,111543.0,Supa Dam,W F Rivers Basin,W F Rivers Basin,Kalinadi,09-03-2025 12:03:00,54.7,546.24,147.53,79.49,145.329,,,7557.87,,,149187,101510,,,
2025-03-10,111544.0,Supa Dam,W F Rivers Basin,W F Rivers Basin,Kalinadi,10-03-2025 12:03:00,54.31,546.05,147.53,78.922,145.329,,,6585.648,,,149187,102079,,,
2025-03-11,111545.0,Supa Dam,W F Rivers Basin,W F Rivers Basin,Kalinadi,11-03-2025 12:03:00,54.02,545.91,147.53,78.509,145.329,,,4722.222,,,149187,102488,,,
2025-03-12,111546.0,Supa Dam,W F Rivers Basin,W F Rivers Basin,Kalinadi,12-03-2025 12:03:00,53.69,545.75,147.53,78.021,145.329,,891.204,5636.574,,,149264,102975,,,
2025-03-13,111547.0,Supa Dam,W F Rivers Basin,W F Rivers Basin,Kalinadi,13-03-2025 12:03:00,53.35,545.59,147.53,77.534,145.329,,81.019,5613.426,,,149270,103460,,,
2025-03-14,111548.0,Supa Dam,W F Rivers Basin,W F Rivers Basin,Kalinadi,14-03-2025 12:03:00,53.02,545.43,147.53,77.057,145.329,,162.037,5671.296,,,149285,103950,,,
2025-03-15,111549.0,Supa Dam,W F Rivers Basin,W F Rivers Basin,Kalinadi,15-03-2025 12:03:00,52.7,545.27,147.53,76.595,145.329,,196.759,5671.296,,,149301,104440,,,
2025-03-16,111550.0,Supa Dam,W F Rivers Basin,W F Rivers Basin,Kalinadi,16-03-2025 12:03:00,52.35,545.1,147.53,76.079,145.329,,,5729.167,,,149301,104935,,,
2025-03-17,111551.0,Supa Dam,W F Rivers Basin,W F Rivers Basin,Kalinadi,17-03-2025 12:03:00,51.98,544.91,147.53,75.542,145.329,,57.87,6504.63,,,149307,105496,,,
2025-03-18,111552.0,Supa Dam,W F Rivers Basin,W F Rivers Basin,Kalinadi,18-03-2025 12:03:00,51.55,544.7,147.53,74.914,145.329,,,7268.519,,,149307,106124,,,
2025-03-19,111553.0,Supa Dam,W F Rivers Basin,W F Rivers Basin,Kalinadi,19-03-2025 12:03:00,51.1,544.47,147.53,74.264,145.329,,,7268.519,,,149307,106752,,,
2025-03-20,111554.0,Supa Dam,W F Rivers Basin,W F Rivers Basin,Kalinadi,20-03-2025 12:03:00,50.67,544.25,147.53,73.643,145.329,,,7268.519,,,149307,107379,,,
2025-03-21,111555.0,Supa Dam,W F Rivers Basin,W F Rivers Basin,Kalinadi,21-03-2025 12:03:00,50.22,544.03,147.53,72.986,145.329,,,7245.37,,,149307,108005,,,
2025-03-22,111556.0,Supa Dam,W F Rivers Basin,W F Rivers Basin,Kalinadi,22-03-2025 12:03:00,49.79,543.81,147.53,72.364,145.329,,11.574,7233.796,,,149308,108630,,,
2025-03-23,111557.0,Supa Dam,W F Rivers Basin,W F Rivers Basin,Kalinadi,23-03-2025 12:03:00,49.39,543.6,147.53,71.771,145.329,,57.87,7233.796,,,149313,109255,,,
2025-03-24,111558.0,Supa Dam,W F Rivers Basin,W F Rivers Basin,Kalinadi,24-03-2025 12:03:00,48.96,543.37,147.53,71.157,145.329,,127.315,7245.37,,,149324,109881,,,
2025-03-25,111559.0,Supa Dam,W F Rivers Basin,W F Rivers Basin,Kalinadi,25-03-2025 12:03:00,48.53,543.15,147.53,70.535,145.329,,196.759,7280.093,,,149341,110510,,,
2025-03-26,111560.0,Supa Dam,W F Rivers Basin,W F Rivers Basin,Kalinadi,26-03-2025 12:03:00,48.32,543.04,147.53,70.224,145.329,,324.074,3842.593,,,149369,110842,,,
2025-03-27,111561.0,Supa Dam,W F Rivers Basin,W F Rivers Basin,Kalinadi,27-03-2025 12:03:00,48.13,542.94,147.53,69.942,145.329,,115.741,3298.611,,,149379,111127,,,
2025-03-28,111562.0,Supa Dam,W F Rivers Basin,W F Rivers Basin,Kalinadi,28-03-2025 12:03:00,47.78,542.75,147.53,69.44,145.329,,,5891.204,,,149379,111635,,,
2025-03-29,111563.0,Supa Dam,W F Rivers Basin,W F Rivers Basin,Kalinadi,29-03-2025 12:03:00,47.33,542.52,147.53,68.791,145.329,,69.444,7418.981,,,149384,112276,,,
2025-03-30,111564.0,Supa Dam,W F Rivers Basin,W F Rivers Basin,Kalinadi,30-03-2025 12:03:00,46.91,542.29,147.53,68.176,145.329,,23.148,7222.222,,,149386,112901,,,
2025-03-31,111565.0,Supa Dam,W F Rivers Basin,W F Rivers Basin,Kalinadi,31-03-2025 12:03:00,46.49,542.06,147.53,67.561,145.329,,81.019,7233.796,,,149393,113526,,,
2025-04-01,111566.0,Supa Dam,W F Rivers Basin,W F Rivers Basin,Kalinadi,01-04-2025 12:04:00,46.07,541.83,147.53,66.947,145.329,,46.296,7152.778,,,149397,114144,,,
2025-04-02,111567.0,Supa Dam,W F Rivers Basin,W F Rivers Basin,Kalinadi,02-04-2025 12:04:00,45.68,541.62,147.53,66.389,145.329,,150.463,6597.222,,,149410,114714,,,
2025-04-03,111568.0,Supa Dam,W F Rivers Basin,W F Rivers Basin,Kalinadi,03-04-2025 12:04:00,45.28,541.4,147.53,65.803,145.329,,,6319.444,,,149410,115260,,,
2025-04-04,111569.0,Supa Dam,W F Rivers Basin,W F Rivers Basin,Kalinadi,04-04-2025 12:04:00,44.88,541.18,147.53,65.224,145.329,,127.315,7106.481,,,149420,115875,,,
2025-04-05,111570.0,Supa Dam,W F Rivers Basin,W F Rivers Basin,Kalinadi,05-04-2025 12:04:00,44.46,540.94,147.53,64.609,145.329,,,7199.074,,,149420,116497,,,
2025-04-06,111571.0,Supa Dam,W F Rivers Basin,W F Rivers Basin,Kalinadi,06-04-2025 12:04:00,44.21,540.8,147.53,64.249,145.329,,,4062.5,,,149420,116848,,,
2025-04-07,111572.0,Supa Dam,W F Rivers Basin,W F Rivers Basin,Kalinadi,07-04-2025 12:04:00,43.88,540.62,147.53,63.776,145.329,,208.333,5613.426,,,149439,117332,,,
2025-04-08,111573.0,Supa Dam,W F Rivers Basin,W F Rivers Basin,Kalinadi,08-04-2025 12:04:00,43.57,540.44,147.53,63.324,145.329,,243.056,5625,,,149460,117818,,,
2025-04-09,111574.0,Supa Dam,W F Rivers Basin,W F Rivers Basin,Kalinadi,09-04-2025 12:04:00,43.24,540.26,147.53,62.844,145.329,,266.204,5625,,,149483,118304,,,
2025-04-10,111575.0,Supa Dam,W F Rivers Basin,W F Rivers Basin,Kalinadi,10-04-2025 12:04:00,42.97,540.1,147.53,62.448,145.329,,173.611,4918.981,,,149498,118729,,,
2025-04-11,111576.0,Supa Dam,W F Rivers Basin,W F Rivers Basin,Kalinadi,11-04-2025 12:04:00,42.64,539.92,147.53,61.975,145.329,,312.5,5625,,,149524,119215,,,
2025-04-12,111577.0,Supa Dam,W F Rivers Basin,W F Rivers Basin,Kalinadi,12-04-2025 12:04:00,42.37,539.76,147.53,61.572,145.329,,219.907,4942.13,,,149543,119642,,,
2025-04-13,111578.0,Supa Dam,W F Rivers Basin,W F Rivers Basin,Kalinadi,13-04-2025 12:04:00,42.1,539.6,147.53,61.177,145.329,,92.593,5381.944,,,149551,120107,,,
2025-04-14,111579.0,Supa Dam,W F Rivers Basin,W F Rivers Basin,Kalinadi,14-04-2025 12:04:00,41.73,539.4,147.53,60.647,145.329,,300.926,5578.704,,,149577,120590,,,
2025-04-15,111580.0,Supa Dam,W F Rivers Basin,W F Rivers Basin,Kalinadi,15-04-2025 12:04:00,41.41,539.21,147.53,60.178,145.329,,46.296,5601.852,,,149581,121074,,,
2025-04-16,111581.0,Supa Dam,W F Rivers Basin,W F Rivers Basin,Kalinadi,16-04-2025 12:04:00,41.05,539,147.53,59.658,145.329,,347.222,6481.481,,,149611,121633,,,
2025-04-17,111582.0,Supa Dam,W F Rivers Basin,W F Rivers Basin,Kalinadi,17-04-2025 12:04:00,40.64,538.77,147.53,59.055,145.329,,370.37,7060.185,,,149643,122243,,,
2025-04-18,111583.0,Supa Dam,W F Rivers Basin,W F Rivers Basin,Kalinadi,18-04-2025 12:04:00,40.26,538.55,147.53,58.511,145.329,,381.944,7048.611,,,149676,122853,,,
2025-04-19,111584.0,Supa Dam,W F Rivers Basin,W F Rivers Basin,Kalinadi,19-04-2025 12:04:00,39.85,538.31,147.53,57.918,145.329,,370.37,7013.889,,,149708,123459,,,
2025-04-20,111585.0,Supa Dam,W F Rivers Basin,W F Rivers Basin,Kalinadi,20-04-2025 12:04:00,39.46,538.08,147.53,57.349,145.329,,347.222,8518.519,,,149738,124195,,,
2025-04-21,111586.0,Supa Dam,W F Rivers Basin,W F Rivers Basin,Kalinadi,21-04-2025 12:04:00,39.07,537.85,147.53,56.78,145.329,,312.5,6921.296,,,149765,124793,,,
2025-04-22,111587.0,Supa Dam,W F Rivers Basin,W F Rivers Basin,Kalinadi,22-04-2025 12:04:00,38.7,537.63,147.53,56.237,145.329,,613.426,6921.296,,,149818,125391,,,
2025-04-23,111588.0,Supa Dam,W F Rivers Basin,W F Rivers Basin,Kalinadi,23-04-2025 12:04:00,38.3,537.4,147.53,55.668,145.329,,219.907,6805.556,,,149837,125978,,,
2025-04-24,111589.0,Supa Dam,W F Rivers Basin,W F Rivers Basin,Kalinadi,24-04-2025 12:04:00,37.91,537.17,147.53,55.099,145.329,,335.648,6898.148,,,149866,126574,,,
2025-04-25,111590.0,Supa Dam,W F Rivers Basin,W F Rivers Basin,Kalinadi,25-04-2025 12:04:00,37.52,536.94,147.53,54.531,145.329,,324.074,6863.426,,,149894,127168,,,
2025-04-26,111591.0,Supa Dam,W F Rivers Basin,W F Rivers Basin,Kalinadi,26-04-2025 12:04:00,37.12,536.7,147.53,53.939,145.329,,416.667,6886.574,,,149929,127762,,,
2025-04-27,111592.0,Supa Dam,W F Rivers Basin,W F Rivers Basin,Kalinadi,27-04-2025 12:04:00,36.77,536.5,147.53,53.443,145.329,,312.5,6828.704,,,149956,128352,,,
2025-04-28,111593.0,Supa Dam,W F Rivers Basin,W F Rivers Basin,Kalinadi,28-04-2025 12:04:00,36.36,536.25,147.53,52.843,145.329,,289.352,6793.981,,,149981,128939,,,
2025-04-29,111594.0,Supa Dam,W F Rivers Basin,W F Rivers Basin,Kalinadi,29-04-2025 12:04:00,35.95,536,147.53,52.243,145.329,,277.778,6759.259,,,150005,129523,,,
2025-04-30,111595.0,Supa Dam,W F Rivers Basin,W F Rivers Basin,Kalinadi,30-04-2025 12:04:00,35.59,535.79,147.53,51.724,145.329,,277.778,6736.111,,,150029,130105,,,
2025-05-01,111596.0,Supa Dam,W F Rivers Basin,W F Rivers Basin,Kalinadi,01-05-2025 12:05:00,35.22,535.57,147.53,51.18,145.329,,289.352,6458.333,,,150055,130663,,,
2025-05-02,111597.0,Supa Dam,W F Rivers Basin,W F Rivers Basin,Kalinadi,02-05-2025 12:05:00,34.87,535.35,147.53,50.671,145.329,,370.37,6516.204,,,150087,131226,,,
2025-05-03,111598.0,Supa Dam,W F Rivers Basin,W F Rivers Basin,Kalinadi,03-05-2025 12:05:00,34.53,535.15,147.53,50.177,145.329,,,5347.222,,,150087,131688,,,
2025-05-04,111599.0,Supa Dam,W F Rivers Basin,W F Rivers Basin,Kalinadi,04-05-2025 12:05:00,34.18,534.94,147.53,49.679,145.329,,,5775.463,,,150087,132187,,,
2025-05-05,111600.0,Supa Dam,W F Rivers Basin,W F Rivers Basin,Kalinadi,05-05-2025 12:05:00,33.77,534.69,147.53,49.075,145.329,,,6747.685,,,150087,132770,,,
2025-05-06,111601.0,Supa Dam,W F Rivers Basin,W F Rivers Basin,Kalinadi,06-05-2025 12:05:00,33.37,534.44,147.53,48.492,145.329,,,6736.111,,,150087,133352,,,
2025-05-07,111602.0,Supa Dam,W F Rivers Basin,W F Rivers Basin,Kalinadi,07-05-2025 12:05:00,32.98,534.2,147.53,47.934,145.329,,,6736.111,,,150087,133935,,,
2025-05-08,111603.0,Supa Dam,W F Rivers Basin,W F Rivers Basin,Kalinadi,08-05-2025 12:05:00,32.56,533.94,147.53,47.313,145.329,,,6736.111,,,150087,134516,,,
2025-05-09,111604.0,Supa Dam,W F Rivers Basin,W F Rivers Basin,Kalinadi,09-05-2025 12:05:00,32.15,533.68,147.53,46.72,145.329,,,6736.111,,,150087,135099,,,
2025-05-10,111605.0,Supa Dam,W F Rivers Basin,W F Rivers Basin,Kalinadi,10-05-2025 12:05:00,31.75,533.43,147.53,46.137,145.329,,,6643.519,,,150087,135673,,,
2025-05-11,111606.0,Supa Dam,W F Rivers Basin,W F Rivers Basin,Kalinadi,11-05-2025 12:05:00,31.35,533.18,147.53,45.561,145.329,,23.148,6643.519,,,150089,136247,,,
2025-05-12,111607.0,Supa Dam,W F Rivers Basin,W F Rivers Basin,Kalinadi,12-05-2025 12:05:00,30.99,532.95,147.53,45.039,145.329,,104.167,6678.241,,,150098,136824,,,
2025-05-13,111608.0,Supa Dam,W F Rivers Basin,W F Rivers Basin,Kalinadi,13-05-2025 12:05:00,30.59,532.69,147.53,44.453,145.329,,254.63,6516.204,,,150120,137387,,,
2025-05-14,111609.0,Supa Dam,W F Rivers Basin,W F Rivers Basin,Kalinadi,14-05-2025 12:05:00,30.21,532.45,147.53,43.909,145.329,,69.444,6284.722,,,150126,137929,,,
2025-05-15,111610.0,Supa Dam,W F Rivers Basin,W F Rivers Basin,Kalinadi,15-05-2025 12:05:00,29.85,532.2,147.53,43.379,145.329,,34.722,6203.704,,,150130,138466,,,
2025-05-16,111611.0,Supa Dam,W F Rivers Basin,W F Rivers Basin,Kalinadi,16-05-2025 12:05:00,29.47,531.96,147.53,42.835,145.329,,46.296,6412.037,,,150133,139020,,,
2025-05-17,111612.0,Supa Dam,W F Rivers Basin,W F Rivers Basin,Kalinadi,17-05-2025 12:05:00,29.14,531.73,147.53,42.348,145.329,,57.87,5879.63,,,150139,139528,,,
2025-05-18,111613.0,Supa Dam,W F Rivers Basin,W F Rivers Basin,Kalinadi,18-05-2025 12:05:00,28.99,531.64,147.53,42.136,145.329,,208.333,2476.852,,,150157,139742,,,
2025-05-19,111614.0,Supa Dam,W F Rivers Basin,W F Rivers Basin,Kalinadi,19-05-2025 12:05:00,28.78,531.5,147.53,41.825,145.329,,254.63,3773.148,,,150179,140069,,,
2025-05-20,111615.0,Supa Dam,W F Rivers Basin,W F Rivers Basin,Kalinadi,20-05-2025 12:05:00,28.63,531.4,147.53,41.613,145.329,,300.926,2291.667,,,150204,140267,,,
2025-05-21,111616.0,Supa Dam,W F Rivers Basin,W F Rivers Basin,Kalinadi,21-05-2025 12:05:00,28.63,531.4,147.53,41.613,145.329,,474.537,1481.481,,,150246,140395,,,
2025-05-22,111617.0,Supa Dam,W F Rivers Basin,W F Rivers Basin,Kalinadi,22-05-2025 12:05:00,28.62,531.39,147.53,41.592,145.329,,613.426,370.37,,,150299,140426,,,
2025-05-23,111618.0,Supa Dam,W F Rivers Basin,W F Rivers Basin,Kalinadi,23-05-2025 12:05:00,28.55,531.34,147.53,41.486,145.329,,717.593,1967.593,,,150361,140596,,,
2025-05-24,111619.0,Supa Dam,W F Rivers Basin,W F Rivers Basin,Kalinadi,24-05-2025 12:05:00,28.34,531.2,147.53,41.19,145.329,,266.204,3263.889,,,150384,140878,,,
2025-05-25,111620.0,Supa Dam,W F Rivers Basin,W F Rivers Basin,Kalinadi,25-05-2025 12:05:00,28.3,531.17,147.53,41.126,145.329,,486.111,4212.963,,,150426,141242,,,
2025-05-26,111621.0,Supa Dam,W F Rivers Basin,W F Rivers Basin,Kalinadi,26-05-2025 12:05:00,28.08,531.02,147.53,40.808,145.329,,729.167,1967.593,,,150489,141411,,,
2025-05-27,111622.0,Supa Dam,W F Rivers Basin,W F Rivers Basin,Kalinadi,27-05-2025 12:05:00,27.99,530.96,147.53,40.681,145.329,,555.556,2037.037,,,150537,141588,,,
2025-05-28,111623.0,Supa Dam,W F Rivers Basin,W F Rivers Basin,Kalinadi,28-05-2025 12:05:00,27.76,530.8,147.53,40.342,145.329,,763.889,4467.593,,,150603,141974,,,
2025-05-29,111624.0,Supa Dam,W F Rivers Basin,W F Rivers Basin,Kalinadi,29-05-2025 12:05:00,27.54,530.65,147.53,40.024,145.329,,787.037,4953.704,,,150672,142402,,,
2025-05-30,111625.0,Supa Dam,W F Rivers Basin,W F Rivers Basin,Kalinadi,30-05-2025 12:05:00,27.38,530.54,147.53,39.791,145.329,,659.722,3101.852,,,150728,142670,,,
2025-05-31,111626.0,Supa Dam,W F Rivers Basin,W F Rivers Basin,Kalinadi,31-05-2025 12:05:00,27.54,530.65,147.53,40.024,145.329,,1157.407,3101.852,,,100,268,,,
2025-06-01,111627.0,Supa Dam,W F Rivers Basin,W F Rivers Basin,Kalinadi,01-06-2025 12:06:00,27.18,530.4,147.53,39.495,145.329,,1562.5,3020.833,,,235,529,,,
2025-06-02,111628.0,Supa Dam,W F Rivers Basin,W F Rivers Basin,Kalinadi,02-06-2025 12:06:00,26.96,530.25,147.53,39.177,145.329,,1238.426,4884.259,,,342,951,,,
2025-06-03,111629.0,Supa Dam,W F Rivers Basin,W F Rivers Basin,Kalinadi,03-06-2025 12:06:00,26.74,530.1,147.53,38.859,145.329,,1342.593,4976.852,,,458,1380,,,
2025-06-04,111630.0,Supa Dam,W F Rivers Basin,W F Rivers Basin,Kalinadi,04-06-2025 12:06:00,26.62,530.02,147.53,38.689,145.329,,46.296,104.167,,,462,1389,,,
2025-06-05,111631.0,Supa Dam,W F Rivers Basin,W F Rivers Basin,Kalinadi,05-06-2025 12:06:00,26.45,529.9,147.53,38.435,145.329,,1585.648,4942.13,,,599,1816,,,
2025-06-06,111632.0,Supa Dam,W F Rivers Basin,W F Rivers Basin,Kalinadi,06-06-2025 12:06:00,26.25,529.76,147.53,38.153,145.329,,1377.315,4247.685,,,718,2183,,,
2025-06-07,111633.0,Supa Dam,W F Rivers Basin,W F Rivers Basin,Kalinadi,07-06-2025 12:06:00,26.08,529.63,147.53,37.898,145.329,,1898.148,5000,,,882,2615,,,
2025-06-08,111634.0,Supa Dam,W F Rivers Basin,W F Rivers Basin,Kalinadi,08-06-2025 12:06:00,25.89,529.5,147.53,37.623,145.329,,1354.167,4212.963,,,999,2979,,,
2025-06-09,111635.0,Supa Dam,W F Rivers Basin,W F Rivers Basin,Kalinadi,09-06-2025 12:06:00,25.79,529.43,147.53,37.475,145.329,,1064.815,2962.963,,,1091,3235,,,
2025-06-10,111636.0,Supa Dam,W F Rivers Basin,W F Rivers Basin,Kalinadi,10-06-2025 12:06:00,25.68,529.36,147.53,37.326,145.329,,856.481,2523.148,,,1165,3452,,,
2025-06-11,111637.0,Supa Dam,W F Rivers Basin,W F Rivers Basin,Kalinadi,11-06-2025 12:06:00,25.49,529.21,147.53,37.04,145.329,,1435.185,4976.852,,,1289,3882,,,
2025-06-12,111638.0,Supa Dam,W F Rivers Basin,W F Rivers Basin,Kalinadi,12-06-2025 12:06:00,25.29,529.07,147.53,36.747,145.329,,1689.815,4976.852,,,1434,4313,,,
2025-06-13,111639.0,Supa Dam,W F Rivers Basin,W F Rivers Basin,Kalinadi,13-06-2025 12:06:00,25.11,528.95,147.53,36.493,145.329,,2118.056,4930.556,,,1617,4738,,,
2025-06-14,111640.0,Supa Dam,W F Rivers Basin,W F Rivers Basin,Kalinadi,14-06-2025 12:06:00,25.39,529.14,147.53,36.895,145.329,,7708.333,3240.741,,,2283,5019,,,
2025-06-15,111641.0,Supa Dam,W F Rivers Basin,W F Rivers Basin,Kalinadi,15-06-2025 12:06:00,26.37,529.85,147.53,38.329,145.329,,17638.889,775.463,,,3806,5086,,,
2025-06-16,111642.0,Supa Dam,W F Rivers Basin,W F Rivers Basin,Kalinadi,16-06-2025 12:06:00,27.41,530.56,147.53,39.834,145.329,,17418.981,254.63,,,5312,5108,,,
2025-06-17,111643.0,Supa Dam,W F Rivers Basin,W F Rivers Basin,Kalinadi,17-06-2025 12:06:00,27.98,530.95,147.53,40.66,145.329,,11423.611,1851.852,,,6299,5267,,,
2025-06-18,111644.0,Supa Dam,W F Rivers Basin,W F Rivers Basin,Kalinadi,18-06-2025 12:06:00,28.55,531.34,147.53,41.486,145.329,,12013.889,2326.389,,,7337,5468,,,
2025-06-19,111645.0,Supa Dam,W F Rivers Basin,W F Rivers Basin,Kalinadi,19-06-2025 12:06:00,29.08,531.69,147.53,42.26,145.329,,10613.426,1840.278,,,8254,5627,,,
2025-06-20,111646.0,Supa Dam,W F Rivers Basin,W F Rivers Basin,Kalinadi,20-06-2025 12:06:00,29.34,531.87,147.53,42.644,145.329,,9050.926,4502.315,,,9036,6016,,,
2025-06-21,111647.0,Supa Dam,W F Rivers Basin,W F Rivers Basin,Kalinadi,21-06-2025 12:06:00,29.58,532.03,147.53,42.983,145.329,,8993.056,4930.556,,,9813,6442,,,
2025-06-22,111648.0,Supa Dam,W F Rivers Basin,W F Rivers Basin,Kalinadi,22-06-2025 12:06:00,30.1,532.37,147.53,43.739,145.329,,10416.667,1724.537,,,10713,6591,,,
2025-06-23,111649.0,Supa Dam,W F Rivers Basin,W F Rivers Basin,Kalinadi,23-06-2025 12:06:00,31.13,533.04,147.53,45.244,145.329,,18379.63,960.648,,,12301,6673,,,
2025-06-24,111650.0,Supa Dam,W F Rivers Basin,W F Rivers Basin,Kalinadi,24-06-2025 12:06:00,32.85,534.12,147.53,47.737,145.329,,29525.463,729.167,,,14852,6736,,,
2025-06-25,111651.0,Supa Dam,W F Rivers Basin,W F Rivers Basin,Kalinadi,25-06-2025 12:06:00,34.36,535.05,147.53,49.93,145.329,,27442.13,1909.722,,,17223,6901,,,
2025-06-26,111652.0,Supa Dam,W F Rivers Basin,W F Rivers Basin,Kalinadi,26-06-2025 12:06:00,35.17,535.54,147.53,51.106,145.329,,11875,3796.296,,,18249,7229,,,
2025-06-27,111653.0,Supa Dam,W F Rivers Basin,W F Rivers Basin,Kalinadi,27-06-2025 12:06:00,36.22,536.16,147.53,52.638,145.329,,21134.259,3738.426,,,20076,7552,,,
2025-06-28,111654.0,Supa Dam,W F Rivers Basin,W F Rivers Basin,Kalinadi,28-06-2025 12:06:00,36.81,536.52,147.53,53.493,145.329,,14074.074,3912.037,,,21291,7890,,,
2025-06-29,111655.0,Supa Dam,W F Rivers Basin,W F Rivers Basin,Kalinadi,29-06-2025 12:06:00,37.59,536.98,147.53,54.63,145.329,,14155.093,1099.537,,,22514,7985,,,
2025-06-30,111656.0,Supa Dam,W F Rivers Basin,W F Rivers Basin,Kalinadi,30-06-2025 12:06:00,38.47,537.5,147.53,55.915,145.329,,15868.056,1041.667,,,23885,8075,,,
2025-07-01,111657.0,Supa Dam,W F Rivers Basin,W F Rivers Basin,Kalinadi,01-07-2025 12:07:00,39.39,538.04,147.53,57.25,145.329,,20300.926,4814.815,,,25639,8491,,,
2025-07-02,111658.0,Supa Dam,W F Rivers Basin,W F Rivers Basin,Kalinadi,02-07-2025 12:07:00,41.25,539.12,147.53,59.955,145.329,,36875,5590.278,,,28825,8974,,,
2025-07-03,111659.0,Supa Dam,W F Rivers Basin,W F Rivers Basin,Kalinadi,03-07-2025 12:07:00,42.83,540.02,147.53,62.25,145.329,,27453.704,11759.259,,,31197,9990,,,
2025-07-04,111660.0,Supa Dam,W F Rivers Basin,W F Rivers Basin,Kalinadi,04-07-2025 12:07:00,44.28,540.84,147.53,64.348,145.329,,25810.185,1354.167,,,33427,10107,,,
2025-07-05,111661.0,Supa Dam,W F Rivers Basin,W F Rivers Basin,Kalinadi,05-07-2025 12:07:00,45.59,541.57,147.53,66.259,145.329,,23506.944,1365.741,,,35457,10225,,,
2025-07-06,111662.0,Supa Dam,W F Rivers Basin,W F Rivers Basin,Kalinadi,06-07-2025 12:07:00,46.89,542.28,147.53,68.148,145.329,,26215.278,4282.407,,,37722,10595,,,
2025-07-07,111663.0,Supa Dam,W F Rivers Basin,W F Rivers Basin,Kalinadi,07-07-2025 12:07:00,47.88,542.8,147.53,69.582,145.329,,22048.611,5694.444,,,39627,11086,,,
2025-07-08,111664.0,Supa Dam,W F Rivers Basin,W F Rivers Basin,Kalinadi,08-07-2025 12:07:00,48.73,543.25,147.53,70.817,145.329,,20115.741,5752.315,,,41365,11583,,,
2025-07-09,111665.0,Supa Dam,W F Rivers Basin,W F Rivers Basin,Kalinadi,09-07-2025 12:07:00,49.42,543.62,147.53,71.827,145.329,,17662.037,5694.444,,,42890,12076,,,
2025-07-10,111666.0,Supa Dam,W F Rivers Basin,W F Rivers Basin,Kalinadi,10-07-2025 12:07:00,50.03,543.93,147.53,72.703,145.329,,15775.463,5648.148,,,44254,12564,,,
2025-07-11,111667.0,Supa Dam,W F Rivers Basin,W F Rivers Basin,Kalinadi,11-07-2025 12:07:00,50.53,544.18,147.53,73.438,145.329,,13912.037,5671.296,,,45455,13054,,,
2025-07-12,111668.0,Supa Dam,W F Rivers Basin,W F Rivers Basin,Kalinadi,12-07-2025 12:07:00,50.91,544.37,147.53,73.98,145.329,,11909.722,5613.426,,,46484,13538,,,
2025-07-13,111669.0,Supa Dam,W F Rivers Basin,W F Rivers Basin,Kalinadi,13-07-2025 12:07:00,51.35,544.6,147.53,74.631,145.329,,13240.741,5567.13,,,47629,14019,,,
2025-07-14,111670.0,Supa Dam,W F Rivers Basin,W F Rivers Basin,Kalinadi,14-07-2025 12:07:00,52.04,544.94,147.53,75.627,145.329,,17013.889,5567.13,,,49099,14501,,,
2025-07-15,111671.0,Supa Dam,W F Rivers Basin,W F Rivers Basin,Kalinadi,15-07-2025 12:07:00,53.41,545.62,147.53,77.626,145.329,,27569.444,4317.13,,,51481,14874,,,
2025-07-16,111672.0,Supa Dam,W F Rivers Basin,W F Rivers Basin,Kalinadi,16-07-2025 12:07:00,54.37,546.08,147.53,79.017,145.329,,19953.704,3958.333,,,53205,15216,,,
2025-07-17,111673.0,Supa Dam,W F Rivers Basin,W F Rivers Basin,Kalinadi,17-07-2025 12:07:00,55.26,546.51,147.53,80.313,145.329,,20312.5,5162.037,,,54960,15662,,,
2025-07-18,111674.0,Supa Dam,W F Rivers Basin,W F Rivers Basin,Kalinadi,18-07-2025 12:07:00,55.9,546.8,147.53,81.235,145.329,,15659.722,5324.074,,,56313,16122,,,
2025-07-19,111675.0,Supa Dam,W F Rivers Basin,W F Rivers Basin,Kalinadi,19-07-2025 12:07:00,56.46,547.07,147.53,82.058,145.329,,14386.574,4699.074,,,57556,16527,,,
2025-07-20,111676.0,Supa Dam,W F Rivers Basin,W F Rivers Basin,Kalinadi,20-07-2025 12:07:00,56.88,547.26,147.53,82.662,145.329,,10312.5,3460.648,,,58447,16826,,,
2025-07-21,111677.0,Supa Dam,W F Rivers Basin,W F Rivers Basin,Kalinadi,21-07-2025 12:07:00,57.04,547.34,147.53,82.902,145.329,,8240.741,5347.222,,,59159,17288,,,
2025-07-22,111678.0,Supa Dam,W F Rivers Basin,W F Rivers Basin,Kalinadi,22-07-2025 12:07:00,57.27,547.45,147.53,83.23,145.329,,8831.019,4837.963,,,59922,17705,,,
2025-07-23,111679.0,Supa Dam,W F Rivers Basin,W F Rivers Basin,Kalinadi,23-07-2025 12:07:00,57.69,547.64,147.53,83.834,145.329,,12106.481,5185.185,,,60968,18153,,,
2025-07-24,111680.0,Supa Dam,W F Rivers Basin,W F Rivers Basin,Kalinadi,24-07-2025 12:07:00,58.69,548.1,147.53,85.296,145.329,,20138.889,3263.889,,,62708,18436,,,
2025-07-25,111681.0,Supa Dam,W F Rivers Basin,W F Rivers Basin,Kalinadi,25-07-2025 12:07:00,60.86,549.08,147.53,88.446,145.329,,39502.315,2939.815,,,66121,18689,,,
2025-07-26,111682.0,Supa Dam,W F Rivers Basin,W F Rivers Basin,Kalinadi,26-07-2025 12:07:00,62.84,549.95,147.53,91.332,145.329,,33391.204,150.463,,,69007,18702,,,
2025-07-27,111683.0,Supa Dam,W F Rivers Basin,W F Rivers Basin,Kalinadi,27-07-2025 12:07:00,64.08,550.48,147.53,93.123,145.329,,20636.574,,,,70789,18702,,,
2025-07-28,111684.0,Supa Dam,W F Rivers Basin,W F Rivers Basin,Kalinadi,28-07-2025 12:07:00,64.71,550.75,147.53,94.038,145.329,,13483.796,2858.796,,,71954,18949,,,
2025-07-29,111685.0,Supa Dam,W F Rivers Basin,W F Rivers Basin,Kalinadi,29-07-2025 12:07:00,65.29,551,147.53,94.885,145.329,,14733.796,4826.389,,,73227,19367,,,
2025-07-30,111686.0,Supa Dam,W F Rivers Basin,W F Rivers Basin,Kalinadi,30-07-2025 12:07:00,65.7,551.17,147.53,95.476,145.329,,12013.889,5243.056,,,74264,19820,,,
2025-07-31,111687.0,Supa Dam,W F Rivers Basin,W F Rivers Basin,Kalinadi,31-07-2025 12:07:00,65.98,551.29,147.53,95.893,145.329,,10011.574,5219.907,,,75129,20270,,,
2025-08-01,111688.0,Supa Dam,W F Rivers Basin,W F Rivers Basin,Kalinadi,01-08-2025 12:08:00,66.2,551.38,147.53,96.206,145.329,,8773.148,5162.037,,,75887,20716,,,
2025-08-02,111689.0,Supa Dam,W F Rivers Basin,W F Rivers Basin,Kalinadi,02-08-2025 12:08:00,66.37,551.45,147.53,96.449,145.329,,8009.259,5196.759,,,76579,21166,,,
2025-08-03,111690.0,Supa Dam,W F Rivers Basin,W F Rivers Basin,Kalinadi,03-08-2025 12:08:00,66.44,551.48,147.53,96.553,145.329,,6250,5046.296,,,77119,21602,,,
2025-08-04,111691.0,Supa Dam,W F Rivers Basin,W F Rivers Basin,Kalinadi,04-08-2025 12:08:00,66.46,551.49,147.53,96.588,145.329,,5520.833,5115.741,,,77595,22043,,,
2025-08-05,111692.0,Supa Dam,W F Rivers Basin,W F Rivers Basin,Kalinadi,05-08-2025 12:08:00,66.6,551.55,147.53,96.796,145.329,,5277.778,2858.796,,,78051,22291,,,
2025-08-06,111693.0,Supa Dam,W F Rivers Basin,W F Rivers Basin,Kalinadi,06-08-2025 12:08:00,66.7,551.59,147.53,96.935,145.329,,4143.519,2534.722,,,78409,22509,,,
2025-08-07,111694.0,Supa Dam,W F Rivers Basin,W F Rivers Basin,Kalinadi,07-08-2025 12:08:00,66.77,551.62,147.53,97.04,145.329,,3692.13,2488.426,,,78728,22724,,,
2025-08-08,111695.0,Supa Dam,W F Rivers Basin,W F Rivers Basin,Kalinadi,08-08-2025 12:08:00,66.82,551.64,147.53,97.109,145.329,,3287.037,2488.426,,,79013,22939,,,
2025-08-09,111696.0,Supa Dam,W F Rivers Basin,W F Rivers Basin,Kalinadi,09-08-2025 12:08:00,66.92,551.68,147.53,97.248,145.329,,2939.815,1331.019,,,79267,23053,,,
2025-08-10,111697.0,Supa Dam,W F Rivers Basin,W F Rivers Basin,Kalinadi,10-08-2025 12:08:00,67.01,551.72,147.53,97.387,145.329,,2928.241,1307.87,,,79520,23167,,,
2025-08-11,111698.0,Supa Dam,W F Rivers Basin,W F Rivers Basin,Kalinadi,11-08-2025 12:08:00,67.08,551.75,147.53,97.491,145.329,,3680.556,2465.278,,,79838,23380,,,
2025-08-12,111699.0,Supa Dam,W F Rivers Basin,W F Rivers Basin,Kalinadi,12-08-2025 12:08:00,67.16,551.78,147.53,97.596,145.329,,3587.963,2372.685,,,80148,23585,,,
2025-08-13,111700.0,Supa Dam,W F Rivers Basin,W F Rivers Basin,Kalinadi,13-08-2025 12:08:00,67.27,551.83,147.53,97.769,145.329,,4513.889,2488.426,,,80538,23800,,,
2025-08-14,111701.0,Supa Dam,W F Rivers Basin,W F Rivers Basin,Kalinadi,14-08-2025 12:08:00,67.59,551.96,147.53,98.221,145.329,,7835.648,2557.87,,,81215,24021,,,
2025-08-15,111702.0,Supa Dam,W F Rivers Basin,W F Rivers Basin,Kalinadi,15-08-2025 12:08:00,68.78,552.45,147.53,99.958,145.329,,20277.778,254.63,,,82967,24043,,,
2025-08-16,111703.0,Supa Dam,W F Rivers Basin,W F Rivers Basin,Kalinadi,16-08-2025 12:08:00,69.86,552.89,147.53,101.521,145.329,,18148.148,,,,84536,24043,,,
2025-08-17,111704.0,Supa Dam,W F Rivers Basin,W F Rivers Basin,Kalinadi,17-08-2025 12:08:00,71.72,553.64,147.53,104.233,145.329,,31759.259,439.815,,,87280,24080,,,
2025-08-18,111705.0,Supa Dam,W F Rivers Basin,W F Rivers Basin,Kalinadi,18-08-2025 12:08:00,74.2,554.62,147.53,107.834,145.329,,41909.722,231.481,,,90901,24100,,,
2025-08-19,111706.0,Supa Dam,W F Rivers Basin,W F Rivers Basin,Kalinadi,19-08-2025 12:08:00,77.11,555.75,147.53,112.065,145.329,,49004.63,,,,95135,24100,,,
2025-08-20,111707.0,Supa Dam,W F Rivers Basin,W F Rivers Basin,Kalinadi,20-08-2025 12:08:00,78.81,556.4,147.53,114.536,145.329,,28587.963,,,,97605,24100,,,
2025-08-21,111708.0,Supa Dam,W F Rivers Basin,W F Rivers Basin,Kalinadi,21-08-2025 12:08:00,79.65,556.72,147.53,115.759,145.329,,17094.907,2916.667,,,99082,24352,,,
2025-08-22,111709.0,Supa Dam,W F Rivers Basin,W F Rivers Basin,Kalinadi,22-08-2025 12:08:00,80.07,556.88,147.53,116.371,145.329,,11446.759,4328.704,,,100071,24727,,,
2025-08-23,111710.0,Supa Dam,W F Rivers Basin,W F Rivers Basin,Kalinadi,23-08-2025 12:08:00,80.39,557,147.53,116.83,145.329,,9895.833,4548.611,,,100926,25120,,,
2025-08-24,111711.0,Supa Dam,W F Rivers Basin,W F Rivers Basin,Kalinadi,24-08-2025 12:08:00,80.74,557.13,147.53,117.334,145.329,,8912.037,3101.852,,,101696,25388,,,
2025-08-25,111712.0,Supa Dam,W F Rivers Basin,W F Rivers Basin,Kalinadi,25-08-2025 12:08:00,80.9,557.19,147.53,117.567,145.329,,6909.722,4236.111,,,102293,25754,,,
2025-08-26,111713.0,Supa Dam,W F Rivers Basin,W F Rivers Basin,Kalinadi,26-08-2025 12:08:00,81.46,557.4,147.53,118.382,145.329,,14131.944,4722.222,,,103514,26162,,,
2025-08-27,111714.0,Supa Dam,W F Rivers Basin,W F Rivers Basin,Kalinadi,27-08-2025 12:08:00,83.06,558,147.53,120.71,145.329,,30023.148,3009.259,,,106107,26422,,,
2025-08-28,111715.0,Supa Dam,W F Rivers Basin,W F Rivers Basin,Kalinadi,28-08-2025 12:08:00,84.33,558.47,147.53,122.559,145.329,,24143.519,2824.074,,,108194,26666,,,
2025-08-29,111716.0,Supa Dam,W F Rivers Basin,W F Rivers Basin,Kalinadi,29-08-2025 12:08:00,85.42,558.87,147.53,124.133,145.329,,21261.574,2997.685,,,110031,26925,,,
2025-08-30,111717.0,Supa Dam,W F Rivers Basin,W F Rivers Basin,Kalinadi,30-08-2025 12:08:00,86.26,559.18,147.53,125.363,145.329,,16851.852,2627.315,,,111487,27152,,,
2025-08-31,111718.0,Supa Dam,W F Rivers Basin,W F Rivers Basin,Kalinadi,31-08-2025 12:08:00,86.87,559.4,147.53,126.242,145.329,,13460.648,3333.333,,,112650,27440,,,
2025-09-01,111719.0,Supa Dam,W F Rivers Basin,W F Rivers Basin,Kalinadi,01-09-2025 12:09:00,87.42,559.6,147.53,127.04,145.329,,13240.741,4004.63,,,113794,27786,,,
2025-09-02,111720.0,Supa Dam,W F Rivers Basin,W F Rivers Basin,Kalinadi,02-09-2025 12:09:00,88.02,559.82,147.53,127.919,145.329,,14629.63,4421.296,,,115059,28168,,,
2025-09-03,111721.0,Supa Dam,W F Rivers Basin,W F Rivers Basin,Kalinadi,03-09-2025 12:09:00,88.52,560,147.53,128.638,145.329,,12488.426,4108.796,,,116137,28523,,,
2025-09-04,111722.0,Supa Dam,W F Rivers Basin,W F Rivers Basin,Kalinadi,04-09-2025 12:09:00,88.88,560.13,147.53,129.166,145.329,,10347.222,4282.407,,,117031,28893,,,
2025-09-05,111723.0,Supa Dam,W F Rivers Basin,W F Rivers Basin,Kalinadi,05-09-2025 12:09:00,89.1,560.21,147.53,129.491,145.329,,7766.204,4027.778,,,117701,29240,,,
2025-09-06,,,,,,,,560.225,,,,,,,,,,,,,0.5
2025-09-07,111724.0,Supa Dam,W F Rivers Basin,W F Rivers Basin,Kalinadi,07-09-2025 12:09:00,89.19,560.24,147.53,129.613,145.329,,5115.741,4652.778,,,118625,30043,,,
2025-09-08,111725.0,Supa Dam,W F Rivers Basin,W F Rivers Basin,Kalinadi,08-09-2025 12:09:00,89.16,560.23,147.53,129.572,145.329,,4178.241,4641.204,,,118986,30444,,,
2025-09-09,111726.0,Supa Dam,W F Rivers Basin,W F Rivers Basin,Kalinadi,09-09-2025 12:09:00,89.07,560.2,147.53,129.45,145.329,,3240.741,4641.204,,,119265,30845,,,
2025-09-10,111727.0,Supa Dam,W F Rivers Basin,W F Rivers Basin,Kalinadi,10-09-2025 12:09:00,88.96,560.16,147.53,129.288,145.329,,2766.204,4641.204,,,119505,31246,,,
2025-09-11,111728.0,Supa Dam,W F Rivers Basin,W F Rivers Basin,Kalinadi,11-09-2025 12:09:00,88.88,560.13,147.53,129.166,145.329,,3217.593,4618.056,,,119783,31645,,,
2025-09-12,,,,,,,,560.08,,,,,,,,,,,,,1.3
2025-09-13,,,,,,,,560.03,,,,,,,,,,,,,2.7
2025-09-14,111729.0,Supa Dam,W F Rivers Basin,W F Rivers Basin,Kalinadi,14-09-2025 12:09:00,88.46,559.98,147.53,128.558,145.329,,2361.111,4687.5,,,120384,32851,,,
2025-09-15,111730.0,Supa Dam,W F Rivers Basin,W F Rivers Basin,Kalinadi,15-09-2025 12:09:00,88.35,559.94,147.53,128.398,145.329,,2395.833,4259.259,,,120592,33219,,,
2025-09-16,111731.0,Supa Dam,W F Rivers Basin,W F Rivers Basin,Kalinadi,16-09-2025 12:09:00,88.24,559.9,147.53,128.239,145.329,,2164.352,4027.778,,,120779,33567,,,
2025-09-17,111732.0,Supa Dam,W F Rivers Basin,W F Rivers Basin,Kalinadi,17-09-2025 12:09:00,88.16,559.87,147.53,128.119,145.329,,2569.444,3958.333,,,121000,33909,,,
2025-09-18,,,,,,,,559.85,,,,,,,,,,,,,4.2
2025-09-19,111733.0,Supa Dam,W F Rivers Basin,W F Rivers Basin,Kalinadi,19-09-2025 12:09:00,88.05,559.83,147.53,127.959,145.329,,3344.907,4270.833,,,121581,34650,,,
2025-09-20,,,,,,,,559.815,,,,,,,,,,,,,3.9
2025-09-21,111734.0,Supa Dam,W F Rivers Basin,W F Rivers Basin,Kalinadi,21-09-2025 12:09:00,87.97,559.8,147.53,127.839,145.329,,2604.167,3530.093,,,122102,35292,,,
2025-09-22,111735.0,Supa Dam,W F Rivers Basin,W F Rivers Basin,Kalinadi,22-09-2025 12:09:00,87.83,559.75,147.53,127.64,145.329,,2326.389,4652.778,,,122304,35694,,,
2025-09-23,111736.0,Supa Dam,W F Rivers Basin,W F Rivers Basin,Kalinadi,23-09-2025 12:09:00,87.69,559.7,147.53,127.44,145.329,,2337.963,4664.352,,,122506,36097,,,
2025-09-24,111737.0,Supa Dam,W F Rivers Basin,W F Rivers Basin,Kalinadi,24-09-2025 12:09:00,87.53,559.64,147.53,127.2,145.329,,1886.574,4664.352,,,122669,36501,,,
2025-09-25,111738.0,Supa Dam,W F Rivers Basin,W F Rivers Basin,Kalinadi,25-09-2025 12:09:00,87.36,559.58,147.53,126.961,145.329,,1886.574,4664.352,,,122832,36903,,,
2025-09-26,,,,,,,,559.6,,,,,,,,,,,,,23.1
2025-09-27,,,,,,,,559.62,,,,,,,,,,,,,30.0
2025-09-28,111739.0,Supa Dam,W F Rivers Basin,W F Rivers Basin,Kalinadi,28-09-2025 12:09:00,87.53,559.64,147.53,127.2,145.329,,4884.259,2569.444,,,123674,37505,,,
2025-09-29,111740.0,Supa Dam,W F Rivers Basin,W F Rivers Basin,Kalinadi,29-09-2025 12:09:00,87.66,559.69,147.53,127.4,145.329,,6435.185,4120.37,,,124230,37861,,,
2025-09-30,111741.0,Supa Dam,W F Rivers Basin,W F Rivers Basin,Kalinadi,30-09-2025 12:09:00,87.69,559.7,147.53,127.44,145.329,,5104.167,4641.204,,,124671,38262,,,
2025-10-01,,,,,,,,559.69,,,,,,,,,,,,,6.6
2025-10-02,111742.0,Supa Dam,W F Rivers Basin,W F Rivers Basin,Kalinadi,02-10-2025 12:10:00,87.64,559.68,147.53,127.36,145.329,,4108.796,4571.759,,,125387,39058,,,
2025-10-03,111743.0,Supa Dam,W F Rivers Basin,W F Rivers Basin,Kalinadi,03-10-2025 12:10:00,87.53,559.64,147.53,127.2,145.329,,2777.778,4629.63,,,125627,39458,,,
2025-10-04,111744.0,Supa Dam,W F Rivers Basin,W F Rivers Basin,Kalinadi,04-10-2025 12:10:00,87.42,559.6,147.53,127.04,145.329,,2777.778,4629.63,,,125867,39859,,,
2025-10-05,111745.0,Supa Dam,W F Rivers Basin,W F Rivers Basin,Kalinadi,05-10-2025 12:10:00,87.28,559.55,147.53,126.841,145.329,,2361.111,4675.926,,,126071,40262,,,
2025-10-06,111746.0,Supa Dam,W F Rivers Basin,W F Rivers Basin,Kalinadi,06-10-2025 12:10:00,87.11,559.49,147.53,126.601,145.329,,1909.722,4687.5,,,126236,40667,,,
2025-10-07,111747.0,Supa Dam,W F Rivers Basin,W F Rivers Basin,Kalinadi,07-10-2025 12:10:00,86.92,559.42,147.53,126.321,145.329,,1458.333,4699.074,,,126363,41073,,,
2025-10-08,111748.0,Supa Dam,W F Rivers Basin,W F Rivers Basin,Kalinadi,08-10-2025 12:10:00,86.73,559.35,147.53,126.042,145.329,,1446.759,4687.5,,,126488,41477,,,
2025-10-09,111749.0,Supa Dam,W F Rivers Basin,W F Rivers Basin,Kalinadi,09-10-2025 12:10:00,86.54,559.28,147.53,125.762,145.329,,1458.333,4675.926,,,126614,41882,,,
2025-10-10,,,,,,,,559.2133333333334,,,,,,,,,,,,,5.2
2025-10-11,,,,,,,,559.1466666666666,,,,,,,,,,,,,0.5
2025-10-12,111750.0,Supa Dam,W F Rivers Basin,W F Rivers Basin,Kalinadi,12-10-2025 12:10:00,85.99,559.08,147.53,124.964,145.329,,1006.944,3761.574,,,126943,43006,,,
2025-10-13,,,,,,,,559.005,,,,,,,,,,,,,0.0
2025-10-14,111751.0,Supa Dam,W F Rivers Basin,W F Rivers Basin,Kalinadi,14-10-2025 12:10:00,85.58,558.93,147.53,124.369,145.329,,1504.63,4710.648,,,127473,43813,,,
2025-10-15,111752.0,Supa Dam,W F Rivers Basin,W F Rivers Basin,Kalinadi,15-10-2025 12:10:00,85.5,558.9,147.53,124.251,145.329,,1157.407,2534.722,,,127573,44032,,,
2025-10-16,,,,,,,,558.8499999999999,,,,,,,,,,,,,11.4
2025-10-17,111753.0,Supa Dam,W F Rivers Basin,W F Rivers Basin,Kalinadi,17-10-2025 12:10:00,85.23,558.8,147.53,123.857,145.329,,1192.13,3935.185,,,127783,44637,,,
2025-10-18,,,,,,,,558.7249999999999,,,,,,,,,,,,,0.1
2025-10-19,111754.0,Supa Dam,W F Rivers Basin,W F Rivers Basin,Kalinadi,19-10-2025 12:10:00,84.82,558.65,147.53,123.267,145.329,,1539.352,4733.796,,,128008,45454,,,
2025-10-20,,,,,,,,558.575,,,,,,,,,,,,,2.6
2025-10-21,111755.0,Supa Dam,W F Rivers Basin,W F Rivers Basin,Kalinadi,21-10-2025 12:10:00,84.41,558.5,147.53,122.677,145.329,,1076.389,4722.222,,,128215,46251,,,
2025-10-22,111756.0,Supa Dam,W F Rivers Basin,W F Rivers Basin,Kalinadi,22-10-2025 12:10:00,84.33,558.47,147.53,122.559,145.329,,1145.833,2511.574,,,128313,46468,,,
2025-10-23,111757.0,Supa Dam,W F Rivers Basin,W F Rivers Basin,Kalinadi,23-10-2025 12:10:00,84.2,558.42,147.53,122.362,145.329,,1354.167,3622.685,,,128430,46781,,,
2025-10-24,111758.0,Supa Dam,W F Rivers Basin,W F Rivers Basin,Kalinadi,24-10-2025 12:10:00,83.98,558.34,147.53,122.048,145.329,,1076.389,4722.222,,,128524,47189,,,
2025-10-25,,,,,,,,558.3,,,,,,,,,,,,,8.8
2025-10-26,111759.0,Supa Dam,W F Rivers Basin,W F Rivers Basin,Kalinadi,26-10-2025 12:10:00,83.76,558.26,147.53,121.733,145.329,,1736.111,3101.852,,,128746,47725,,,
2025-10-27,,,,,,,,558.206,,,,,,,,,,,,,1.6
2025-10-28,,,,,,,,558.152,,,,,,,,,,,,,0.6
2025-10-29,,,,,,,,558.098,,,,,,,,,,,,,10.0
2025-10-30,,,,,,,,558.044,,,,,,,,,,,,,3.0
2025-10-31,111760.0,Supa Dam,W F Rivers Basin,W F Rivers Basin,Kalinadi,31-10-2025 12:10:00,83.03,557.99,147.53,120.671,145.329,,1585.648,4756.944,,,129317,49352,,,
2025-11-01,,,,,,,,557.9083333333333,,,,,,,,,,,,,1.6
2025-11-02,,,,,,,,557.8266666666667,,,,,,,,,,,,,0.1
2025-11-03,,,,,,,,557.745,,,,,,,,,,,,,0.0
2025-11-04,,,,,,,,557.6633333333333,,,,,,,,,,,,,0.2
2025-11-05,,,,,,,,557.5816666666667,,,,,,,,,,,,,0.0
2025-11-06,111761.0,Supa Dam,W F Rivers Basin,W F Rivers Basin,Kalinadi,06-11-2025 12:11:00,81.72,557.5,147.53,118.77,145.329,,729.167,4780.093,,,129867,51810,,,
2025-11-07,,,,,,,,557.4075,,,,,,,,,,,,,0.6
2025-11-08,,,,,,,,557.315,,,,,,,,,,,,,0.0
2025-11-09,,,,,,,,557.2225,,,,,,,,,,,,,0.0
2025-11-10,111762.0,Supa Dam,W F Rivers Basin,W F Rivers Basin,Kalinadi,10-11-2025 12:11:00,80.74,557.13,147.53,117.334,145.329,,347.222,4814.815,,,130092,53467,,,
2025-11-11,,,,,,,,557.03,,,,,,,,,,,,,0.0
2025-11-12,,,,,,,,556.9300000000001,,,,,,,,,,,,,0.0
2025-11-13,111763.0,Supa Dam,W F Rivers Basin,W F Rivers Basin,Kalinadi,13-11-2025 12:11:00,79.94,556.83,147.53,116.18,145.329,,370.37,4826.389,,,130186,54716,,,
2025-11-14,,,,,,,,556.73,,,,,,,,,,,,,0.0
2025-11-15,,,,,,,,556.63,,,,,,,,,,,,,0.0
2025-11-16,111764.0,Supa Dam,W F Rivers Basin,W F Rivers Basin,Kalinadi,16-11-2025 12:11:00,79.15,556.53,147.53,115.033,145.329,,405.093,4826.389,,,130289,55968,,,
2025-11-17,,,,,,,,556.4300000000001,,,,,,,,,,,,,0.0
2025-11-18,111765.0,Supa Dam,W F Rivers Basin,W F Rivers Basin,Kalinadi,18-11-2025 12:11:00,78.63,556.33,147.53,114.268,145.329,,462.963,4872.685,,,130366,56809,,,
2025-11-19,111766.0,Supa Dam,W F Rivers Basin,W F Rivers Basin,Kalinadi,19-11-2025 12:11:00,78.63,556.33,147.53,114.268,145.329,,462.963,4872.685,,,130366,56809,,,
2025-11-20,111767.0,Supa Dam,W F Rivers Basin,W F Rivers Basin,Kalinadi,20-11-2025 12:11:00,78.63,556.33,147.53,114.268,145.329,,462.963,4872.685,,,130366,56809,,,
2025-11-21,111768.0,Supa Dam,W F Rivers Basin,W F Rivers Basin,Kalinadi,21-11-2025 12:11:00,78.1,556.13,147.53,113.503,145.329,,474.537,4872.685,,,130442,57647,,,
2025-11-22,,,,,,,,556.0466666666666,,,,,,,,,,,,,0.1
2025-11-23,,,,,,,,555.9633333333334,,,,,,,,,,,,,0.2
2025-11-24,111769.0,Supa Dam,W F Rivers Basin,W F Rivers Basin,Kalinadi,24-11-2025 12:11:00,77.45,555.88,147.53,112.554,145.329,,231.481,4178.241,,,130524,58678,,,
2025-11-25,111770.0,Supa Dam,W F Rivers Basin,W F Rivers Basin,Kalinadi,25-11-2025 12:11:00,77.19,555.78,147.53,112.177,145.329,,486.111,4872.685,,,130567,59100,,,
2025-11-26,111771.0,Supa Dam,W F Rivers Basin,W F Rivers Basin,Kalinadi,26-11-2025 12:11:00,76.85,555.65,147.53,111.688,145.329,,972.222,4895.833,,,130650,59522,,,
2025-11-27,111772.0,Supa Dam,W F Rivers Basin,W F Rivers Basin,Kalinadi,27-11-2025 12:11:00,76.65,555.57,147.53,111.389,145.329,,532.407,4895.833,,,130696,59945,,,
2025-11-28,,,,,,,,555.4526153846155,,,,,,,,,,,,,0.0
2025-11-29,,,,,,,,555.3352307692309,,,,,,,,,,,,,0.0
2025-11-30,,,,,,,,555.2178461538462,,,,,,,,,,,,,0.0
2025-12-01,,,,,,,,555.1004615384616,,,,,,,,,,,,,0.0
2025-12-02,,,,,,,,554.983076923077,,,,,,,,,,,,,0.0
2025-12-03,,,,,,,,554.8656923076924,,,,,,,,,,,,,0.0
2025-12-04,,,,,,,,554.7483076923078,,,,,,,,,,,,,2.2
2025-12-05,,,,,,,,554.6309230769232,,,,,,,,,,,,,0.2
2025-12-06,,,,,,,,554.5135384615385,,,,,,,,,,,,,0.0
2025-12-07,,,,,,,,554.3961538461539,,,,,,,,,,,,,0.0
2025-12-08,,,,,,,,554.2787692307693,,,,,,,,,,,,,0.0
2025-12-09,,,,,,,,554.1613846153847,,,,,,,,,,,,,0.0
2025-12-10,,,,,,,,554.0440000000001,,,,,,,,,,,,,0.0
2025-12-11,,,,,,,,553.9266153846154,,,,,,,,,,,,,0.0
2025-12-12,,,,,,,,553.8092307692308,,,,,,,,,,,,,0.0
2025-12-13,,,,,,,,553.6918461538462,,,,,,,,,,,,,0.0
2025-12-14,,,,,,,,553.5744615384616,,,,,,,,,,,,,0.0
2025-12-15,,,,,,,,553.457076923077,,,,,,,,,,,,,0.0
2025-12-16,,,,,,,,553.3396923076923,,,,,,,,,,,,,0.0
2025-12-17,,,,,,,,553.2223076923077,,,,,,,,,,,,,0.0
2025-12-18,,,,,,,,553.1049230769231,,,,,,,,,,,,,0.0
2025-12-19,,,,,,,,552.9875384615385,,,,,,,,,,,,,0.0
2025-12-20,,,,,,,,552.8701538461539,,,,,,,,,,,,,0.0
2025-12-21,,,,,,,,552.7527692307693,,,,,,,,,,,,,0.0
2025-12-22,,,,,,,,552.6353846153846,,,,,,,,,,,,,0.0
2025-12-23,,,,,,,,552.518,,,,,,,,,,,,,0.0
2025-12-24,,,,,,,,552.4006153846154,,,,,,,,,,,,,0.0
2025-12-25,,,,,,,,552.2832307692308,,,,,,,,,,,,,0.0
2025-12-26,,,,,,,,552.1658461538462,,,,,,,,,,,,,0.0
2025-12-27,,,,,,,,552.0484615384615,,,,,,,,,,,,,0.0
2025-12-28,,,,,,,,551.931076923077,,,,,,,,,,,,,0.0
2025-12-29,,,,,,,,551.8136923076923,,,,,,,,,,,,,0.0
2025-12-30,,,,,,,,551.6963076923078,,,,,,,,,,,,,0.0
2025-12-31,,,,,,,,551.5789230769232,,,,,,,,,,,,,0.0
2026-01-31,111773.0,Supa Dam,W F Rivers Basin,W F Rivers Basin,Kalinadi,31-01-2026 12:01:00,58.34,547.94,147.53,84.787,145.329,,,5509.259,,,131159,91283,,,
