Date,_id,Reservoir Name,Basin,Sub Basin,River,Monitoring Date,Percentage Full,Reservoir Level (ft),Design Gross Capacity (TMC),Gross Capacity (TMC),Live Capacity (TMC),Live Above Cill (TMC),Inflow (Cusecs),Outflow to River (Cusecs),Canal Withdrawal (Cusecs),Evaporation (Cusecs),Cumulative Inflow (TMC),Cumulative Outflow (TMC),Cumulative Withdrawal (TMC),Cumulative Evaporation (TMC),RAINFALL
2021-06-09,122872.0,Vanivilasa Sagar Dam,Krishna,Vedavati,Hagari Or Vedavati,09-06-2021 12:06:00,,2108.5,30,10.59,8.015,8.72,0,,0,,,,,,
2021-06-10,,,,,,,,2108.503846153846,,,,,,,,,,,,,1.6
2021-06-11,,,,,,,,2108.507692307692,,,,,,,,,,,,,0.1
2021-06-12,,,,,,,,2108.5115384615383,,,,,,,,,,,,,10.0
2021-06-13,,,,,,,,2108.5153846153844,,,,,,,,,,,,,33.8
2021-06-14,,,,,,,,2108.519230769231,,,,,,,,,,,,,13.7
2021-06-15,,,,,,,,2108.523076923077,,,,,,,,,,,,,1.7
2021-06-16,,,,,,,,2108.526923076923,,,,,,,,,,,,,5.0
2021-06-17,,,,,,,,2108.530769230769,,,,,,,,,,,,,0.6
2021-06-18,,,,,,,,2108.534615384616,,,,,,,,,,,,,0.4
2021-06-19,,,,,,,,2108.538461538461,,,,,,,,,,,,,1.8
2021-06-20,,,,,,,,2108.5423076923075,,,,,,,,,,,,,0.2
2021-06-21,,,,,,,,2108.5461538461536,,,,,,,,,,,,,0.7
2021-06-22,,,,,,,,2108.55,,,,,,,,,,,,,0.1
2021-06-23,,,,,,,,2108.5538461538463,,,,,,,,,,,,,0.0
2021-06-24,,,,,,,,2108.5576923076924,,,,,,,,,,,,,0.3
2021-06-25,,,,,,,,2108.5615384615385,,,,,,,,,,,,,0.0
2021-06-26,,,,,,,,2108.5653846153846,,,,,,,,,,,,,2.0
2021-06-27,,,,,,,,2108.5692307692307,,,,,,,,,,,,,3.9
2021-06-28,,,,,,,,2108.5730769230768,,,,,,,,,,,,,5.3
2021-06-29,,,,,,,,2108.576923076923,,,,,,,,,,,,,0.0
2021-06-30,,,,,,,,2108.580769230769,,,,,,,,,,,,,0.2
2021-07-01,,,,,,,,2108.5846153846155,,,,,,,,,,,,,3.7
2021-07-02,,,,,,,,2108.5884615384616,,,,,,,,,,,,,7.1
2021-07-03,,,,,,,,2108.592307692308,,,,,,,,,,,,,3.7
2021-07-04,,,,,,,,2108.596153846154,,,,,,,,,,,,,1.6
2021-07-05,122873.0,Vanivilasa Sagar Dam,Krishna,Vedavati,Hagari Or Vedavati,05-07-2021 12:07:00,,2108.6,30,10.62,8.045,8.75,0,,0,,,,,,
2021-07-06,122874.0,Vanivilasa Sagar Dam,Krishna,Vedavati,Hagari Or Vedavati,06-07-2021 12:07:00,,2108.55,30,10.61,8.035,8.74,0,,0,,,,,,
2021-07-07,122875.0,Vanivilasa Sagar Dam,Krishna,Vedavati,Hagari Or Vedavati,07-07-2021 12:07:00,,2108.55,30,10.61,8.035,8.74,0,,0,,,,,,
2021-07-08,122876.0,Vanivilasa Sagar Dam,Krishna,Vedavati,Hagari Or Vedavati,08-07-2021 12:07:00,,2108.55,30,10.6,8.025,8.73,0,,0,,,,,,
2021-07-09,,,,,,,,2108.525,,,,,,,,,,,,,8.5
2021-07-10,122877.0,Vanivilasa Sagar Dam,Krishna,Vedavati,Hagari Or Vedavati,10-07-2021 12:07:00,,2108.5,30,10.58,8.005,8.71,0,,0,,,,,,
2021-07-11,122878.0,Vanivilasa Sagar Dam,Krishna,Vedavati,Hagari Or Vedavati,11-07-2021 12:07:00,,2108.5,30,10.57,7.995,8.7,0,,0,,,,,,
2021-07-12,122879.0,Vanivilasa Sagar Dam,Krishna,Vedavati,Hagari Or Vedavati,12-07-2021 12:07:00,,2108.55,30,10.66,8.085,8.79,0,,0,,,,,,
2021-07-13,122880.0,Vanivilasa Sagar Dam,Krishna,Vedavati,Hagari Or Vedavati,13-07-2021 12:07:00,,2108.7,30,10.71,8.135,8.84,0,,0,,,,,,
2021-07-14,122881.0,Vanivilasa Sagar Dam,Krishna,Vedavati,Hagari Or Vedavati,14-07-2021 12:07:00,,2108.85,30,10.76,8.185,8.89,0,,0,,,,,,
2021-07-15,122882.0,Vanivilasa Sagar Dam,Krishna,Vedavati,Hagari Or Vedavati,15-07-2021 12:07:00,,2109,30,10.81,8.235,8.94,,,0,,,,,,
2021-07-16,122883.0,Vanivilasa Sagar Dam,Krishna,Vedavati,Hagari Or Vedavati,16-07-2021 12:07:00,,2109.15,30,10.96,8.385,9.09,,,0,,,,,,
2021-07-17,122884.0,Vanivilasa Sagar Dam,Krishna,Vedavati,Hagari Or Vedavati,17-07-2021 12:07:00,,2109.4,30,10.98,8.405,9.11,0,,,,,,,,
2021-07-18,122885.0,Vanivilasa Sagar Dam,Krishna,Vedavati,Hagari Or Vedavati,18-07-2021 12:07:00,,2109.4,30,10.95,8.375,9.08,,,,,,,,,
2021-07-19,122886.0,Vanivilasa Sagar Dam,Krishna,Vedavati,Hagari Or Vedavati,19-07-2021 12:07:00,,2109.6,30,11.01,8.435,9.14,,,,,,,,,
2021-07-20,,,,,,,,2110.0,,,,,,,,,,,,,5.1
2021-07-21,122887.0,Vanivilasa Sagar Dam,Krishna,Vedavati,Hagari Or Vedavati,21-07-2021 12:07:00,,2110.4,30,11.33,8.755,9.46,,,,,,,,,
2021-07-22,122888.0,Vanivilasa Sagar Dam,Krishna,Vedavati,Hagari Or Vedavati,22-07-2021 12:07:00,,2110.6,30,11.42,8.845,9.55,,,,,,,,,
2021-07-23,122889.0,Vanivilasa Sagar Dam,Krishna,Vedavati,Hagari Or Vedavati,23-07-2021 12:07:00,,2110.75,30,11.49,8.915,9.62,,,,,,,,,
2021-07-24,122890.0,Vanivilasa Sagar Dam,Krishna,Vedavati,Hagari Or Vedavati,24-07-2021 12:07:00,,2110.85,30,11.54,8.965,9.67,,,,,,,,,
2021-07-25,122891.0,Vanivilasa Sagar Dam,Krishna,Vedavati,Hagari Or Vedavati,25-07-2021 12:07:00,,2110.95,30,11.58,9.005,9.71,597,,0,,,,,,
2021-07-26,122892.0,Vanivilasa Sagar Dam,Krishna,Vedavati,Hagari Or Vedavati,26-07-2021 12:07:00,,2111,30,11.61,9.035,9.74,0,0,0,,,,,,
2021-07-27,122893.0,Vanivilasa Sagar Dam,Krishna,Vedavati,Hagari Or Vedavati,27-07-2021 12:07:00,,2111,30,11.6,9.025,9.73,0,0,0,,,,,,
2021-07-28,122894.0,Vanivilasa Sagar Dam,Krishna,Vedavati,Hagari Or Vedavati,28-07-2021 12:07:00,,2111,30,11.61,9.035,9.74,,,,,,,,,
2021-07-29,122895.0,Vanivilasa Sagar Dam,Krishna,Vedavati,Hagari Or Vedavati,29-07-2021 12:07:00,,2111.05,30,11.63,9.055,9.76,,,,,,,,,
2021-07-30,122896.0,Vanivilasa Sagar Dam,Krishna,Vedavati,Hagari Or Vedavati,30-07-2021 12:07:00,,2111.15,30,11.68,9.105,9.81,598,0,0,,,,,,
2021-07-31,122897.0,Vanivilasa Sagar Dam,Krishna,Vedavati,Hagari Or Vedavati,31-07-2021 12:07:00,,2111.25,30,11.72,9.145,9.85,598,0,0,,,,,,
2021-08-01,122898.0,Vanivilasa Sagar Dam,Krishna,Vedavati,Hagari Or Vedavati,01-08-2021 12:08:00,,2111.35,30,11.77,9.195,9.9,598,,0,,,,,,
2021-08-02,122899.0,Vanivilasa Sagar Dam,Krishna,Vedavati,Hagari Or Vedavati,02-08-2021 12:08:00,,2111.45,30,11.81,9.235,9.94,598,,0,,,,,,
2021-08-03,122900.0,Vanivilasa Sagar Dam,Krishna,Vedavati,Hagari Or Vedavati,03-08-2021 12:08:00,,2111.55,30,11.86,9.285,9.99,602,,0,,,,,,
2021-08-04,122901.0,Vanivilasa Sagar Dam,Krishna,Vedavati,Hagari Or Vedavati,04-08-2021 12:08:00,,2111.65,30,11.9,9.325,10.03,463,,0,,,,,,
2021-08-05,122902.0,Vanivilasa Sagar Dam,Krishna,Vedavati,Hagari Or Vedavati,05-08-2021 12:08:00,,2111.75,30,11.95,9.375,10.08,532,,0,,,,,,
2021-08-06,122903.0,Vanivilasa Sagar Dam,Krishna,Vedavati,Hagari Or Vedavati,06-08-2021 12:08:00,,2111.85,30,11.95,9.375,10.08,531,,0,,,,,,
2021-08-07,122904.0,Vanivilasa Sagar Dam,Krishna,Vedavati,Hagari Or Vedavati,07-08-2021 12:08:00,,2111.95,30,12.04,9.465,10.17,532,0,0,,,,,,
2021-08-08,122905.0,Vanivilasa Sagar Dam,Krishna,Vedavati,Hagari Or Vedavati,08-08-2021 12:08:00,,2112.05,30,12.09,9.515,10.22,532,0,0,,,,,,
2021-08-09,122906.0,Vanivilasa Sagar Dam,Krishna,Vedavati,Hagari Or Vedavati,09-08-2021 12:08:00,,2112.15,30,12.13,9.555,10.26,532,0,0,,,,,,
2021-08-10,122907.0,Vanivilasa Sagar Dam,Krishna,Vedavati,Hagari Or Vedavati,10-08-2021 12:08:00,,2112.3,30,12.21,9.635,10.34,787,0,,,,,,,
2021-08-11,122908.0,Vanivilasa Sagar Dam,Krishna,Vedavati,Hagari Or Vedavati,11-08-2021 12:08:00,,2112.45,30,12.28,9.705,10.41,798,0,,,,,,,
2021-08-12,122909.0,Vanivilasa Sagar Dam,Krishna,Vedavati,Hagari Or Vedavati,12-08-2021 12:08:00,,2112.65,30,12.37,9.795,10.5,1062,0,,,,,,,
2021-08-13,122910.0,Vanivilasa Sagar Dam,Krishna,Vedavati,Hagari Or Vedavati,13-08-2021 12:08:00,,2112.8,30,12.44,9.865,10.57,817,0,,,,,,,
2021-08-14,122911.0,Vanivilasa Sagar Dam,Krishna,Vedavati,Hagari Or Vedavati,14-08-2021 12:08:00,,2112.95,30,12.5,9.925,10.63,756,0,,,,,,,
2021-08-15,122912.0,Vanivilasa Sagar Dam,Krishna,Vedavati,Hagari Or Vedavati,15-08-2021 12:08:00,,2113.05,30,12.55,9.975,10.68,578,0,,,,,,,
2021-08-16,122913.0,Vanivilasa Sagar Dam,Krishna,Vedavati,Hagari Or Vedavati,16-08-2021 12:08:00,,2113.2,30,12.62,10.045,10.75,810,0,0,,,,,,
2021-08-17,122914.0,Vanivilasa Sagar Dam,Krishna,Vedavati,Hagari Or Vedavati,17-08-2021 12:08:00,,2113.3,30,12.67,10.095,10.8,531,0,0,,,,,,
2021-08-18,122915.0,Vanivilasa Sagar Dam,Krishna,Vedavati,Hagari Or Vedavati,18-08-2021 12:08:00,,2113.4,30,12.71,10.135,10.84,531,0,0,,,,,,
2021-08-19,122916.0,Vanivilasa Sagar Dam,Krishna,Vedavati,Hagari Or Vedavati,19-08-2021 12:08:00,,2113.5,30,12.76,10.185,10.89,531,0,0,,,,,,
2021-08-20,,,,,,,,2113.6,,,,,,,,,,,,,0.8
2021-08-21,122917.0,Vanivilasa Sagar Dam,Krishna,Vedavati,Hagari Or Vedavati,21-08-2021 12:08:00,,2113.7,30,12.806,10.231,10.936,347,0,0,,,,,,
2021-08-22,122918.0,Vanivilasa Sagar Dam,Krishna,Vedavati,Hagari Or Vedavati,22-08-2021 12:08:00,,2113.9,30,12.944,10.369,11.074,1273,0,0,,,,,,
2021-08-23,122919.0,Vanivilasa Sagar Dam,Krishna,Vedavati,Hagari Or Vedavati,23-08-2021 12:08:00,,2114.15,30,13.056,10.481,11.186,1342,0,0,,,,,,
2021-08-24,122920.0,Vanivilasa Sagar Dam,Krishna,Vedavati,Hagari Or Vedavati,24-08-2021 12:08:00,,2114.3,30,13.125,10.55,11.255,796,0,0,,,,,,
2021-08-25,122921.0,Vanivilasa Sagar Dam,Krishna,Vedavati,Hagari Or Vedavati,25-08-2021 12:08:00,,2114.5,30,13.217,10.642,11.347,1065,0,0,,,,,,
2021-08-26,122922.0,Vanivilasa Sagar Dam,Krishna,Vedavati,Hagari Or Vedavati,26-08-2021 12:08:00,,2114.9,30,13.401,10.826,11.531,2129,0,0,,,,,,
2021-08-27,122923.0,Vanivilasa Sagar Dam,Krishna,Vedavati,Hagari Or Vedavati,27-08-2021 12:08:00,,2115.1,30,13.492,10.917,11.622,0,0,0,,,,,,
2021-08-28,122924.0,Vanivilasa Sagar Dam,Krishna,Vedavati,Hagari Or Vedavati,28-08-2021 12:08:00,,2115.3,30,13.584,11.009,11.714,1065,0,0,,,,,,
2021-08-29,122925.0,Vanivilasa Sagar Dam,Krishna,Vedavati,Hagari Or Vedavati,29-08-2021 12:08:00,,2115.5,30,13.675,11.1,11.805,1062,0,0,,,,,,
2021-08-30,122926.0,Vanivilasa Sagar Dam,Krishna,Vedavati,Hagari Or Vedavati,30-08-2021 12:08:00,,2115.65,30,13.745,11.17,11.875,810,0,0,,,,,,
2021-08-31,122927.0,Vanivilasa Sagar Dam,Krishna,Vedavati,Hagari Or Vedavati,31-08-2021 12:08:00,,2115.75,30,13.791,11.216,11.921,532,0,0,,,,,,
2021-09-01,122928.0,Vanivilasa Sagar Dam,Krishna,Vedavati,Hagari Or Vedavati,01-09-2021 12:09:00,,2115.85,30,13.837,11.262,11.967,532,0,0,,,,,,
2021-09-02,122929.0,Vanivilasa Sagar Dam,Krishna,Vedavati,Hagari Or Vedavati,02-09-2021 12:09:00,,2115.9,30,13.859,11.284,11.989,266,0,0,,,,,,
2021-09-03,122930.0,Vanivilasa Sagar Dam,Krishna,Vedavati,Hagari Or Vedavati,03-09-2021 12:09:00,,2116,30,13.905,11.33,12.035,532,0,0,,,,,,
2021-09-04,122931.0,Vanivilasa Sagar Dam,Krishna,Vedavati,Hagari Or Vedavati,04-09-2021 12:09:00,,2116.1,30,13.951,11.376,12.081,532,0,0,,,,,,
2021-09-05,122932.0,Vanivilasa Sagar Dam,Krishna,Vedavati,Hagari Or Vedavati,05-09-2021 12:09:00,,2116.2,30,13.997,11.422,12.127,532,0,0,,,,,,
2021-09-06,122933.0,Vanivilasa Sagar Dam,Krishna,Vedavati,Hagari Or Vedavati,06-09-2021 12:09:00,,2116.3,30,14.043,11.468,12.173,532,0,0,,,,,,
2021-09-07,122934.0,Vanivilasa Sagar Dam,Krishna,Vedavati,Hagari Or Vedavati,07-09-2021 12:09:00,,2116.4,30,14.089,11.514,12.219,532,,,,,,,,
2021-09-08,122935.0,Vanivilasa Sagar Dam,Krishna,Vedavati,Hagari Or Vedavati,08-09-2021 12:09:00,,2116.5,30,14.135,11.56,12.265,532,0,0,,,,,,
2021-09-09,,,,,,,,2116.6,,,,,,,,,,,,,0.6
2021-09-10,,,,,,,,2116.7,,,,,,,,,,,,,0.3
2021-09-11,,,,,,,,2116.8,,,,,,,,,,,,,1.0
2021-09-12,,,,,,,,2116.9,,,,,,,,,,,,,1.5
2021-09-13,122936.0,Vanivilasa Sagar Dam,Krishna,Vedavati,Hagari Or Vedavati,13-09-2021 12:09:00,,2117,30,14.362,11.787,12.492,509,0,0,,,,,,
2021-09-14,122937.0,Vanivilasa Sagar Dam,Krishna,Vedavati,Hagari Or Vedavati,14-09-2021 12:09:00,,2117.1,30,14.41,11.835,12.54,555,0,0,,,,,,
2021-09-15,122938.0,Vanivilasa Sagar Dam,Krishna,Vedavati,Hagari Or Vedavati,15-09-2021 12:09:00,,2117.2,30,14.456,11.881,12.586,532,0,0,,,,,,
2021-09-16,122939.0,Vanivilasa Sagar Dam,Krishna,Vedavati,Hagari Or Vedavati,16-09-2021 12:09:00,,2117.3,30,14.502,11.927,12.632,532,0,0,,,,,,
2021-09-17,122940.0,Vanivilasa Sagar Dam,Krishna,Vedavati,Hagari Or Vedavati,17-09-2021 12:09:00,,2117.4,30,14.502,11.927,12.632,325,0,0,,,,,,
2021-09-18,122941.0,Vanivilasa Sagar Dam,Krishna,Vedavati,Hagari Or Vedavati,18-09-2021 12:09:00,,2117.5,30,14.594,12.019,12.724,741,0,0,,,,,,
2021-09-19,122942.0,Vanivilasa Sagar Dam,Krishna,Vedavati,Hagari Or Vedavati,19-09-2021 12:09:00,,2117.6,30,14.64,12.065,12.77,532,0,0,,,,,,
2021-09-20,,,,,,,,2117.7,,,,,,,,,,,,,0.0
2021-09-21,122943.0,Vanivilasa Sagar Dam,Krishna,Vedavati,Hagari Or Vedavati,21-09-2021 12:09:00,,2117.8,30,14.685,12.11,12.815,532,0,0,,,,,,
2021-09-22,122944.0,Vanivilasa Sagar Dam,Krishna,Vedavati,Hagari Or Vedavati,22-09-2021 12:09:00,,2117.9,30,14.777,12.202,12.907,532,0,0,,,,,,
2021-09-23,122945.0,Vanivilasa Sagar Dam,Krishna,Vedavati,Hagari Or Vedavati,23-09-2021 12:09:00,,2118,30,14.823,12.248,12.953,532,0,0,,,,,,
2021-09-24,122946.0,Vanivilasa Sagar Dam,Krishna,Vedavati,Hagari Or Vedavati,24-09-2021 12:09:00,,2118.1,30,14.869,12.294,12.999,532,0,0,,,,,,
2021-09-25,,,,,,,,2118.2,,,,,,,,,,,,,0.8
2021-09-26,122947.0,Vanivilasa Sagar Dam,Krishna,Vedavati,Hagari Or Vedavati,26-09-2021 12:09:00,,2118.3,30,14.96,12.385,13.09,521,0,0,,,,,,
2021-09-27,122948.0,Vanivilasa Sagar Dam,Krishna,Vedavati,Hagari Or Vedavati,27-09-2021 12:09:00,,2118.4,30,15.01,12.435,13.14,532,2372,0,,,,,,
2021-09-28,122949.0,Vanivilasa Sagar Dam,Krishna,Vedavati,Hagari Or Vedavati,28-09-2021 12:09:00,,2118.5,30,15.05,12.475,13.18,532,0,2166,,,,,,
2021-09-29,122950.0,Vanivilasa Sagar Dam,Krishna,Vedavati,Hagari Or Vedavati,29-09-2021 12:09:00,,2118.5,30,15.1,12.525,13.23,648,0,0,,,,,,
2021-09-30,122951.0,Vanivilasa Sagar Dam,Krishna,Vedavati,Hagari Or Vedavati,30-09-2021 12:09:00,,2118.7,30,15.14,12.565,13.27,416,0,0,,,,,,
2021-10-01,122952.0,Vanivilasa Sagar Dam,Krishna,Vedavati,Hagari Or Vedavati,01-10-2021 12:10:00,,2118.8,30,15.19,12.615,13.32,532,,0,,,,,,
2021-10-02,122953.0,Vanivilasa Sagar Dam,Krishna,Vedavati,Hagari Or Vedavati,02-10-2021 12:10:00,,2119.2,30,15.374,12.799,13.504,2129,,,,,,,,
2021-10-03,122954.0,Vanivilasa Sagar Dam,Krishna,Vedavati,Hagari Or Vedavati,03-10-2021 12:10:00,,2119.4,30,15.465,12.89,13.595,1053,,,,,,,,
2021-10-04,122955.0,Vanivilasa Sagar Dam,Krishna,Vedavati,Hagari Or Vedavati,04-10-2021 12:10:00,,2119.5,30,15.512,12.937,13.642,544,,,,,,,,
2021-10-05,122956.0,Vanivilasa Sagar Dam,Krishna,Vedavati,Hagari Or Vedavati,05-10-2021 12:10:00,,2119.6,30,15.557,12.982,13.687,521,,,,,,,,
2021-10-06,122957.0,Vanivilasa Sagar Dam,Krishna,Vedavati,Hagari Or Vedavati,06-10-2021 12:10:00,,2119.75,30,15.626,13.051,13.756,799,0,0,,,,,,
2021-10-07,122958.0,Vanivilasa Sagar Dam,Krishna,Vedavati,Hagari Or Vedavati,07-10-2021 12:10:00,,2120.2,30,15.867,13.292,13.997,2789,0,0,,,,,,
2021-10-08,,,,,,,,2120.35,,,,,,,,,,,,,12.1
2021-10-09,,,,,,,,2120.5,,,,,,,,,,,,,11.8
2021-10-10,,,,,,,,2120.65,,,,,,,,,,,,,5.7
2021-10-11,122959.0,Vanivilasa Sagar Dam,Krishna,Vedavati,Hagari Or Vedavati,11-10-2021 12:10:00,,2120.8,30,16.245,13.67,14.375,1458,0,0,,,,,,
2021-10-12,122960.0,Vanivilasa Sagar Dam,Krishna,Vedavati,Hagari Or Vedavati,12-10-2021 12:10:00,,2121.3,30,16.66,14.085,14.79,4803,0,0,,,,,,
2021-10-13,122961.0,Vanivilasa Sagar Dam,Krishna,Vedavati,Hagari Or Vedavati,13-10-2021 12:10:00,,2121.85,30,16.906,14.331,15.036,2847,0,0,,,,,,
2021-10-14,122962.0,Vanivilasa Sagar Dam,Krishna,Vedavati,Hagari Or Vedavati,14-10-2021 12:10:00,,2122.1,30,17.064,14.489,15.194,1828,0,0,,,,,,
2021-10-15,122963.0,Vanivilasa Sagar Dam,Krishna,Vedavati,Hagari Or Vedavati,15-10-2021 12:10:00,,2122.25,30,17.159,14.584,15.289,1099,0,0,,,,,,
2021-10-16,122964.0,Vanivilasa Sagar Dam,Krishna,Vedavati,Hagari Or Vedavati,16-10-2021 12:10:00,,2122.35,30,17.22,14.645,15.35,729,0,0,,,,,,
2021-10-17,122965.0,Vanivilasa Sagar Dam,Krishna,Vedavati,Hagari Or Vedavati,17-10-2021 12:10:00,,2122.4,30,17.25,14.675,15.38,359,,,,,,,,
2021-10-18,122966.0,Vanivilasa Sagar Dam,Krishna,Vedavati,Hagari Or Vedavati,18-10-2021 12:10:00,,2122.45,30,17.28,14.705,15.41,347,0,0,,,,,,
2021-10-19,122967.0,Vanivilasa Sagar Dam,Krishna,Vedavati,Hagari Or Vedavati,19-10-2021 12:10:00,,2122.5,30,17.316,14.741,15.446,382,0,0,,,,,,
2021-10-20,,,,,,,,2122.25,,,,,,,,,,,,,0.0
2021-10-21,122968.0,Vanivilasa Sagar Dam,Krishna,Vedavati,Hagari Or Vedavati,21-10-2021 12:10:00,,2122,30,17.42,14.845,15.55,544,0,0,,,,,,
2021-10-22,122969.0,Vanivilasa Sagar Dam,Krishna,Vedavati,Hagari Or Vedavati,22-10-2021 12:10:00,,2123,30,17.63,15.055,15.76,2384,0,,,,,,,
2021-10-23,122970.0,Vanivilasa Sagar Dam,Krishna,Vedavati,Hagari Or Vedavati,23-10-2021 12:10:00,,2123.15,30,17.72,15.145,15.85,1088,0,0,,,,,,
2021-10-24,122971.0,Vanivilasa Sagar Dam,Krishna,Vedavati,Hagari Or Vedavati,24-10-2021 12:10:00,,2123.5,30,17.95,15.375,16.08,2592,0,0,,,,,,
2021-10-25,122972.0,Vanivilasa Sagar Dam,Krishna,Vedavati,Hagari Or Vedavati,25-10-2021 12:10:00,,2124,30,18.26,15.685,16.39,3611,0,0,,,,,,
2021-10-26,,,,,,,,2124.133333333333,,,,,,,,,,,,,0.0
2021-10-27,,,,,,,,2124.266666666667,,,,,,,,,,,,,0.0
2021-10-28,122973.0,Vanivilasa Sagar Dam,Krishna,Vedavati,Hagari Or Vedavati,28-10-2021 12:10:00,,2124.4,30,18.51,15.935,16.64,775,0,0,,,,,,
2021-10-29,122974.0,Vanivilasa Sagar Dam,Krishna,Vedavati,Hagari Or Vedavati,29-10-2021 12:10:00,,2124.45,30,18.54,15.965,16.67,312,0,0,,,,,,
2021-10-30,122975.0,Vanivilasa Sagar Dam,Krishna,Vedavati,Hagari Or Vedavati,30-10-2021 12:10:00,,2124.75,30,18.73,16.155,16.86,2185,0,0,,,,,,
2021-10-31,122976.0,Vanivilasa Sagar Dam,Krishna,Vedavati,Hagari Or Vedavati,31-10-2021 12:10:00,,2122.35,30,17.22,14.645,15.35,729,0,0,,,,,,
2021-11-01,122977.0,Vanivilasa Sagar Dam,Krishna,Vedavati,Hagari Or Vedavati,01-11-2021 12:11:00,,2124.95,30,18.86,16.285,16.99,729,0,0,,,,,,
2021-11-02,122978.0,Vanivilasa Sagar Dam,Krishna,Vedavati,Hagari Or Vedavati,02-11-2021 12:11:00,,2125.05,30,18.923,16.348,17.053,729,0,0,,,,,,
2021-11-03,122979.0,Vanivilasa Sagar Dam,Krishna,Vedavati,Hagari Or Vedavati,03-11-2021 12:11:00,,2125.15,30,18.986,16.411,17.116,729,0,0,,,,,,
2021-11-04,122980.0,Vanivilasa Sagar Dam,Krishna,Vedavati,Hagari Or Vedavati,04-11-2021 12:11:00,,2125.25,30,19.049,16.474,17.179,729,,0,,,,,,
2021-11-05,122981.0,Vanivilasa Sagar Dam,Krishna,Vedavati,Hagari Or Vedavati,05-11-2021 12:11:00,,2125.35,30,19.112,16.537,17.242,729,,0,,,,,,
2021-11-06,122982.0,Vanivilasa Sagar Dam,Krishna,Vedavati,Hagari Or Vedavati,06-11-2021 12:11:00,,2125.5,30,19.207,16.632,17.337,1099,,0,,,,,,
2021-11-07,122983.0,Vanivilasa Sagar Dam,Krishna,Vedavati,Hagari Or Vedavati,07-11-2021 12:11:00,,2125.65,30,19.302,16.727,17.432,1099,,0,,,,,,
2021-11-08,122984.0,Vanivilasa Sagar Dam,Krishna,Vedavati,Hagari Or Vedavati,08-11-2021 12:11:00,,2125.75,30,19.365,16.79,17.495,729,,0,,,,,,
2021-11-09,,,,,,,,2125.85,,,,,,,,,,,,,0.0
2021-11-10,122985.0,Vanivilasa Sagar Dam,Krishna,Vedavati,Hagari Or Vedavati,10-11-2021 12:11:00,,2125.95,30,19.491,16.916,17.621,729,0,0,,,,,,
2021-11-11,122986.0,Vanivilasa Sagar Dam,Krishna,Vedavati,Hagari Or Vedavati,11-11-2021 12:11:00,,2126.05,30,19.554,16.979,17.684,729,,,,,,,,
2021-11-12,122987.0,Vanivilasa Sagar Dam,Krishna,Vedavati,Hagari Or Vedavati,12-11-2021 12:11:00,,2126.15,30,19.616,17.041,17.746,712,0,0,,,,,,
2021-11-13,122988.0,Vanivilasa Sagar Dam,Krishna,Vedavati,Hagari Or Vedavati,13-11-2021 12:11:00,,2126.4,30,19.774,17.199,17.904,1829,0,,,,,,,
2021-11-14,122989.0,Vanivilasa Sagar Dam,Krishna,Vedavati,Hagari Or Vedavati,14-11-2021 12:11:00,,2126.6,30,19.898,17.323,18.028,1435,0,,,,,,,
2021-11-15,,,,,,,,2126.975,,,,,,,,,,,,,17.5
2021-11-16,122990.0,Vanivilasa Sagar Dam,Krishna,Vedavati,Hagari Or Vedavati,16-11-2021 12:11:00,,2127.35,30,20.372,17.797,18.502,3634,,,,,,,,
2021-11-17,122991.0,Vanivilasa Sagar Dam,Krishna,Vedavati,Hagari Or Vedavati,17-11-2021 12:11:00,,2128,30,20.782,18.207,18.912,4745,,,,,,,,
2021-11-18,122992.0,Vanivilasa Sagar Dam,Krishna,Vedavati,Hagari Or Vedavati,18-11-2021 12:11:00,,2128.6,30,21.16,18.585,19.29,4375,,,,,,,,
2021-11-19,122993.0,Vanivilasa Sagar Dam,Krishna,Vedavati,Hagari Or Vedavati,19-11-2021 12:11:00,,2129.2,30,21.539,18.964,19.669,4386,,,,,,,,
2021-11-20,,,,,,,,2130.25,,,,,,,,,,,,,26.1
2021-11-21,122994.0,Vanivilasa Sagar Dam,Krishna,Vedavati,Hagari Or Vedavati,21-11-2021 12:11:00,,2131.3,30,23.13,20.555,21.26,10671,0,0,,,,,,
2021-11-22,122995.0,Vanivilasa Sagar Dam,Krishna,Vedavati,Hagari Or Vedavati,22-11-2021 12:11:00,,2131.8,30,23.55,20.975,21.68,4850,0,0,,,,,,
2021-11-23,122996.0,Vanivilasa Sagar Dam,Krishna,Vedavati,Hagari Or Vedavati,23-11-2021 12:11:00,,2132.05,30,23.76,21.185,21.89,2431,0,0,,,,,,
2021-11-24,122997.0,Vanivilasa Sagar Dam,Krishna,Vedavati,Hagari Or Vedavati,24-11-2021 12:11:00,,2132.25,30,23.92,21.345,22.05,1932,0,0,,,,,,
2021-11-25,122998.0,Vanivilasa Sagar Dam,Krishna,Vedavati,Hagari Or Vedavati,25-11-2021 12:11:00,,2132.45,30,24.09,21.515,22.22,1932,0,0,,,,,,
2021-11-26,122999.0,Vanivilasa Sagar Dam,Krishna,Vedavati,Hagari Or Vedavati,26-11-2021 12:11:00,,2132.55,30,24.18,21.605,22.31,984,0,0,,,,,,
2021-11-27,123000.0,Vanivilasa Sagar Dam,Krishna,Vedavati,Hagari Or Vedavati,27-11-2021 12:11:00,,2132.65,30,24.2,21.625,22.33,278,0,0,,,,,,
2021-11-28,123001.0,Vanivilasa Sagar Dam,Krishna,Vedavati,Hagari Or Vedavati,28-11-2021 12:11:00,,2132.75,30,24.34,21.765,22.47,1655,0,0,,,,,,
2021-11-29,123002.0,Vanivilasa Sagar Dam,Krishna,Vedavati,Hagari Or Vedavati,29-11-2021 12:11:00,,2132.85,30,24.43,21.855,22.56,972,0,0,,,,,,
2021-11-30,123003.0,Vanivilasa Sagar Dam,Krishna,Vedavati,Hagari Or Vedavati,30-11-2021 12:11:00,,2132.95,30,24.51,21.935,22.64,972,0,0,,,,,,
2021-12-01,123004.0,Vanivilasa Sagar Dam,Krishna,Vedavati,Hagari Or Vedavati,01-12-2021 12:12:00,,2133,30,24.55,21.975,22.68,580,0,0,,,,,,
2021-12-02,123005.0,Vanivilasa Sagar Dam,Krishna,Vedavati,Hagari Or Vedavati,02-12-2021 12:12:00,,2133,30,24.54,21.965,22.67,0,0,0,,,,,,
2021-12-03,123006.0,Vanivilasa Sagar Dam,Krishna,Vedavati,Hagari Or Vedavati,03-12-2021 12:12:00,,2133.05,30,24.598,22.023,22.728,671,0,0,,,,,,
2021-12-04,123007.0,Vanivilasa Sagar Dam,Krishna,Vedavati,Hagari Or Vedavati,04-12-2021 12:12:00,,2134,30,25.394,22.819,23.524,9212,0,0,,,,,,
2021-12-05,123008.0,Vanivilasa Sagar Dam,Krishna,Vedavati,Hagari Or Vedavati,05-12-2021 12:12:00,,2134.4,30,25.729,23.154,23.859,3877,0,0,,,,,,
2021-12-06,123009.0,Vanivilasa Sagar Dam,Krishna,Vedavati,Hagari Or Vedavati,06-12-2021 12:12:00,,2134.7,30,25.981,23.406,24.111,2917,0,0,,,,,,
2021-12-07,123010.0,Vanivilasa Sagar Dam,Krishna,Vedavati,Hagari Or Vedavati,07-12-2021 12:12:00,,2134.8,30,26.064,23.489,24.194,961,,,,,,,,
2021-12-08,123011.0,Vanivilasa Sagar Dam,Krishna,Vedavati,Hagari Or Vedavati,08-12-2021 12:12:00,,2134.9,30,26.149,23.574,24.279,984,,,,,,,,
2021-12-09,,,,,,,,2134.9750000000004,,,,,,,,,,,,,1.2
2021-12-10,123012.0,Vanivilasa Sagar Dam,Krishna,Vedavati,Hagari Or Vedavati,10-12-2021 12:12:00,,2135.05,30,26.274,23.699,24.404,486,,,,,,,,
2021-12-11,123013.0,Vanivilasa Sagar Dam,Krishna,Vedavati,Hagari Or Vedavati,11-12-2021 12:12:00,,2135.1,30,26.316,23.741,24.446,455,,,,,,,,
2021-12-12,123014.0,Vanivilasa Sagar Dam,Krishna,Vedavati,Hagari Or Vedavati,12-12-2021 12:12:00,,2135.15,30,26.358,23.783,24.488,486,,,,,,,,
2021-12-13,,,,,,,,2135.15,,,,,,,,,,,,,1.2
2021-12-14,123015.0,Vanivilasa Sagar Dam,Krishna,Vedavati,Hagari Or Vedavati,14-12-2021 12:12:00,,2135.15,30,26.338,23.763,24.468,0,,,,,,,,
2021-12-15,123016.0,Vanivilasa Sagar Dam,Krishna,Vedavati,Hagari Or Vedavati,15-12-2021 12:12:00,,2135.15,30,26.327,23.752,24.457,0,,,,,,,,
2021-12-16,,,,,,,,2135.133333333333,,,,,,,,,,,,,0.0
2021-12-17,,,,,,,,2135.116666666667,,,,,,,,,,,,,0.0
2021-12-18,123017.0,Vanivilasa Sagar Dam,Krishna,Vedavati,Hagari Or Vedavati,18-12-2021 12:12:00,,2135.1,30,26.296,23.721,24.426,0,,,,,,,,
2021-12-19,123018.0,Vanivilasa Sagar Dam,Krishna,Vedavati,Hagari Or Vedavati,19-12-2021 12:12:00,,2135.1,30,26.286,23.711,24.416,0,0,0,,,,,,
2021-12-20,,,,,,,,2135.075,,,,,,,,,,,,,0.0
2021-12-21,123019.0,Vanivilasa Sagar Dam,Krishna,Vedavati,Hagari Or Vedavati,21-12-2021 12:12:00,,2135.05,30,26.266,23.691,24.396,0,0,0,,,,,,
2021-12-22,123020.0,Vanivilasa Sagar Dam,Krishna,Vedavati,Hagari Or Vedavati,22-12-2021 12:12:00,,2135.05,30,26.255,23.68,24.385,0,0,0,,,,,,
2021-12-23,123021.0,Vanivilasa Sagar Dam,Krishna,Vedavati,Hagari Or Vedavati,23-12-2021 12:12:00,,2135.05,30,26.245,23.67,24.375,0,0,0,,,,,,
2021-12-24,123022.0,Vanivilasa Sagar Dam,Krishna,Vedavati,Hagari Or Vedavati,24-12-2021 12:12:00,,2135.05,30,26.235,23.66,24.365,0,0,0,,,,,,
2021-12-25,123023.0,Vanivilasa Sagar Dam,Krishna,Vedavati,Hagari Or Vedavati,25-12-2021 12:12:00,,2135.05,30,26.22,23.645,24.35,0,0,0,,,,,,
2021-12-26,123024.0,Vanivilasa Sagar Dam,Krishna,Vedavati,Hagari Or Vedavati,26-12-2021 12:12:00,,2135.05,30,26.21,23.635,24.34,0,0,0,,,,,,
2021-12-27,123025.0,Vanivilasa Sagar Dam,Krishna,Vedavati,Hagari Or Vedavati,27-12-2021 12:12:00,,2135,30,26.2,23.625,24.33,0,0,0,,,,,,
2021-12-28,123026.0,Vanivilasa Sagar Dam,Krishna,Vedavati,Hagari Or Vedavati,28-12-2021 12:12:00,,2135,30,26.19,23.615,24.32,0,0,0,,,,,,
2021-12-29,123027.0,Vanivilasa Sagar Dam,Krishna,Vedavati,Hagari Or Vedavati,29-12-2021 12:12:00,,2135,30,26.18,23.605,24.31,0,0,0,,,,,,
2021-12-30,123028.0,Vanivilasa Sagar Dam,Krishna,Vedavati,Hagari Or Vedavati,30-12-2021 12:12:00,,2135,30,26.17,23.595,24.3,0,0,0,,,,,,
2021-12-31,123029.0,Vanivilasa Sagar Dam,Krishna,Vedavati,Hagari Or Vedavati,31-12-2021 12:12:00,,2135,30,26.16,23.585,24.29,0,0,0,,,,,,
2022-01-01,123030.0,Vanivilasa Sagar Dam,Krishna,Vedavati,Hagari Or Vedavati,01-01-2022 12:01:00,,2135,30,26.154,23.579,24.284,0,,0,,,,,,
2022-01-02,123031.0,Vanivilasa Sagar Dam,Krishna,Vedavati,Hagari Or Vedavati,02-01-2022 12:01:00,,2135,30,26.144,23.569,24.274,0,,0,,,,,,
2022-01-03,123032.0,Vanivilasa Sagar Dam,Krishna,Vedavati,Hagari Or Vedavati,03-01-2022 12:01:00,,2134.95,30,26.13,23.555,24.26,0,,0,,,,,,
2022-01-04,123033.0,Vanivilasa Sagar Dam,Krishna,Vedavati,Hagari Or Vedavati,04-01-2022 12:01:00,,2134.9,30,26.118,23.543,24.248,0,,0,,,,,,
2022-01-05,123034.0,Vanivilasa Sagar Dam,Krishna,Vedavati,Hagari Or Vedavati,05-01-2022 12:01:00,,2134.9,30,26.106,23.531,24.236,0,,0,,,,,,
2022-01-06,123035.0,Vanivilasa Sagar Dam,Krishna,Vedavati,Hagari Or Vedavati,06-01-2022 12:01:00,,2134.85,30,26.095,23.52,24.225,0,0,0,,,,,,
2022-01-07,123036.0,Vanivilasa Sagar Dam,Krishna,Vedavati,Hagari Or Vedavati,07-01-2022 12:01:00,,2134.85,30,26.083,23.508,24.213,0,0,0,,,,,,
2022-01-08,123037.0,Vanivilasa Sagar Dam,Krishna,Vedavati,Hagari Or Vedavati,08-01-2022 12:01:00,,2134.85,30,26.072,23.497,24.202,0,0,0,,,,,,
2022-01-09,,,,,,,,2134.85,,,,,,,,,,,,,0.1
2022-01-10,123038.0,Vanivilasa Sagar Dam,Krishna,Vedavati,Hagari Or Vedavati,10-01-2022 12:01:00,,2134.85,30,26.048,23.473,24.178,0,0,0,,,,,,
2022-01-11,123039.0,Vanivilasa Sagar Dam,Krishna,Vedavati,Hagari Or Vedavati,11-01-2022 12:01:00,,2134.8,30,26.04,23.465,24.17,0,135,0,,,,,,
2022-01-12,123040.0,Vanivilasa Sagar Dam,Krishna,Vedavati,Hagari Or Vedavati,12-01-2022 12:01:00,,2134.8,30,26.02,23.445,24.15,0,135,0,,,,,,
2022-01-13,,,,,,,,2134.775,,,,,,,,,,,,,0.0
2022-01-14,123041.0,Vanivilasa Sagar Dam,Krishna,Vedavati,Hagari Or Vedavati,14-01-2022 12:01:00,,2134.75,30,26,23.425,24.13,0,135,0,,,,,,
2022-01-15,123042.0,Vanivilasa Sagar Dam,Krishna,Vedavati,Hagari Or Vedavati,15-01-2022 12:01:00,,2134.75,30,25.99,23.415,24.12,0,135,0,,,,,,
2022-01-16,,,,,,,,2134.733333333333,,,,,,,,,,,,,0.4
2022-01-17,,,,,,,,2134.7166666666667,,,,,,,,,,,,,0.2
2022-01-18,123043.0,Vanivilasa Sagar Dam,Krishna,Vedavati,Hagari Or Vedavati,18-01-2022 12:01:00,,2134.7,30,25.95,23.375,24.08,0,0,0,,,,,,
2022-01-19,123044.0,Vanivilasa Sagar Dam,Krishna,Vedavati,Hagari Or Vedavati,19-01-2022 12:01:00,,2134.7,30,25.94,23.365,24.07,0,0,0,,,,,,
2022-01-20,,,,,,,,2134.675,,,,,,,,,,,,,0.0
2022-01-21,123045.0,Vanivilasa Sagar Dam,Krishna,Vedavati,Hagari Or Vedavati,21-01-2022 12:01:00,,2134.65,30,25.92,23.345,24.05,0,0,0,,,,,,
2022-01-22,123046.0,Vanivilasa Sagar Dam,Krishna,Vedavati,Hagari Or Vedavati,22-01-2022 12:01:00,,2134.65,30,25.91,23.335,24.04,0,135,0,,,,,,
2022-01-23,123047.0,Vanivilasa Sagar Dam,Krishna,Vedavati,Hagari Or Vedavati,23-01-2022 12:01:00,,2134.6,30,25.89,23.315,24.02,0,135,0,,,,,,
2022-01-24,123048.0,Vanivilasa Sagar Dam,Krishna,Vedavati,Hagari Or Vedavati,24-01-2022 12:01:00,,2134.6,30,25.88,23.305,24.01,0,135,0,,,,,,
2022-01-25,123049.0,Vanivilasa Sagar Dam,Krishna,Vedavati,Hagari Or Vedavati,25-01-2022 12:01:00,,2134.6,30,25.87,23.295,24,0,135,0,,,,,,
2022-01-26,123050.0,Vanivilasa Sagar Dam,Krishna,Vedavati,Hagari Or Vedavati,26-01-2022 12:01:00,,2134.6,30,25.86,23.285,23.99,0,135,0,,,,,,
2022-01-27,123051.0,Vanivilasa Sagar Dam,Krishna,Vedavati,Hagari Or Vedavati,27-01-2022 12:01:00,,2134.6,30,25.85,23.275,23.98,0,135,0,,,,,,
2022-01-28,123052.0,Vanivilasa Sagar Dam,Krishna,Vedavati,Hagari Or Vedavati,28-01-2022 12:01:00,86.1,2134.55,30,25.83,23.255,23.96,0,135,0,,17.14,1.96,0,,
2022-01-29,123053.0,Vanivilasa Sagar Dam,Krishna,Vedavati,Hagari Or Vedavati,29-01-2022 12:01:00,,2134.55,30,25.82,23.245,23.95,0,0,0,,,,,,
2022-01-30,123054.0,Vanivilasa Sagar Dam,Krishna,Vedavati,Hagari Or Vedavati,30-01-2022 12:01:00,,2134.55,30,25.81,23.235,23.94,0,0,0,,,,,,
2022-01-31,123055.0,Vanivilasa Sagar Dam,Krishna,Vedavati,Hagari Or Vedavati,31-01-2022 12:01:00,,2134.55,30,25.8,23.225,23.93,0,0,0,,,,,,
2022-02-01,123056.0,Vanivilasa Sagar Dam,Krishna,Vedavati,Hagari Or Vedavati,01-02-2022 12:02:00,,2134.5,30,25.79,23.215,23.92,0,135,0,,,,,,
2022-02-02,123057.0,Vanivilasa Sagar Dam,Krishna,Vedavati,Hagari Or Vedavati,02-02-2022 12:02:00,,2134.5,30,25.77,23.195,23.9,0,168,0,,,,,,
2022-02-03,123058.0,Vanivilasa Sagar Dam,Krishna,Vedavati,Hagari Or Vedavati,03-02-2022 12:02:00,,2134.45,30,25.76,23.185,23.89,0,168,0,,,,,,
2022-02-04,123059.0,Vanivilasa Sagar Dam,Krishna,Vedavati,Hagari Or Vedavati,04-02-2022 12:02:00,,2134.45,30,25.75,23.175,23.88,0,168,0,,,,,,
2022-02-05,123060.0,Vanivilasa Sagar Dam,Krishna,Vedavati,Hagari Or Vedavati,05-02-2022 12:02:00,,2134.4,30,25.71,23.135,23.84,0,168,0,,,,,,
2022-02-06,123061.0,Vanivilasa Sagar Dam,Krishna,Vedavati,Hagari Or Vedavati,06-02-2022 12:02:00,,2134.35,30,26.63,24.055,24.76,0,168,0,,,,,,
2022-02-07,123062.0,Vanivilasa Sagar Dam,Krishna,Vedavati,Hagari Or Vedavati,07-02-2022 12:02:00,,2134.35,30,25.589,23.014,23.719,0,0,0,,,,,,
2022-02-08,123063.0,Vanivilasa Sagar Dam,Krishna,Vedavati,Hagari Or Vedavati,08-02-2022 12:02:00,,2134.2,30,25.532,22.957,23.662,0,0,0,,,,,,
2022-02-09,123064.0,Vanivilasa Sagar Dam,Krishna,Vedavati,Hagari Or Vedavati,09-02-2022 12:02:00,,2134.1,30,25.47,22.895,23.6,0,168,0,,,,,,
2022-02-10,123065.0,Vanivilasa Sagar Dam,Krishna,Vedavati,Hagari Or Vedavati,10-02-2022 12:02:00,,2134.05,30,25.41,22.835,23.54,0,168,0,,,,,,
2022-02-11,123066.0,Vanivilasa Sagar Dam,Krishna,Vedavati,Hagari Or Vedavati,11-02-2022 12:02:00,,2133.95,30,25.35,22.775,23.48,0,168,0,,,,,,
2022-02-12,123067.0,Vanivilasa Sagar Dam,Krishna,Vedavati,Hagari Or Vedavati,12-02-2022 12:02:00,,2133.85,30,25.3,22.725,23.43,0,168,0,,,,,,
2022-02-13,123068.0,Vanivilasa Sagar Dam,Krishna,Vedavati,Hagari Or Vedavati,13-02-2022 12:02:00,,2133.8,30,25.24,22.665,23.37,0,168,0,,,,,,
2022-02-14,123069.0,Vanivilasa Sagar Dam,Krishna,Vedavati,Hagari Or Vedavati,14-02-2022 12:02:00,,2133.75,30,25.18,22.605,23.31,0,168,0,,,,,,
2022-02-15,123070.0,Vanivilasa Sagar Dam,Krishna,Vedavati,Hagari Or Vedavati,15-02-2022 12:02:00,,2133.7,30,25.14,22.565,23.27,0,168,0,,,,,,
2022-02-16,123071.0,Vanivilasa Sagar Dam,Krishna,Vedavati,Hagari Or Vedavati,16-02-2022 12:02:00,,2133.65,30,25.08,22.505,23.21,0,168,0,,,,,,
2022-02-17,123072.0,Vanivilasa Sagar Dam,Krishna,Vedavati,Hagari Or Vedavati,17-02-2022 12:02:00,,2133.55,30,25.02,22.445,23.15,0,168,0,,,,,,
2022-02-18,123073.0,Vanivilasa Sagar Dam,Krishna,Vedavati,Hagari Or Vedavati,18-02-2022 12:02:00,,2133.5,30,24.96,22.385,23.09,0,168,0,,,,,,
2022-02-19,123074.0,Vanivilasa Sagar Dam,Krishna,Vedavati,Hagari Or Vedavati,19-02-2022 12:02:00,,2133.45,30,24.91,22.335,23.04,0,168,0,,,,,,
2022-02-20,,,,,,,,2133.375,,,,,,,,,,,,,0.0
2022-02-21,123075.0,Vanivilasa Sagar Dam,Krishna,Vedavati,Hagari Or Vedavati,21-02-2022 12:02:00,,2133.3,30,22.92,20.345,21.05,0,0,0,,,,,,
2022-02-22,123076.0,Vanivilasa Sagar Dam,Krishna,Vedavati,Hagari Or Vedavati,22-02-2022 12:02:00,,2113.2,30,24.73,22.155,22.86,0,168,0,,,,,,
2022-02-23,123077.0,Vanivilasa Sagar Dam,Krishna,Vedavati,Hagari Or Vedavati,23-02-2022 12:02:00,,2133.15,30,24.67,22.095,22.8,0,168,0,,,,,,
2022-02-24,,,,,,,,2133.075,,,,,,,,,,,,,0.0
2022-02-25,123078.0,Vanivilasa Sagar Dam,Krishna,Vedavati,Hagari Or Vedavati,25-02-2022 12:02:00,,2133,30,24.56,21.985,22.69,0,168,0,,,,,,
2022-02-26,123079.0,Vanivilasa Sagar Dam,Krishna,Vedavati,Hagari Or Vedavati,26-02-2022 12:02:00,,2132.95,30,24.5,21.925,22.63,0,168,0,,,,,,
2022-02-27,123080.0,Vanivilasa Sagar Dam,Krishna,Vedavati,Hagari Or Vedavati,27-02-2022 12:02:00,,2132.85,30,24.44,21.865,22.57,0,168,0,,,,,,
2022-02-28,123081.0,Vanivilasa Sagar Dam,Krishna,Vedavati,Hagari Or Vedavati,28-02-2022 12:02:00,,2132.8,30,24.38,21.805,22.51,0,168,0,,,,,,
2022-03-01,123082.0,Vanivilasa Sagar Dam,Krishna,Vedavati,Hagari Or Vedavati,01-03-2022 12:03:00,,2132.75,30,24.33,21.755,22.46,0,168,0,,,,,,
2022-03-02,123083.0,Vanivilasa Sagar Dam,Krishna,Vedavati,Hagari Or Vedavati,02-03-2022 12:03:00,,2132.7,30,24.28,21.705,22.41,0,179,0,,,,,,
2022-03-03,,,,,,,,2132.633333333333,,,,,,,,,,,,,0.0
2022-03-04,,,,,,,,2132.5666666666666,,,,,,,,,,,,,0.0
2022-03-05,123084.0,Vanivilasa Sagar Dam,Krishna,Vedavati,Hagari Or Vedavati,05-03-2022 12:03:00,,2132.5,30,24.15,21.575,22.28,0,179,0,,,,,,
2022-03-06,123085.0,Vanivilasa Sagar Dam,Krishna,Vedavati,Hagari Or Vedavati,06-03-2022 12:03:00,,2132.45,30,24.11,21.535,22.24,0,179,0,,,,,,
2022-03-07,123086.0,Vanivilasa Sagar Dam,Krishna,Vedavati,Hagari Or Vedavati,07-03-2022 12:03:00,,2132.4,30,24.06,21.485,22.19,0,179,0,,,,,,
2022-03-08,123087.0,Vanivilasa Sagar Dam,Krishna,Vedavati,Hagari Or Vedavati,08-03-2022 12:03:00,,2132.4,30,24.06,21.485,22.19,0,179,0,,,,,,
2022-03-09,,,,,,,,2132.4,,,,,,,,,,,,,0.0
2022-03-10,123088.0,Vanivilasa Sagar Dam,Krishna,Vedavati,Hagari Or Vedavati,10-03-2022 12:03:00,,2132.4,30,24.04,21.465,22.17,0,179,0,,,,,,
2022-03-11,123089.0,Vanivilasa Sagar Dam,Krishna,Vedavati,Hagari Or Vedavati,11-03-2022 12:03:00,,2132.35,30,24.03,21.455,22.16,0,179,0,,,,,,
2022-03-12,,,,,,,,2132.333333333333,,,,,,,,,,,,,0.0
2022-03-13,,,,,,,,2132.3166666666666,,,,,,,,,,,,,0.0
2022-03-14,123090.0,Vanivilasa Sagar Dam,Krishna,Vedavati,Hagari Or Vedavati,14-03-2022 12:03:00,,2132.3,30,23.97,21.395,22.1,0,179,0,,,,,,
2022-03-15,123091.0,Vanivilasa Sagar Dam,Krishna,Vedavati,Hagari Or Vedavati,15-03-2022 12:03:00,,2132.3,30,23.95,21.375,22.08,0,179,0,,,,,,
2022-03-16,,,,,,,,2132.2833333333333,,,,,,,,,,,,,0.0
2022-03-17,,,,,,,,2132.266666666667,,,,,,,,,,,,,0.0
2022-03-18,123092.0,Vanivilasa Sagar Dam,Krishna,Vedavati,Hagari Or Vedavati,18-03-2022 12:03:00,,2132.25,30,23.91,21.335,22.04,0,179,0,,,,,,
2022-03-19,123093.0,Vanivilasa Sagar Dam,Krishna,Vedavati,Hagari Or Vedavati,19-03-2022 12:03:00,,2132.2,30,23.89,21.315,22.02,0,179,0,,,,,,
2022-03-20,,,,,,,,2132.175,,,,,,,,,,,,,0.9
2022-03-21,123094.0,Vanivilasa Sagar Dam,Krishna,Vedavati,Hagari Or Vedavati,21-03-2022 12:03:00,,2132.15,30,23.86,21.285,21.99,0,179,0,,,,,,
2022-03-22,,,,,,,,2132.15,,,,,,,,,,,,,1.4
2022-03-23,123095.0,Vanivilasa Sagar Dam,Krishna,Vedavati,Hagari Or Vedavati,23-03-2022 12:03:00,,2132.15,30,23.83,21.255,21.96,0,179,0,,,,,,
2022-03-24,123096.0,Vanivilasa Sagar Dam,Krishna,Vedavati,Hagari Or Vedavati,24-03-2022 12:03:00,,2132.1,30,23.82,21.245,21.95,0,179,0,,,,,,
2022-03-25,123097.0,Vanivilasa Sagar Dam,Krishna,Vedavati,Hagari Or Vedavati,25-03-2022 12:03:00,,2132.1,30,23.8,21.225,21.93,0,179,0,,,,,,
2022-03-26,123098.0,Vanivilasa Sagar Dam,Krishna,Vedavati,Hagari Or Vedavati,26-03-2022 12:03:00,,2132.1,30,23.79,21.215,21.92,0,179,0,,,,,,
2022-03-27,,,,,,,,2132.083333333333,,,,,,,,,,,,,0.0
2022-03-28,,,,,,,,2132.0666666666666,,,,,,,,,,,,,0.0
2022-03-29,,,,,,,,2132.05,,,,,,,,,,,,,0.1
2022-03-30,,,,,,,,2132.0333333333333,,,,,,,,,,,,,0.0
2022-03-31,,,,,,,,2132.0166666666664,,,,,,,,,,,,,0.0
2022-04-01,123099.0,Vanivilasa Sagar Dam,Krishna,Vedavati,Hagari Or Vedavati,01-04-2022 12:04:00,,2132,30,23.69,21.115,21.82,0,179,0,,,,,,
2022-04-02,123100.0,Vanivilasa Sagar Dam,Krishna,Vedavati,Hagari Or Vedavati,02-04-2022 12:04:00,,2131.95,30,23.68,21.105,21.81,0,179,0,,,,,,
2022-04-03,123101.0,Vanivilasa Sagar Dam,Krishna,Vedavati,Hagari Or Vedavati,03-04-2022 12:04:00,,2131.95,30,23.66,21.085,21.79,0,179,0,,,,,,
2022-04-04,123102.0,Vanivilasa Sagar Dam,Krishna,Vedavati,Hagari Or Vedavati,04-04-2022 12:04:00,,2131.95,30,23.64,21.065,21.77,0,179,0,,,,,,
2022-04-05,123103.0,Vanivilasa Sagar Dam,Krishna,Vedavati,Hagari Or Vedavati,05-04-2022 12:04:00,,2131.9,30,23.63,21.055,21.76,0,179,0,,,,,,
2022-04-06,123104.0,Vanivilasa Sagar Dam,Krishna,Vedavati,Hagari Or Vedavati,06-04-2022 12:04:00,,2131.85,30,23.6,21.025,21.73,0,179,0,,,,,,
2022-04-07,,,,,,,,2131.8,,,,,,,,,,,,,0.0
2022-04-08,123105.0,Vanivilasa Sagar Dam,Krishna,Vedavati,Hagari Or Vedavati,08-04-2022 12:04:00,,2131.75,30,23.48,20.905,21.61,0,179,0,,,,,,
2022-04-09,,,,,,,,2131.68,,,,,,,,,,,,,0.0
2022-04-10,,,,,,,,2131.61,,,,,,,,,,,,,0.0
2022-04-11,,,,,,,,2131.54,,,,,,,,,,,,,0.0
2022-04-12,,,,,,,,2131.4700000000003,,,,,,,,,,,,,0.0
2022-04-13,123106.0,Vanivilasa Sagar Dam,Krishna,Vedavati,Hagari Or Vedavati,13-04-2022 12:04:00,,2131.4,30,23.19,20.615,21.32,0,179,0,,,,,,
2022-04-14,123107.0,Vanivilasa Sagar Dam,Krishna,Vedavati,Hagari Or Vedavati,14-04-2022 12:04:00,,2131.3,30,23.13,20.555,21.26,0,179,0,,,,,,
2022-04-15,123108.0,Vanivilasa Sagar Dam,Krishna,Vedavati,Hagari Or Vedavati,15-04-2022 12:04:00,,2131.25,30,23.07,20.495,21.2,0,179,0,,,,,,
2022-04-16,123109.0,Vanivilasa Sagar Dam,Krishna,Vedavati,Hagari Or Vedavati,16-04-2022 12:04:00,,2131.15,30,23.01,20.435,21.14,0,179,0,,,,,,
2022-04-17,123110.0,Vanivilasa Sagar Dam,Krishna,Vedavati,Hagari Or Vedavati,17-04-2022 12:04:00,,2131.1,30,22.96,20.385,21.09,0,179,0,,,,,,
2022-04-18,123111.0,Vanivilasa Sagar Dam,Krishna,Vedavati,Hagari Or Vedavati,18-04-2022 12:04:00,,2131.05,30,22.9,20.325,21.03,0,179,0,,,,,,
2022-04-19,123112.0,Vanivilasa Sagar Dam,Krishna,Vedavati,Hagari Or Vedavati,19-04-2022 12:04:00,,2131,30,22.84,20.265,20.97,0,179,0,,,,,,
2022-04-20,,,,,,,,2130.9,,,,,,,,,,,,,0.0
2022-04-21,123113.0,Vanivilasa Sagar Dam,Krishna,Vedavati,Hagari Or Vedavati,21-04-2022 12:04:00,,2130.8,30,22.72,20.145,20.85,0,179,0,,,,,,
2022-04-22,123114.0,Vanivilasa Sagar Dam,Krishna,Vedavati,Hagari Or Vedavati,22-04-2022 12:04:00,,2130.7,30,22.6,20.025,20.73,0,179,0,,,,,,
2022-04-23,123115.0,Vanivilasa Sagar Dam,Krishna,Vedavati,Hagari Or Vedavati,23-04-2022 12:04:00,75.333,2130.7,30,22.6,20.025,20.73,0,179,0,,17.14,3.233,0,,
2022-04-24,123116.0,Vanivilasa Sagar Dam,Krishna,Vedavati,Hagari Or Vedavati,24-04-2022 12:04:00,75.133,2130.6,30,22.54,19.965,20.67,0,179,0,,17.14,3.248,0,,
2022-04-25,123117.0,Vanivilasa Sagar Dam,Krishna,Vedavati,Hagari Or Vedavati,25-04-2022 12:04:00,,2130.55,30,22.49,19.915,20.62,0,179,0,,,,,,
2022-04-26,123118.0,Vanivilasa Sagar Dam,Krishna,Vedavati,Hagari Or Vedavati,26-04-2022 12:04:00,74.767,2130.5,30,22.43,19.855,20.56,0,179,0,,17.14,3.279,0,,
2022-04-27,123119.0,Vanivilasa Sagar Dam,Krishna,Vedavati,Hagari Or Vedavati,27-04-2022 12:04:00,74.567,2130.4,30,22.37,19.795,20.5,0,179,0,,17.14,3.295,0,,
2022-04-28,123120.0,Vanivilasa Sagar Dam,Krishna,Vedavati,Hagari Or Vedavati,28-04-2022 12:04:00,74.367,2130.35,30,22.31,19.735,20.44,0,179,0,,17.14,3.31,0,,
2022-04-29,123121.0,Vanivilasa Sagar Dam,Krishna,Vedavati,Hagari Or Vedavati,29-04-2022 12:04:00,74.167,2130.3,30,22.25,19.675,20.38,0,179,0,,17.14,3.325,0,,
2022-04-30,123122.0,Vanivilasa Sagar Dam,Krishna,Vedavati,Hagari Or Vedavati,30-04-2022 12:04:00,,2130.25,30,22.19,19.615,20.32,0,179,0,,,,,,
2022-05-01,123123.0,Vanivilasa Sagar Dam,Krishna,Vedavati,Hagari Or Vedavati,01-05-2022 12:05:00,,2130.15,30,22.15,19.575,20.28,0,179,0,,,,,,
2022-05-02,123124.0,Vanivilasa Sagar Dam,Krishna,Vedavati,Hagari Or Vedavati,02-05-2022 12:05:00,,2130.1,30,22.13,19.555,20.26,0,179,0,,,,,,
2022-05-03,123125.0,Vanivilasa Sagar Dam,Krishna,Vedavati,Hagari Or Vedavati,03-05-2022 12:05:00,,2130.1,30,22.11,19.535,20.24,0,179,0,,,,,,
2022-05-04,,,,,,,,2130.1,,,,,,,,,,,,,9.0
2022-05-05,123126.0,Vanivilasa Sagar Dam,Krishna,Vedavati,Hagari Or Vedavati,05-05-2022 12:05:00,,2130.1,30,22.08,19.505,20.21,0,179,0,,,,,,
2022-05-06,,,,,,,,2130.05,,,,,,,,,,,,,2.9
2022-05-07,123127.0,Vanivilasa Sagar Dam,Krishna,Vedavati,Hagari Or Vedavati,07-05-2022 12:05:00,,2130,30,22.04,19.465,20.17,0,164,0,,,,,,
2022-05-08,,,,,,,,2129.978571428572,,,,,,,,,,,,,0.0
2022-05-09,,,,,,,,2129.957142857143,,,,,,,,,,,,,0.9
2022-05-10,,,,,,,,2129.9357142857143,,,,,,,,,,,,,2.5
2022-05-11,,,,,,,,2129.9142857142856,,,,,,,,,,,,,4.7
2022-05-12,,,,,,,,2129.892857142857,,,,,,,,,,,,,0.6
2022-05-13,,,,,,,,2129.8714285714286,,,,,,,,,,,,,12.9
2022-05-14,123128.0,Vanivilasa Sagar Dam,Krishna,Vedavati,Hagari Or Vedavati,14-05-2022 12:05:00,,2129.85,30,21.95,19.375,20.08,0,164,0,,,,,,
2022-05-15,123129.0,Vanivilasa Sagar Dam,Krishna,Vedavati,Hagari Or Vedavati,15-05-2022 12:05:00,,2129.85,30,21.94,19.365,20.07,0,164,0,,,,,,
2022-05-16,,,,,,,,2129.9,,,,,,,,,,,,,26.3
2022-05-17,,,,,,,,2129.95,,,,,,,,,,,,,16.1
2022-05-18,123130.0,Vanivilasa Sagar Dam,Krishna,Vedavati,Hagari Or Vedavati,18-05-2022 12:05:00,,2130,30,22.04,19.465,20.17,1646,164,0,,,,,,
2022-05-19,123131.0,Vanivilasa Sagar Dam,Krishna,Vedavati,Hagari Or Vedavati,19-05-2022 12:05:00,,2130.1,30,22.12,19.545,20.25,1136,164,0,,,,,,
2022-05-20,,,,,,,,2130.175,,,,,,,,,,,,,1.5
2022-05-21,123132.0,Vanivilasa Sagar Dam,Krishna,Vedavati,Hagari Or Vedavati,21-05-2022 12:05:00,74.167,2130.25,30,22.25,19.675,20.38,650,164,0,,17.535,3.645,0,,
2022-05-22,123133.0,Vanivilasa Sagar Dam,Krishna,Vedavati,Hagari Or Vedavati,22-05-2022 12:05:00,74.267,2130.3,30,22.28,19.705,20.41,407,164,0,,17.57,3.659,0,,
2022-05-23,123134.0,Vanivilasa Sagar Dam,Krishna,Vedavati,Hagari Or Vedavati,23-05-2022 12:05:00,74.233,2130.25,30,22.27,19.695,20.4,0,164,0,,17.57,3.673,0,,
2022-05-24,,,,,,,,2130.25,,,,,,,,,,,,,0.0
2022-05-25,123135.0,Vanivilasa Sagar Dam,Krishna,Vedavati,Hagari Or Vedavati,25-05-2022 12:05:00,74.1,2130.25,30,22.23,19.655,20.36,0,164,0,,17.57,3.702,0,,
2022-05-26,123136.0,Vanivilasa Sagar Dam,Krishna,Vedavati,Hagari Or Vedavati,26-05-2022 12:05:00,,2130.25,30,22.22,19.645,20.35,0,164,0,,,,,,
2022-05-27,123137.0,Vanivilasa Sagar Dam,Krishna,Vedavati,Hagari Or Vedavati,27-05-2022 12:05:00,,2130.2,30,22.21,19.635,20.34,0,164,0,,,,,,
2022-05-28,123138.0,Vanivilasa Sagar Dam,Krishna,Vedavati,Hagari Or Vedavati,28-05-2022 12:05:00,86.1,2130.2,30,22.2,19.625,20.33,0,164,0,,17.14,1.96,0,,
2022-05-29,123139.0,Vanivilasa Sagar Dam,Krishna,Vedavati,Hagari Or Vedavati,29-05-2022 12:05:00,,2130.2,30,22.18,19.605,20.31,0,164,0,,,,,,
2022-05-30,123140.0,Vanivilasa Sagar Dam,Krishna,Vedavati,Hagari Or Vedavati,30-05-2022 12:05:00,,2130.2,30,22.17,0,,0,164,0,,,,,,
2022-05-31,123141.0,Vanivilasa Sagar Dam,Krishna,Vedavati,Hagari Or Vedavati,31-05-2022 12:05:00,,2130.15,30,22.16,0,,0,164,0,,,,,,
2022-06-01,123142.0,Vanivilasa Sagar Dam,Krishna,Vedavati,Hagari Or Vedavati,01-06-2022 12:06:00,73.833,2130.15,30,22.15,0,,0,164,0,,0,0.014,0,,
2022-06-02,123143.0,Vanivilasa Sagar Dam,Krishna,Vedavati,Hagari Or Vedavati,02-06-2022 12:06:00,73.767,2130.1,30,22.13,0,,0,137,0,,0,0.026,0,,
2022-06-03,123144.0,Vanivilasa Sagar Dam,Krishna,Vedavati,Hagari Or Vedavati,03-06-2022 12:06:00,73.733,2130.1,30,22.12,0,,0,137,0,,0,0.038,0,,
2022-06-04,123145.0,Vanivilasa Sagar Dam,Krishna,Vedavati,Hagari Or Vedavati,04-06-2022 12:06:00,73.7,2130.1,30,22.11,0,,0,137,0,,0,0.05,0,,
2022-06-05,123146.0,Vanivilasa Sagar Dam,Krishna,Vedavati,Hagari Or Vedavati,05-06-2022 12:06:00,73.633,2130.05,30,22.09,0,,0,137,0,,0,0.062,0,,
2022-06-06,123147.0,Vanivilasa Sagar Dam,Krishna,Vedavati,Hagari Or Vedavati,06-06-2022 12:06:00,,2130.6,30,22.54,19.965,20.67,5300,137,0,,,,,,
2022-06-07,123148.0,Vanivilasa Sagar Dam,Krishna,Vedavati,Hagari Or Vedavati,07-06-2022 12:06:00,,2130.8,30,22.71,20.135,20.84,2076,137,0,,,,,,
2022-06-08,123149.0,Vanivilasa Sagar Dam,Krishna,Vedavati,Hagari Or Vedavati,08-06-2022 12:06:00,,2130.85,30,22.75,20.175,20.88,621,137,0,,,,,,
2022-06-09,123150.0,Vanivilasa Sagar Dam,Krishna,Vedavati,Hagari Or Vedavati,09-06-2022 12:06:00,74.667,2130.45,30,22.4,19.825,20.53,0,123,0,,0,0.011,0,,
2022-06-10,123151.0,Vanivilasa Sagar Dam,Krishna,Vedavati,Hagari Or Vedavati,10-06-2022 12:06:00,,2130.85,30,22.74,20.165,20.87,0,137,0,,,,,,
2022-06-11,123152.0,Vanivilasa Sagar Dam,Krishna,Vedavati,Hagari Or Vedavati,11-06-2022 12:06:00,,2130.85,30,22.72,20.145,20.85,0,137,0,,,,,,
2022-06-12,,,,,,,,2130.833333333333,,,,,,,,,,,,,5.3
2022-06-13,,,,,,,,2130.8166666666666,,,,,,,,,,,,,2.1
2022-06-14,123153.0,Vanivilasa Sagar Dam,Krishna,Vedavati,Hagari Or Vedavati,14-06-2022 12:06:00,,2130.8,30,22.68,20.105,20.81,0,137,0,,,,,,
2022-06-15,123154.0,Vanivilasa Sagar Dam,Krishna,Vedavati,Hagari Or Vedavati,15-06-2022 12:06:00,,2130.75,30,22.67,20.095,20.8,0,137,0,,,,,,
2022-06-16,,,,,,,,2130.7375,,,,,,,,,,,,,10.1
2022-06-17,,,,,,,,2130.725,,,,,,,,,,,,,12.8
2022-06-18,,,,,,,,2130.7125,,,,,,,,,,,,,5.6
2022-06-19,123155.0,Vanivilasa Sagar Dam,Krishna,Vedavati,Hagari Or Vedavati,19-06-2022 12:06:00,,2130.7,30,22.62,20.045,20.75,0,137,0,,,,,,
2022-06-20,,,,,,,,2130.7,,,,,,,,,,,,,7.5
2022-06-21,123156.0,Vanivilasa Sagar Dam,Krishna,Vedavati,Hagari Or Vedavati,21-06-2022 12:06:00,74.167,2130.7,30,22.6,20.025,20.73,0,137,0,,17.535,3.645,0,,
2022-06-22,123157.0,Vanivilasa Sagar Dam,Krishna,Vedavati,Hagari Or Vedavati,22-06-2022 12:06:00,,2130.65,30,22.59,20.015,20.72,0,137,0,,,,,,
2022-06-23,123158.0,Vanivilasa Sagar Dam,Krishna,Vedavati,Hagari Or Vedavati,23-06-2022 12:06:00,74.233,2130.65,30,22.58,20.005,20.71,0,137,0,,17.57,3.673,0,,
2022-06-24,123159.0,Vanivilasa Sagar Dam,Krishna,Vedavati,Hagari Or Vedavati,24-06-2022 12:06:00,,2130.65,30,22.56,19.985,20.69,0,137,0,,,,,,
2022-06-25,123160.0,Vanivilasa Sagar Dam,Krishna,Vedavati,Hagari Or Vedavati,25-06-2022 12:06:00,,2130.65,30,22.55,19.975,20.68,0,137,0,,,,,,
2022-06-26,,,,,,,,2130.633333333333,,,,,,,,,,,,,1.1
2022-06-27,,,,,,,,2130.616666666667,,,,,,,,,,,,,0.3
2022-06-28,,,,,,,,2130.6000000000004,,,,,,,,,,,,,0.4
2022-06-29,,,,,,,,2130.583333333333,,,,,,,,,,,,,4.9
2022-06-30,,,,,,,,2130.5666666666666,,,,,,,,,,,,,3.9
2022-07-01,123161.0,Vanivilasa Sagar Dam,Krishna,Vedavati,Hagari Or Vedavati,01-07-2022 12:07:00,74.933,2130.55,30,22.48,19.905,20.61,0,137,0,,0,0.272,0,,
2022-07-02,123162.0,Vanivilasa Sagar Dam,Krishna,Vedavati,Hagari Or Vedavati,02-07-2022 12:07:00,74.9,2130.55,30,22.47,19.895,20.6,0,123,0,,0,0.283,0,,
2022-07-03,123163.0,Vanivilasa Sagar Dam,Krishna,Vedavati,Hagari Or Vedavati,03-07-2022 12:07:00,74.867,2130.5,30,22.46,19.885,20.59,0,123,0,,0,0.294,0,,
2022-07-04,123164.0,Vanivilasa Sagar Dam,Krishna,Vedavati,Hagari Or Vedavati,04-07-2022 12:07:00,74.833,2130.5,30,22.45,19.875,20.58,0,123,0,,0,0.304,0,,
2022-07-05,123165.0,Vanivilasa Sagar Dam,Krishna,Vedavati,Hagari Or Vedavati,05-07-2022 12:07:00,74.8,2130.5,30,22.44,19.865,20.57,0,123,0,,0,0.315,0,,
2022-07-06,123166.0,Vanivilasa Sagar Dam,Krishna,Vedavati,Hagari Or Vedavati,06-07-2022 12:07:00,74.767,2130.5,30,22.43,19.855,20.56,0,123,0,,0,0.325,0,,
2022-07-07,123167.0,Vanivilasa Sagar Dam,Krishna,Vedavati,Hagari Or Vedavati,07-07-2022 12:07:00,74.733,2130.5,30,22.42,19.845,20.55,0,123,0,,0,0.336,0,,
2022-07-08,123168.0,Vanivilasa Sagar Dam,Krishna,Vedavati,Hagari Or Vedavati,08-07-2022 12:07:00,,2130.45,30,22.41,19.835,20.54,0,123,0,,,,,,
2022-07-09,,,,,,,,2130.45,,,,,,,,,,,,,3.1
2022-07-10,123169.0,Vanivilasa Sagar Dam,Krishna,Vedavati,Hagari Or Vedavati,10-07-2022 12:07:00,74.633,2130.45,30,22.39,19.815,20.52,0,123,0,,0,0.021,0,,
2022-07-11,123170.0,Vanivilasa Sagar Dam,Krishna,Vedavati,Hagari Or Vedavati,11-07-2022 12:07:00,,2130.45,30,22.38,19.805,20.51,0,123,0,,0,0.032,0,,
2022-07-12,123171.0,Vanivilasa Sagar Dam,Krishna,Vedavati,Hagari Or Vedavati,12-07-2022 12:07:00,74.733,2130.5,30,22.42,19.845,20.55,621,123,0,,0.054,0.043,0,,
2022-07-13,123172.0,Vanivilasa Sagar Dam,Krishna,Vedavati,Hagari Or Vedavati,13-07-2022 12:07:00,75,2130.55,30,22.5,19.925,20.63,1043,123,0,,0.144,0.053,0,,
2022-07-14,123173.0,Vanivilasa Sagar Dam,Krishna,Vedavati,Hagari Or Vedavati,14-07-2022 12:07:00,75.133,2130.6,30,22.54,19.965,20.67,607,123,0,,0.196,0.064,0,,
2022-07-15,123174.0,Vanivilasa Sagar Dam,Krishna,Vedavati,Hagari Or Vedavati,15-07-2022 12:07:00,75.4,2130.7,30,22.62,20.045,20.75,1092,123,0,,0.291,0.074,0,,
2022-07-16,123175.0,Vanivilasa Sagar Dam,Krishna,Vedavati,Hagari Or Vedavati,16-07-2022 12:07:00,76.8,2131.2,30,23.04,20.465,21.17,4975,123,0,,0.72,0.085,0,,
2022-07-17,123176.0,Vanivilasa Sagar Dam,Krishna,Vedavati,Hagari Or Vedavati,17-07-2022 12:07:00,77.667,2131.5,30,23.3,20.725,21.43,3050,123,0,,0.984,0.096,0,,
2022-07-18,123177.0,Vanivilasa Sagar Dam,Krishna,Vedavati,Hagari Or Vedavati,18-07-2022 12:07:00,78.333,2131.75,30,23.5,20.925,21.63,2545,123,0,,1.204,0.106,0,,
2022-07-19,123178.0,Vanivilasa Sagar Dam,Krishna,Vedavati,Hagari Or Vedavati,19-07-2022 12:07:00,79.033,2132,30,23.71,21.135,21.84,2545,123,0,,1.424,0.117,0,,
2022-07-20,,,,,,,,2132.25,,,,,,,,,,,,,2.0
2022-07-21,123179.0,Vanivilasa Sagar Dam,Krishna,Vedavati,Hagari Or Vedavati,21-07-2022 12:07:00,80.433,2132.5,30,24.13,21.555,22.26,2062,123,0,,1.864,0.138,0,,
2022-07-22,123180.0,Vanivilasa Sagar Dam,Krishna,Vedavati,Hagari Or Vedavati,22-07-2022 12:07:00,80.733,2132.6,30,24.22,21.645,22.35,2062,123,0,,2.042,0.149,0,,
2022-07-23,123181.0,Vanivilasa Sagar Dam,Krishna,Vedavati,Hagari Or Vedavati,23-07-2022 12:07:00,81.433,2132.7,30,24.43,21.855,22.56,1092,123,0,,2.136,0.159,0,,
2022-07-24,123182.0,Vanivilasa Sagar Dam,Krishna,Vedavati,Hagari Or Vedavati,24-07-2022 12:07:00,81.467,2132.75,30,24.44,21.865,22.57,607,123,0,,2.189,0.17,0,,
2022-07-25,123183.0,Vanivilasa Sagar Dam,Krishna,Vedavati,Hagari Or Vedavati,25-07-2022 12:07:00,81.267,2132.8,30,24.38,21.805,22.51,607,123,0,,2.241,0.181,0,,
2022-07-26,123184.0,Vanivilasa Sagar Dam,Krishna,Vedavati,Hagari Or Vedavati,26-07-2022 12:07:00,81.233,2132.8,30,24.37,21.795,22.5,0,123,0,,2.241,0.191,0,,
2022-07-27,123185.0,Vanivilasa Sagar Dam,Krishna,Vedavati,Hagari Or Vedavati,27-07-2022 12:07:00,81.4,2132.85,30,24.42,21.845,22.55,0,123,0,,2.241,0.202,0,,
2022-07-28,123186.0,Vanivilasa Sagar Dam,Krishna,Vedavati,Hagari Or Vedavati,28-07-2022 12:07:00,82.4,2133.2,30,24.72,22.145,22.85,3640,123,0,,2.608,0.213,0,,
2022-07-29,123187.0,Vanivilasa Sagar Dam,Krishna,Vedavati,Hagari Or Vedavati,29-07-2022 12:07:00,83.233,2133.5,30,24.97,22.395,23.1,3020,123,0,,2.869,0.223,0,,
2022-07-30,123188.0,Vanivilasa Sagar Dam,Krishna,Vedavati,Hagari Or Vedavati,30-07-2022 12:07:00,83.8,2133.7,30,25.14,22.565,23.27,2062,123,0,,3.047,0.234,0,,
2022-07-31,123189.0,Vanivilasa Sagar Dam,Krishna,Vedavati,Hagari Or Vedavati,31-07-2022 12:07:00,84.2,2133.85,30,25.26,22.685,23.39,1577,123,0,,3.183,0.244,0,,
2022-08-01,123190.0,Vanivilasa Sagar Dam,Krishna,Vedavati,Hagari Or Vedavati,01-08-2022 12:08:00,84.767,2134.05,30,25.43,22.855,23.56,2062,123,0,,3.362,0.255,0,,
2022-08-02,123191.0,Vanivilasa Sagar Dam,Krishna,Vedavati,Hagari Or Vedavati,02-08-2022 12:08:00,85.333,2134.25,30,25.6,23.025,23.73,2070,131,0,,3.54,0.266,0,,
2022-08-03,123192.0,Vanivilasa Sagar Dam,Krishna,Vedavati,Hagari Or Vedavati,03-08-2022 12:08:00,86.167,2134.55,30,25.85,23.275,23.98,3040,131,0,,3.803,0.278,0,,
2022-08-04,123193.0,Vanivilasa Sagar Dam,Krishna,Vedavati,Hagari Or Vedavati,04-08-2022 12:08:00,86.743,2134.75,30,26.023,23.448,24.153,2079,135,0,,3.983,0.289,0,,
2022-08-05,123194.0,Vanivilasa Sagar Dam,Krishna,Vedavati,Hagari Or Vedavati,05-08-2022 12:08:00,87.44,2135,30,26.232,23.657,24.362,2554,135,0,,4.203,0.301,0,,
2022-08-06,123195.0,Vanivilasa Sagar Dam,Krishna,Vedavati,Hagari Or Vedavati,06-08-2022 12:08:00,88.14,2135.25,30,26.442,23.867,24.572,2565,135,0,,4.425,0.313,0,,
2022-08-07,123196.0,Vanivilasa Sagar Dam,Krishna,Vedavati,Hagari Or Vedavati,07-08-2022 12:08:00,88.837,2135.5,30,26.651,24.076,24.781,2554,135,0,,4.646,0.324,0,,
2022-08-08,123197.0,Vanivilasa Sagar Dam,Krishna,Vedavati,Hagari Or Vedavati,08-08-2022 12:08:00,,2135.75,30,26.861,24.286,24.991,2565,135,0,,,,,,
2022-08-09,123198.0,Vanivilasa Sagar Dam,Krishna,Vedavati,Hagari Or Vedavati,09-08-2022 12:08:00,90.233,2136,30,27.07,24.495,25.2,2554,135,0,,0.221,0.012,0,,
2022-08-10,123199.0,Vanivilasa Sagar Dam,Krishna,Vedavati,Hagari Or Vedavati,10-08-2022 12:08:00,90.793,2136.2,30,27.238,24.663,25.368,2082,138,0,,0.401,0.024,0,,
2022-08-11,123200.0,Vanivilasa Sagar Dam,Krishna,Vedavati,Hagari Or Vedavati,11-08-2022 12:08:00,,2136.5,30,27.489,24.914,25.619,3043,138,0,,0.663,0.036,0,,
2022-08-12,123201.0,Vanivilasa Sagar Dam,Krishna,Vedavati,Hagari Or Vedavati,12-08-2022 12:08:00,92.33,2136.75,30,27.699,25.124,25.829,2569,138,0,,0.885,0.047,0,,
2022-08-13,123202.0,Vanivilasa Sagar Dam,Krishna,Vedavati,Hagari Or Vedavati,13-08-2022 12:08:00,93.027,2137,30,27.908,25.333,26.038,2557,138,0,,1.106,0.059,0,,
2022-08-14,123203.0,Vanivilasa Sagar Dam,Krishna,Vedavati,Hagari Or Vedavati,14-08-2022 12:08:00,93.727,2137.25,30,28.118,25.543,26.248,2569,138,0,,1.328,0.071,0,,
2022-08-15,123204.0,Vanivilasa Sagar Dam,Krishna,Vedavati,Hagari Or Vedavati,15-08-2022 12:08:00,94.423,2137.5,30,28.327,25.752,26.457,2557,138,0,,1.549,0.083,0,,
2022-08-16,123205.0,Vanivilasa Sagar Dam,Krishna,Vedavati,Hagari Or Vedavati,16-08-2022 12:08:00,94.983,2137.7,30,28.495,25.92,26.625,1881,145,0,,1.712,0.096,0,,
2022-08-17,123206.0,Vanivilasa Sagar Dam,Krishna,Vedavati,Hagari Or Vedavati,17-08-2022 12:08:00,95.263,2137.8,30,28.579,26.004,26.709,1117,145,0,,1.808,0.108,0,,
2022-08-18,123207.0,Vanivilasa Sagar Dam,Krishna,Vedavati,Hagari Or Vedavati,18-08-2022 12:08:00,95.403,2137.85,30,28.621,26.046,26.751,631,145,0,,1.863,0.121,0,,
2022-08-19,123208.0,Vanivilasa Sagar Dam,Krishna,Vedavati,Hagari Or Vedavati,19-08-2022 12:08:00,95.54,2137.9,30,28.662,26.087,26.792,620,145,0,,1.916,0.133,0,,
2022-08-20,,,,,,,,2137.95,,,,,,,,,,,,,0.2
2022-08-21,123209.0,Vanivilasa Sagar Dam,Krishna,Vedavati,Hagari Or Vedavati,21-08-2022 12:08:00,95.82,2138,30,28.746,26.171,26.876,631,145,0,,2.025,0.158,0,,
2022-08-22,123210.0,Vanivilasa Sagar Dam,Krishna,Vedavati,Hagari Or Vedavati,22-08-2022 12:08:00,95.96,2138.05,30,28.788,26.213,26.918,631,145,0,,2.08,0.171,0,,
2022-08-23,123211.0,Vanivilasa Sagar Dam,Krishna,Vedavati,Hagari Or Vedavati,23-08-2022 12:08:00,96.1,2138.1,30,28.83,26.255,26.96,631,145,0,,2.134,0.183,0,,
2022-08-24,123212.0,Vanivilasa Sagar Dam,Krishna,Vedavati,Hagari Or Vedavati,24-08-2022 12:08:00,96.24,2138.15,30,28.872,26.297,27.002,631,145,0,,2.189,0.196,0,,
2022-08-25,123213.0,Vanivilasa Sagar Dam,Krishna,Vedavati,Hagari Or Vedavati,25-08-2022 12:08:00,96.38,2138.2,30,28.914,26.339,27.044,631,145,0,,2.243,0.208,0,,
2022-08-26,123214.0,Vanivilasa Sagar Dam,Krishna,Vedavati,Hagari Or Vedavati,26-08-2022 12:08:00,96.52,2138.25,30,28.956,26.381,27.086,634,148,0,,2.298,0.221,0,,
2022-08-27,123215.0,Vanivilasa Sagar Dam,Krishna,Vedavati,Hagari Or Vedavati,27-08-2022 12:08:00,96.66,2138.3,30,28.998,26.423,27.128,0,148,0,,2.298,0.234,0,,
2022-08-28,123216.0,Vanivilasa Sagar Dam,Krishna,Vedavati,Hagari Or Vedavati,28-08-2022 12:08:00,97.217,2138.5,30,29.165,26.59,27.295,2080,148,0,,2.478,0.247,0,,
2022-08-29,123217.0,Vanivilasa Sagar Dam,Krishna,Vedavati,Hagari Or Vedavati,29-08-2022 12:08:00,97.777,2138.7,30,29.333,26.758,27.463,2091,148,0,,2.659,0.26,0,,
2022-08-30,123218.0,Vanivilasa Sagar Dam,Krishna,Vedavati,Hagari Or Vedavati,30-08-2022 12:08:00,98.893,2139.1,30,29.668,27.093,27.798,4025,148,0,,3.006,0.272,0,,
2022-08-31,123219.0,Vanivilasa Sagar Dam,Krishna,Vedavati,Hagari Or Vedavati,31-08-2022 12:08:00,100.1,2139.5,30,30.03,27.455,28.16,4028,151,0,,3.354,0.285,0,,
2022-09-01,123220.0,Vanivilasa Sagar Dam,Krishna,Vedavati,Hagari Or Vedavati,01-09-2022 12:09:00,100.987,2139.85,30,30.296,27.721,28.426,3546,155,0,,3.661,0.299,0,,
2022-09-02,123221.0,Vanivilasa Sagar Dam,Krishna,Vedavati,Hagari Or Vedavati,02-09-2022 12:09:00,101.407,2140.25,30,30.422,27.847,28.552,1694,235.625,0,,3.807,0.319,0,,
2022-09-03,123222.0,Vanivilasa Sagar Dam,Krishna,Vedavati,Hagari Or Vedavati,03-09-2022 12:09:00,101.407,2140.8,30,30.422,27.847,28.552,1226,1226,0,,3.913,0.425,0,,
2022-09-04,123223.0,Vanivilasa Sagar Dam,Krishna,Vedavati,Hagari Or Vedavati,04-09-2022 12:09:00,101.407,2141.45,30,30.422,27.847,28.552,2612,2612,0,,4.139,0.651,0,,
2022-09-05,123224.0,Vanivilasa Sagar Dam,Krishna,Vedavati,Hagari Or Vedavati,05-09-2022 12:09:00,101.407,2142.1,30,30.422,27.847,28.552,4437,4437,0,,4.522,1.034,0,,
2022-09-06,123225.0,Vanivilasa Sagar Dam,Krishna,Vedavati,Hagari Or Vedavati,06-09-2022 12:09:00,101.407,2143,30,30.422,27.847,28.552,7467,7467,0,,5.167,1.679,0,,
2022-09-07,123226.0,Vanivilasa Sagar Dam,Krishna,Vedavati,Hagari Or Vedavati,07-09-2022 12:09:00,101.407,2144,30,30.422,27.847,28.552,11112,11112,0,,6.127,2.639,0,,
2022-09-08,123227.0,Vanivilasa Sagar Dam,Krishna,Vedavati,Hagari Or Vedavati,08-09-2022 12:09:00,,2145,30,30.422,27.847,28.552,14891,14891,0,,,,,,
2022-09-09,,,,,,,,2145.0,,,,,,,,,,,,,7.2
2022-09-10,123228.0,Vanivilasa Sagar Dam,Krishna,Vedavati,Hagari Or Vedavati,10-09-2022 12:09:00,101.407,2145,30,30.422,27.847,28.552,14514,14514,0,,9.784,6.426,0,,
2022-09-11,123229.0,Vanivilasa Sagar Dam,Krishna,Vedavati,Hagari Or Vedavati,11-09-2022 12:09:00,101.407,2145.8,30,30.422,27.847,28.552,13767,13767,0,,10.973,7.615,0,,
2022-09-12,,,,,,,,2145.5,,,,,,,,,,,,,0.5
2022-09-13,123230.0,Vanivilasa Sagar Dam,Krishna,Vedavati,Hagari Or Vedavati,13-09-2022 12:09:00,101.407,2145.2,30,30.422,27.847,28.552,10924,10924,0,,13.121,9.634,0,,
2022-09-14,123231.0,Vanivilasa Sagar Dam,Krishna,Vedavati,Hagari Or Vedavati,14-09-2022 12:09:00,101.407,2143.8,30,30.422,27.847,28.552,9269,9269,0,,13.922,10.434,0,,
2022-09-15,123232.0,Vanivilasa Sagar Dam,Krishna,Vedavati,Hagari Or Vedavati,15-09-2022 12:09:00,101.407,2143.6,30,30.422,27.847,28.552,8324,7774,550,,14.641,11.106,0.048,,
2022-09-16,123233.0,Vanivilasa Sagar Dam,Krishna,Vedavati,Hagari Or Vedavati,16-09-2022 12:09:00,101.407,2143.4,30,30.422,27.847,28.552,7416,6866,550,,15.282,11.699,0.095,,
2022-09-17,123234.0,Vanivilasa Sagar Dam,Krishna,Vedavati,Hagari Or Vedavati,17-09-2022 12:09:00,101.407,2143.2,30,30.422,27.847,28.552,6833,6833,550,,15.873,12.29,0.143,,
2022-09-18,123235.0,Vanivilasa Sagar Dam,Krishna,Vedavati,Hagari Or Vedavati,18-09-2022 12:09:00,101.407,2143,30,30.422,27.847,28.552,6548,6548,550,,16.438,12.855,0.19,,
2022-09-19,123236.0,Vanivilasa Sagar Dam,Krishna,Vedavati,Hagari Or Vedavati,19-09-2022 12:09:00,101.407,2142.8,30,30.422,27.847,28.552,6267,5717,550,,16.98,13.349,0.238,,
2022-09-20,,,,,,,,2142.6000000000004,,,,,,,,,,,,,6.3
2022-09-21,123237.0,Vanivilasa Sagar Dam,Krishna,Vedavati,Hagari Or Vedavati,21-09-2022 12:09:00,101.407,2142.4,30,30.422,27.847,28.552,5455,4905,550,,17.945,14.22,0.333,,
2022-09-22,123238.0,Vanivilasa Sagar Dam,Krishna,Vedavati,Hagari Or Vedavati,22-09-2022 12:09:00,101.407,2142.3,30,30.422,27.847,28.552,5193,4643,550,,18.394,14.621,0.38,,
2022-09-23,123239.0,Vanivilasa Sagar Dam,Krishna,Vedavati,Hagari Or Vedavati,23-09-2022 12:09:00,101.407,2142.1,30,30.422,27.847,28.552,4937,4387,550,,18.821,15,0.428,,
2022-09-24,123240.0,Vanivilasa Sagar Dam,Krishna,Vedavati,Hagari Or Vedavati,24-09-2022 12:09:00,101.407,2142,30,30.422,27.847,28.552,3163,4135,550,,19.094,15.357,0.475,,
2022-09-25,123241.0,Vanivilasa Sagar Dam,Krishna,Vedavati,Hagari Or Vedavati,25-09-2022 12:09:00,96.38,2141.9,30,30.42,27.845,28.55,1987,2959,550,,2.243,0.208,0,,
2022-09-26,123242.0,Vanivilasa Sagar Dam,Krishna,Vedavati,Hagari Or Vedavati,26-09-2022 12:09:00,101.4,2141.8,30,30.42,27.845,28.55,1768,2740,550,,19.418,15.85,0.57,,
2022-09-27,123243.0,Vanivilasa Sagar Dam,Krishna,Vedavati,Hagari Or Vedavati,27-09-2022 12:09:00,101.4,2141.7,30,30.42,27.845,28.55,1400,155,550,,19.539,15.863,0.618,,
2022-09-28,123244.0,Vanivilasa Sagar Dam,Krishna,Vedavati,Hagari Or Vedavati,28-09-2022 12:09:00,101.4,2141.6,30,30.42,27.845,28.55,1194,155,0,,19.642,15.876,0.618,,
2022-09-29,123245.0,Vanivilasa Sagar Dam,Krishna,Vedavati,Hagari Or Vedavati,29-09-2022 12:09:00,101.4,2141.5,30,30.42,27.845,28.55,994,2121,550,,19.728,16.06,0.665,,
2022-09-30,123246.0,Vanivilasa Sagar Dam,Krishna,Vedavati,Hagari Or Vedavati,30-09-2022 12:09:00,101.4,2141.1,30,30.42,27.845,28.55,814,1928,550,,19.799,16.226,0.713,,
2022-10-01,123247.0,Vanivilasa Sagar Dam,Krishna,Vedavati,Hagari Or Vedavati,01-10-2022 12:10:00,101.407,2141.5,30,30.422,27.847,28.552,2900,1928,0,,20.049,16.393,0.713,,
2022-10-02,123248.0,Vanivilasa Sagar Dam,Krishna,Vedavati,Hagari Or Vedavati,02-10-2022 12:10:00,101.407,2141.45,30,30.422,27.847,28.552,1442,1928,0,,20.174,16.559,0.713,,
2022-10-03,123249.0,Vanivilasa Sagar Dam,Krishna,Vedavati,Hagari Or Vedavati,03-10-2022 12:10:00,101.407,2141.45,30,30.422,27.847,28.552,1932,1932,0,,20.341,16.726,0.713,,
2022-10-04,123250.0,Vanivilasa Sagar Dam,Krishna,Vedavati,Hagari Or Vedavati,04-10-2022 12:10:00,101.407,2141.45,30,30.422,27.847,28.552,1932,1932,0,,20.508,16.893,0.713,,
2022-10-05,123251.0,Vanivilasa Sagar Dam,Krishna,Vedavati,Hagari Or Vedavati,05-10-2022 12:10:00,101.407,2141.45,30,30.422,27.847,28.552,1932,1932,0,,20.674,17.06,0.713,,
2022-10-06,123252.0,Vanivilasa Sagar Dam,Krishna,Vedavati,Hagari Or Vedavati,06-10-2022 12:10:00,101.407,2141.4,30,30.422,27.847,28.552,1446,1932,0,,20.799,17.227,0.713,,
2022-10-07,123253.0,Vanivilasa Sagar Dam,Krishna,Vedavati,Hagari Or Vedavati,07-10-2022 12:10:00,101.407,2141.4,30,30.422,27.847,28.552,1448,1934,0,,20.925,17.394,0.713,,
2022-10-08,123254.0,Vanivilasa Sagar Dam,Krishna,Vedavati,Hagari Or Vedavati,08-10-2022 12:10:00,101.407,2141.35,30,30.422,27.847,28.552,1259,1745,0,,4.282,1.553,0,,
2022-10-09,,,,,,,,2141.325,,,,,,,,,,,,,11.4
2022-10-10,123255.0,Vanivilasa Sagar Dam,Krishna,Vedavati,Hagari Or Vedavati,10-10-2022 12:10:00,101.407,2141.3,30,30.422,27.847,28.552,1080,1566,0,,4.484,1.839,0,,
2022-10-11,123256.0,Vanivilasa Sagar Dam,Krishna,Vedavati,Hagari Or Vedavati,11-10-2022 12:10:00,,2141.4,30,30.422,27.847,28.552,2717,1745,0,,21.47,17.982,0.713,,
2022-10-12,123257.0,Vanivilasa Sagar Dam,Krishna,Vedavati,Hagari Or Vedavati,12-10-2022 12:10:00,101.407,2141.45,30,30.422,27.847,28.552,2418,1932,0,,21.679,18.149,0.713,,
2022-10-13,123258.0,Vanivilasa Sagar Dam,Krishna,Vedavati,Hagari Or Vedavati,13-10-2022 12:10:00,101.407,2141.6,30,30.422,27.847,28.552,3583,1966,0,,21.989,18.319,0.713,,
2022-10-14,123259.0,Vanivilasa Sagar Dam,Krishna,Vedavati,Hagari Or Vedavati,14-10-2022 12:10:00,101.407,2141.8,30,30.422,27.847,28.552,4269,2325,0,,22.357,18.52,0.713,,
2022-10-15,123260.0,Vanivilasa Sagar Dam,Krishna,Vedavati,Hagari Or Vedavati,15-10-2022 12:10:00,101.407,2142.3,30,30.422,27.847,28.552,9508,4647,0,,23.179,18.921,0.713,,
2022-10-16,123261.0,Vanivilasa Sagar Dam,Krishna,Vedavati,Hagari Or Vedavati,16-10-2022 12:10:00,101.4,2142.42,30,30.42,27.845,28.55,8536,4647,0,,23.916,19.323,0.713,,
2022-10-17,123262.0,Vanivilasa Sagar Dam,Krishna,Vedavati,Hagari Or Vedavati,17-10-2022 12:10:00,101.4,2143,30,30.42,27.845,28.55,7407,4391,100,,24.556,19.702,0.721,,
2022-10-18,123263.0,Vanivilasa Sagar Dam,Krishna,Vedavati,Hagari Or Vedavati,18-10-2022 12:10:00,101.4,2143.1,30,30.42,27.845,28.55,6943,5721,250,,25.156,20.196,0.743,,
2022-10-19,123264.0,Vanivilasa Sagar Dam,Krishna,Vedavati,Hagari Or Vedavati,19-10-2022 12:10:00,101.407,2143.25,30,30.422,27.847,28.552,7710,6002,250,,25.822,20.715,0.765,,
2022-10-20,,,,,,,,2143.575,,,,,,,,,,,,,8.7
2022-10-21,123265.0,Vanivilasa Sagar Dam,Krishna,Vedavati,Hagari Or Vedavati,21-10-2022 12:10:00,101.4,2143.9,30,30.42,27.845,28.55,13162,8723,550,,27.863,22.114,0.86,,
2022-10-22,123266.0,Vanivilasa Sagar Dam,Krishna,Vedavati,Hagari Or Vedavati,22-10-2022 12:10:00,101.4,2144,30,30.42,27.845,28.55,10896,9374,550,,28.804,22.924,0.907,,
2022-10-23,123267.0,Vanivilasa Sagar Dam,Krishna,Vedavati,Hagari Or Vedavati,23-10-2022 12:10:00,101.4,2143.9,30,30.42,27.845,28.55,8625,9047,550,,29.549,23.706,0.955,,
2022-10-24,123268.0,Vanivilasa Sagar Dam,Krishna,Vedavati,Hagari Or Vedavati,24-10-2022 12:10:00,101.4,2143,30,30.42,27.845,28.55,7010,8404,550,,30.155,24.432,1.002,,
2022-10-25,123269.0,Vanivilasa Sagar Dam,Krishna,Vedavati,Hagari Or Vedavati,25-10-2022 12:10:00,101.4,2143.5,30,30.42,27.845,28.55,8169,7778,550,,30.861,25.104,1.05,,
2022-10-26,123270.0,Vanivilasa Sagar Dam,Krishna,Vedavati,Hagari Or Vedavati,26-10-2022 12:10:00,101.4,2143.3,30,30.42,27.845,28.55,5774,7168,550,,19.418,15.85,0.57,,
2022-10-27,123271.0,Vanivilasa Sagar Dam,Krishna,Vedavati,Hagari Or Vedavati,27-10-2022 12:10:00,101.4,2143.1,30,30.42,27.845,28.55,4893,6287,550,,19.539,15.863,0.618,,
2022-10-28,123272.0,Vanivilasa Sagar Dam,Krishna,Vedavati,Hagari Or Vedavati,28-10-2022 12:10:00,101.4,2142.85,30,30.42,27.845,28.55,3294,5174,550,,32.067,26.713,1.192,,
2022-10-29,123273.0,Vanivilasa Sagar Dam,Krishna,Vedavati,Hagari Or Vedavati,29-10-2022 12:10:00,101.4,2142.65,30,30.42,27.845,28.55,3253,4647,550,,32.348,27.115,1.24,,
2022-10-30,123274.0,Vanivilasa Sagar Dam,Krishna,Vedavati,Hagari Or Vedavati,30-10-2022 12:10:00,101.4,2142.5,30,30.42,27.845,28.55,3231,4139,550,,32.627,27.472,1.287,,
2022-10-31,123275.0,Vanivilasa Sagar Dam,Krishna,Vedavati,Hagari Or Vedavati,31-10-2022 12:10:00,101.4,2142.42,30,30.42,27.845,28.55,8536,4647,0,,23.916,19.323,0.713,,
2022-11-01,123276.0,Vanivilasa Sagar Dam,Krishna,Vedavati,Hagari Or Vedavati,01-11-2022 12:11:00,101.407,2142.15,30,30.422,27.847,28.552,2278,3186,550,,33.04,28.084,1.382,,
2022-11-02,123277.0,Vanivilasa Sagar Dam,Krishna,Vedavati,Hagari Or Vedavati,02-11-2022 12:11:00,101.407,2142,30,30.422,27.847,28.552,2278,3186,550,,33.237,28.359,1.43,,
2022-11-03,123278.0,Vanivilasa Sagar Dam,Krishna,Vedavati,Hagari Or Vedavati,03-11-2022 12:11:00,101.407,2141.95,30,30.422,27.847,28.552,3008,2963,550,,33.497,28.615,1.477,,
2022-11-04,123279.0,Vanivilasa Sagar Dam,Krishna,Vedavati,Hagari Or Vedavati,04-11-2022 12:11:00,101.407,2141.85,30,30.422,27.847,28.552,2303,2744,550,,33.696,28.852,1.525,,
2022-11-05,123280.0,Vanivilasa Sagar Dam,Krishna,Vedavati,Hagari Or Vedavati,05-11-2022 12:11:00,101.407,2141.75,30,30.422,27.847,28.552,2303,2725,550,,33.895,29.088,1.572,,
2022-11-06,123281.0,Vanivilasa Sagar Dam,Krishna,Vedavati,Hagari Or Vedavati,06-11-2022 12:11:00,101.407,2141.65,30,30.422,27.847,28.552,2090,2512,550,,34.075,29.305,1.62,,
2022-11-07,123282.0,Vanivilasa Sagar Dam,Krishna,Vedavati,Hagari Or Vedavati,07-11-2022 12:11:00,101.407,2141.55,30,30.422,27.847,28.552,2090,2512,550,,34.256,29.522,1.668,,
2022-11-08,123283.0,Vanivilasa Sagar Dam,Krishna,Vedavati,Hagari Or Vedavati,08-11-2022 12:11:00,101.407,2141.45,30,30.422,27.847,28.552,1684,2106,550,,34.401,29.704,1.715,,
2022-11-09,,,,,,,,2141.375,,,,,,,,,,,,,0.0
2022-11-10,123284.0,Vanivilasa Sagar Dam,Krishna,Vedavati,Hagari Or Vedavati,10-11-2022 12:11:00,101.407,2141.3,30,30.422,27.847,28.552,1491,1913,550,,34.701,30.034,1.81,,
2022-11-11,123285.0,Vanivilasa Sagar Dam,Krishna,Vedavati,Hagari Or Vedavati,11-11-2022 12:11:00,101.407,2141.2,30,30.422,27.847,28.552,1491,1913,550,,34.83,30.2,1.858,,
2022-11-12,123286.0,Vanivilasa Sagar Dam,Krishna,Vedavati,Hagari Or Vedavati,12-11-2022 12:11:00,101.407,2141.1,30,30.422,27.847,28.552,953,1375,550,,34.912,30.318,1.905,,
2022-11-13,123287.0,Vanivilasa Sagar Dam,Krishna,Vedavati,Hagari Or Vedavati,13-11-2022 12:11:00,101.407,2141,30,30.422,27.847,28.552,789,1211,550,,34.98,30.423,1.953,,
2022-11-14,123288.0,Vanivilasa Sagar Dam,Krishna,Vedavati,Hagari Or Vedavati,14-11-2022 12:11:00,101.407,2141,30,30.422,27.847,28.552,789,1214,550,,35.048,30.528,2,,
2022-11-15,123289.0,Vanivilasa Sagar Dam,Krishna,Vedavati,Hagari Or Vedavati,15-11-2022 12:11:00,101.407,2140.9,30,30.422,27.847,28.552,632,1054,550,,5.523,3.38,0.76,,
2022-11-16,123290.0,Vanivilasa Sagar Dam,Krishna,Vedavati,Hagari Or Vedavati,16-11-2022 12:11:00,101.407,2140.85,30,30.422,27.847,28.552,725,1211,0,,35.166,30.724,2.048,,
2022-11-17,123291.0,Vanivilasa Sagar Dam,Krishna,Vedavati,Hagari Or Vedavati,17-11-2022 12:11:00,101.407,2140.8,30,30.422,27.847,28.552,421,907,0,,35.202,30.802,2.048,,
2022-11-18,123292.0,Vanivilasa Sagar Dam,Krishna,Vedavati,Hagari Or Vedavati,18-11-2022 12:11:00,101.407,2140.8,30,30.422,27.847,28.552,421,907,0,,35.238,30.88,2.048,,
2022-11-19,123293.0,Vanivilasa Sagar Dam,Krishna,Vedavati,Hagari Or Vedavati,19-11-2022 12:11:00,101.407,2140.75,30,30.422,27.847,28.552,421,907,0,,35.275,30.959,2.048,,
2022-11-20,,,,,,,,2140.725,,,,,,,,,,,,,0.0
2022-11-21,123294.0,Vanivilasa Sagar Dam,Krishna,Vedavati,Hagari Or Vedavati,21-11-2022 12:11:00,101.4,2140.7,30,30.42,27.845,28.55,152,140,767,,35.324,31.049,2.114,,
2022-11-22,123295.0,Vanivilasa Sagar Dam,Krishna,Vedavati,Hagari Or Vedavati,22-11-2022 12:11:00,101.4,2140.7,30,30.42,27.845,28.55,152,638,0,,35.337,31.104,2.114,,
2022-11-23,123296.0,Vanivilasa Sagar Dam,Krishna,Vedavati,Hagari Or Vedavati,23-11-2022 12:11:00,101.4,2140.65,30,30.42,27.845,28.55,152,638,0,,35.351,31.159,2.114,,
2022-11-24,123297.0,Vanivilasa Sagar Dam,Krishna,Vedavati,Hagari Or Vedavati,24-11-2022 12:11:00,101.4,2140.65,30,30.42,27.845,28.55,152,638,0,,35.364,31.215,2.114,,
2022-11-25,123298.0,Vanivilasa Sagar Dam,Krishna,Vedavati,Hagari Or Vedavati,25-11-2022 12:11:00,101.4,2140.6,30,30.42,27.845,28.55,140,519,0,,35.376,31.259,2.114,,
2022-11-26,123299.0,Vanivilasa Sagar Dam,Krishna,Vedavati,Hagari Or Vedavati,26-11-2022 12:11:00,101.4,2140.6,30,30.42,27.845,28.55,140,519,0,,35.388,31.304,2.114,,
2022-11-27,123300.0,Vanivilasa Sagar Dam,Krishna,Vedavati,Hagari Or Vedavati,27-11-2022 12:11:00,101.4,2140.6,30,30.42,27.845,28.55,140,519,0,,35.4,31.349,2.114,,
2022-11-28,123301.0,Vanivilasa Sagar Dam,Krishna,Vedavati,Hagari Or Vedavati,28-11-2022 12:11:00,101.4,2140.6,30,30.42,27.845,28.55,140,519,0,,35.412,31.394,2.114,,
2022-11-29,123302.0,Vanivilasa Sagar Dam,Krishna,Vedavati,Hagari Or Vedavati,29-11-2022 12:11:00,101.4,2140.6,30,30.42,27.845,28.55,140,519,0,,35.424,31.439,2.114,,
2022-11-30,123303.0,Vanivilasa Sagar Dam,Krishna,Vedavati,Hagari Or Vedavati,30-11-2022 12:11:00,101.4,2140.55,30,30.42,27.845,28.55,140,519,0,,35.436,31.484,2.114,,
2022-12-01,123304.0,Vanivilasa Sagar Dam,Krishna,Vedavati,Hagari Or Vedavati,01-12-2022 12:12:00,101.407,2140.55,30,30.422,27.847,28.552,0,411,0,,35.436,31.519,2.114,,
2022-12-02,123305.0,Vanivilasa Sagar Dam,Krishna,Vedavati,Hagari Or Vedavati,02-12-2022 12:12:00,101.407,2140.5,30,30.422,27.847,28.552,0,411,0,,35.436,31.555,2.114,,
2022-12-03,123306.0,Vanivilasa Sagar Dam,Krishna,Vedavati,Hagari Or Vedavati,03-12-2022 12:12:00,101.407,2140.5,30,30.422,27.847,28.552,0,411,0,,35.436,31.59,2.114,,
2022-12-04,123307.0,Vanivilasa Sagar Dam,Krishna,Vedavati,Hagari Or Vedavati,04-12-2022 12:12:00,101.407,2140.5,30,30.422,27.847,28.552,0,411,0,,35.436,31.626,2.114,,
2022-12-05,123308.0,Vanivilasa Sagar Dam,Krishna,Vedavati,Hagari Or Vedavati,05-12-2022 12:12:00,101.407,2140.5,30,30.422,27.847,28.552,0,411,0,,35.436,31.661,2.114,,
2022-12-06,123309.0,Vanivilasa Sagar Dam,Krishna,Vedavati,Hagari Or Vedavati,06-12-2022 12:12:00,101.407,2140.45,30,30.422,27.847,28.552,0,413,0,,35.436,31.697,2.114,,
2022-12-07,123310.0,Vanivilasa Sagar Dam,Krishna,Vedavati,Hagari Or Vedavati,07-12-2022 12:12:00,101.407,2140.45,30,30.422,27.847,28.552,0,413,0,,35.436,31.733,2.114,,
2022-12-08,123311.0,Vanivilasa Sagar Dam,Krishna,Vedavati,Hagari Or Vedavati,08-12-2022 12:12:00,101.407,2140.4,30,30.422,27.847,28.552,0,317,0,,35.436,31.76,2.114,,
2022-12-09,,,,,,,,2140.4,,,,,,,,,,,,,5.8
2022-12-10,123312.0,Vanivilasa Sagar Dam,Krishna,Vedavati,Hagari Or Vedavati,10-12-2022 12:12:00,101.407,2140.4,30,30.422,27.847,28.552,0,317,0,,35.436,31.815,2.114,,
2022-12-11,123313.0,Vanivilasa Sagar Dam,Krishna,Vedavati,Hagari Or Vedavati,11-12-2022 12:12:00,,2140.4,30,30.422,27.847,28.552,0,317,0,,35.436,31.842,2.114,,
2022-12-12,123314.0,Vanivilasa Sagar Dam,Krishna,Vedavati,Hagari Or Vedavati,12-12-2022 12:12:00,101.407,2140.4,30,30.422,27.847,28.552,0,317,0,,35.436,31.869,2.114,,
2022-12-13,,,,,,,,2140.5,,,,,,,,,,,,,13.6
2022-12-14,123315.0,Vanivilasa Sagar Dam,Krishna,Vedavati,Hagari Or Vedavati,14-12-2022 12:12:00,101.407,2140.6,30,30.422,27.847,28.552,1114,317,0,,35.629,31.924,2.114,,
2022-12-15,123316.0,Vanivilasa Sagar Dam,Krishna,Vedavati,Hagari Or Vedavati,15-12-2022 12:12:00,101.407,2140.65,30,30.422,27.847,28.552,628,317,0,,35.683,31.952,2.114,,
2022-12-16,,,,,,,,2140.6666666666665,,,,,,,,,,,,,0.0
2022-12-17,,,,,,,,2140.6833333333334,,,,,,,,,,,,,0.0
2022-12-18,123317.0,Vanivilasa Sagar Dam,Krishna,Vedavati,Hagari Or Vedavati,18-12-2022 12:12:00,101.407,2140.7,30,30.422,27.847,28.552,142,640,0,,35.762,32.118,2.114,,
2022-12-19,123318.0,Vanivilasa Sagar Dam,Krishna,Vedavati,Hagari Or Vedavati,19-12-2022 12:12:00,101.407,2140.7,30,30.422,27.847,28.552,0,521,0,,35.762,32.163,2.114,,
2022-12-20,,,,,,,,2140.7,,,,,,,,,,,,,0.0
2022-12-21,123319.0,Vanivilasa Sagar Dam,Krishna,Vedavati,Hagari Or Vedavati,21-12-2022 12:12:00,101.407,2140.7,30,30.422,27.847,28.552,0,521,0,,35.762,32.253,2.114,,
2022-12-22,123320.0,Vanivilasa Sagar Dam,Krishna,Vedavati,Hagari Or Vedavati,22-12-2022 12:12:00,101.407,2140.65,30,30.422,27.847,28.552,0,413,0,,35.762,32.288,2.114,,
2022-12-23,123321.0,Vanivilasa Sagar Dam,Krishna,Vedavati,Hagari Or Vedavati,23-12-2022 12:12:00,101.407,2140.65,30,30.422,27.847,28.552,0,413,0,,35.762,32.324,2.114,,
2022-12-24,123322.0,Vanivilasa Sagar Dam,Krishna,Vedavati,Hagari Or Vedavati,24-12-2022 12:12:00,101.407,2140.65,30,30.422,27.847,28.552,0,413,0,,35.762,32.36,2.114,,
2022-12-25,123323.0,Vanivilasa Sagar Dam,Krishna,Vedavati,Hagari Or Vedavati,25-12-2022 12:12:00,101.4,2140.6,30,30.42,27.845,28.55,0,271,141,,35.762,32.383,2.126,,
2022-12-26,123324.0,Vanivilasa Sagar Dam,Krishna,Vedavati,Hagari Or Vedavati,26-12-2022 12:12:00,101.4,2140.6,30,30.42,27.845,28.55,0,413,0,,35.762,32.431,2.114,,
2022-12-27,123325.0,Vanivilasa Sagar Dam,Krishna,Vedavati,Hagari Or Vedavati,27-12-2022 12:12:00,101.4,2140.55,30,30.42,27.845,28.55,0,413,0,,35.762,32.467,2.114,,
2022-12-28,123326.0,Vanivilasa Sagar Dam,Krishna,Vedavati,Hagari Or Vedavati,28-12-2022 12:12:00,101.4,2140.55,30,30.42,27.845,28.55,0,413,0,,35.762,32.502,2.114,,
2022-12-29,123327.0,Vanivilasa Sagar Dam,Krishna,Vedavati,Hagari Or Vedavati,29-12-2022 12:12:00,101.4,2140.55,30,30.42,27.845,28.55,0,413,0,,35.762,32.538,2.114,,
2022-12-30,123328.0,Vanivilasa Sagar Dam,Krishna,Vedavati,Hagari Or Vedavati,30-12-2022 12:12:00,101.4,2140.5,30,30.42,27.845,28.55,0,413,0,,35.762,32.574,2.114,,
2022-12-31,123329.0,Vanivilasa Sagar Dam,Krishna,Vedavati,Hagari Or Vedavati,31-12-2022 12:12:00,101.4,2140.45,30,30.42,27.845,28.55,0,317,0,,35.762,32.601,2.114,,
2023-01-01,123330.0,Vanivilasa Sagar Dam,Krishna,Vedavati,Hagari Or Vedavati,01-01-2023 12:01:00,101.407,2140.45,30,30.422,27.847,28.552,0,317,0,,35.762,32.628,2.114,,
2023-01-02,123331.0,Vanivilasa Sagar Dam,Krishna,Vedavati,Hagari Or Vedavati,02-01-2023 12:01:00,101.407,2140.45,30,30.422,27.847,28.552,0,317,0,,35.762,32.656,2.114,,
2023-01-03,123332.0,Vanivilasa Sagar Dam,Krishna,Vedavati,Hagari Or Vedavati,03-01-2023 12:01:00,101.407,2140.4,30,30.422,27.847,28.552,0,317,0,,35.762,32.683,2.114,,
2023-01-04,123333.0,Vanivilasa Sagar Dam,Krishna,Vedavati,Hagari Or Vedavati,04-01-2023 12:01:00,101.407,2140.4,30,30.422,27.847,28.552,0,317,0,,35.762,32.711,2.114,,
2023-01-05,123334.0,Vanivilasa Sagar Dam,Krishna,Vedavati,Hagari Or Vedavati,05-01-2023 12:01:00,101.407,2140.35,30,30.422,27.847,28.552,0,317,0,,35.762,32.738,2.114,,
2023-01-06,123335.0,Vanivilasa Sagar Dam,Krishna,Vedavati,Hagari Or Vedavati,06-01-2023 12:01:00,101.407,2140.35,30,30.422,27.847,28.552,0,331,0,,35.762,32.767,2.114,,
2023-01-07,123336.0,Vanivilasa Sagar Dam,Krishna,Vedavati,Hagari Or Vedavati,07-01-2023 12:01:00,101.407,2140.3,30,30.422,27.847,28.552,0,251,0,,35.762,32.788,2.114,,
2023-01-08,123337.0,Vanivilasa Sagar Dam,Krishna,Vedavati,Hagari Or Vedavati,08-01-2023 12:01:00,101.407,2140.3,30,30.422,27.847,28.552,0,251,0,,35.762,32.81,2.114,,
2023-01-09,,,,,,,,2140.275,,,,,,,,,,,,,0.0
2023-01-10,123338.0,Vanivilasa Sagar Dam,Krishna,Vedavati,Hagari Or Vedavati,10-01-2023 12:01:00,101.407,2140.25,30,30.422,27.847,28.552,0,190,0,,35.762,32.848,2.114,,
2023-01-11,123339.0,Vanivilasa Sagar Dam,Krishna,Vedavati,Hagari Or Vedavati,11-01-2023 12:01:00,,2140.25,30,30.422,27.847,28.552,0,190,0,,35.762,32.865,2.114,,
2023-01-12,123340.0,Vanivilasa Sagar Dam,Krishna,Vedavati,Hagari Or Vedavati,12-01-2023 12:01:00,101.407,2140.2,30,30.422,27.847,28.552,0,190,0,,35.762,32.881,2.114,,
2023-01-13,,,,,,,,2140.2,,,,,,,,,,,,,0.0
2023-01-14,123341.0,Vanivilasa Sagar Dam,Krishna,Vedavati,Hagari Or Vedavati,14-01-2023 12:01:00,101.407,2140.2,30,30.422,27.847,28.552,0,190,0,,35.762,32.914,2.114,,
2023-01-15,123342.0,Vanivilasa Sagar Dam,Krishna,Vedavati,Hagari Or Vedavati,15-01-2023 12:01:00,101.407,2140.15,30,30.422,27.847,28.552,0,190,0,,35.762,32.93,2.114,,
2023-01-16,,,,,,,,2140.133333333333,,,,,,,,,,,,,0.0
2023-01-17,,,,,,,,2140.116666666667,,,,,,,,,,,,,0.0
2023-01-18,123343.0,Vanivilasa Sagar Dam,Krishna,Vedavati,Hagari Or Vedavati,18-01-2023 12:01:00,101.4,2140.1,30,30.42,27.845,28.55,0,190,0,,35.762,32.979,2.114,,
2023-01-19,123344.0,Vanivilasa Sagar Dam,Krishna,Vedavati,Hagari Or Vedavati,19-01-2023 12:01:00,101.4,2140.1,30,30.42,27.845,28.55,0,190,0,,35.762,32.996,2.114,,
2023-01-20,,,,,,,,2140.075,,,,,,,,,,,,,0.0
2023-01-21,123345.0,Vanivilasa Sagar Dam,Krishna,Vedavati,Hagari Or Vedavati,21-01-2023 12:01:00,101.4,2140.05,30,30.42,27.845,28.55,0,190,0,,35.762,33.029,2.114,,
2023-01-22,123346.0,Vanivilasa Sagar Dam,Krishna,Vedavati,Hagari Or Vedavati,22-01-2023 12:01:00,101.407,2140.05,30,30.422,27.847,28.552,0,190,0,,35.762,33.045,2.114,,
2023-01-23,123347.0,Vanivilasa Sagar Dam,Krishna,Vedavati,Hagari Or Vedavati,23-01-2023 12:01:00,101.407,2140.05,30,30.422,27.847,28.552,0,190,0,,35.762,33.062,2.114,,
2023-01-24,123348.0,Vanivilasa Sagar Dam,Krishna,Vedavati,Hagari Or Vedavati,24-01-2023 12:01:00,101.407,2140.05,30,30.422,27.847,28.552,0,190,0,,35.762,33.078,2.114,,
2023-01-25,123349.0,Vanivilasa Sagar Dam,Krishna,Vedavati,Hagari Or Vedavati,25-01-2023 12:01:00,101.407,2140,30,30.422,27.847,28.552,0,156,0,,35.762,33.091,2.114,,
2023-01-26,123350.0,Vanivilasa Sagar Dam,Krishna,Vedavati,Hagari Or Vedavati,26-01-2023 12:01:00,101.407,2140,30,30.422,27.847,28.552,0,156,0,,35.762,33.105,2.114,,
2023-01-27,123351.0,Vanivilasa Sagar Dam,Krishna,Vedavati,Hagari Or Vedavati,27-01-2023 12:01:00,101.267,2139.95,30,30.38,27.805,28.51,0,156,0,,35.762,33.118,2.114,,
2023-01-28,123352.0,Vanivilasa Sagar Dam,Krishna,Vedavati,Hagari Or Vedavati,28-01-2023 12:01:00,101.267,2139.95,30,30.38,27.805,28.51,0,156,0,,35.762,33.132,2.114,,
2023-01-29,123353.0,Vanivilasa Sagar Dam,Krishna,Vedavati,Hagari Or Vedavati,29-01-2023 12:01:00,101.267,2139.95,30,30.38,27.805,28.51,0,156,0,,35.762,33.145,2.114,,
2023-01-30,123354.0,Vanivilasa Sagar Dam,Krishna,Vedavati,Hagari Or Vedavati,30-01-2023 12:01:00,101.1,2139.9,30,30.33,27.755,28.46,0,156,0,,35.762,33.159,2.114,,
2023-01-31,123355.0,Vanivilasa Sagar Dam,Krishna,Vedavati,Hagari Or Vedavati,31-01-2023 12:01:00,101.1,2139.9,30,30.33,27.755,28.46,0,156,0,,35.762,33.172,2.114,,
2023-02-01,123356.0,Vanivilasa Sagar Dam,Krishna,Vedavati,Hagari Or Vedavati,01-02-2023 12:02:00,101.127,2139.9,30,30.338,27.763,28.468,0,156,0,,17.14,2.008,0,,
2023-02-02,123357.0,Vanivilasa Sagar Dam,Krishna,Vedavati,Hagari Or Vedavati,02-02-2023 12:02:00,101.127,2139.9,30,30.338,27.763,28.468,0,184,0,,17.14,2.024,0,,
2023-02-03,123358.0,Vanivilasa Sagar Dam,Krishna,Vedavati,Hagari Or Vedavati,03-02-2023 12:02:00,100.987,2139.85,30,30.296,27.721,28.426,0,184,0,,17.14,2.04,0,,
2023-02-04,123359.0,Vanivilasa Sagar Dam,Krishna,Vedavati,Hagari Or Vedavati,04-02-2023 12:02:00,100.987,2139.85,30,30.296,27.721,28.426,0,184,520,,17.14,2.056,0.045,,
2023-02-05,123360.0,Vanivilasa Sagar Dam,Krishna,Vedavati,Hagari Or Vedavati,05-02-2023 12:02:00,100.847,2139.8,30,30.254,27.679,28.384,0,184,520,,17.14,2.072,0.09,,
2023-02-06,123361.0,Vanivilasa Sagar Dam,Krishna,Vedavati,Hagari Or Vedavati,06-02-2023 12:02:00,100.71,2139.75,30,30.213,27.638,28.343,0,184,520,,17.14,2.088,0.135,,
2023-02-07,123362.0,Vanivilasa Sagar Dam,Krishna,Vedavati,Hagari Or Vedavati,07-02-2023 12:02:00,100.57,2139.7,30,30.171,27.596,28.301,0,184,52,,17.14,2.104,0.139,,
2023-02-08,123363.0,Vanivilasa Sagar Dam,Krishna,Vedavati,Hagari Or Vedavati,08-02-2023 12:02:00,100.43,2139.65,30,30.129,27.554,28.259,0,184,52,,17.14,2.12,0.144,,
2023-02-09,123364.0,Vanivilasa Sagar Dam,Krishna,Vedavati,Hagari Or Vedavati,09-02-2023 12:02:00,100.29,2139.6,30,30.087,27.512,28.217,0,184,520,,17.14,2.136,0.189,,
2023-02-10,123365.0,Vanivilasa Sagar Dam,Krishna,Vedavati,Hagari Or Vedavati,10-02-2023 12:02:00,100.01,2134.05,30,30.003,27.428,28.133,0,184,520,,17.14,2.151,0.234,,
2023-02-11,123366.0,Vanivilasa Sagar Dam,Krishna,Vedavati,Hagari Or Vedavati,11-02-2023 12:02:00,,2139.45,30,29.961,27.386,28.091,0,184,520,,17.14,2.167,0.279,,
2023-02-12,123367.0,Vanivilasa Sagar Dam,Krishna,Vedavati,Hagari Or Vedavati,12-02-2023 12:02:00,99.73,2139.4,30,29.919,27.344,28.049,0,184,520,,17.14,2.183,0.323,,
2023-02-13,123368.0,Vanivilasa Sagar Dam,Krishna,Vedavati,Hagari Or Vedavati,13-02-2023 12:02:00,99.59,2139.35,30,29.877,27.302,28.007,0,184,520,,17.14,2.199,0.368,,
2023-02-14,123369.0,Vanivilasa Sagar Dam,Krishna,Vedavati,Hagari Or Vedavati,14-02-2023 12:02:00,99.45,2139.3,30,29.835,27.26,27.965,0,184,520,,17.14,2.215,0.413,,
2023-02-15,123370.0,Vanivilasa Sagar Dam,Krishna,Vedavati,Hagari Or Vedavati,15-02-2023 12:02:00,99.173,2139.2,30,29.752,27.177,27.882,0,184,405,,17.14,2.231,0.448,,
2023-02-16,123371.0,Vanivilasa Sagar Dam,Krishna,Vedavati,Hagari Or Vedavati,16-02-2023 12:02:00,99.033,2139.15,30,29.71,27.135,27.84,0,184,520,,17.14,2.247,0.493,,
2023-02-17,123372.0,Vanivilasa Sagar Dam,Krishna,Vedavati,Hagari Or Vedavati,17-02-2023 12:02:00,98.753,2139.05,30,29.626,27.051,27.756,0,184,520,,17.14,2.263,0.538,,
2023-02-18,123373.0,Vanivilasa Sagar Dam,Krishna,Vedavati,Hagari Or Vedavati,18-02-2023 12:02:00,98.613,2139,30,29.584,27.009,27.714,0,184,520,,17.14,2.279,0.583,,
2023-02-19,123374.0,Vanivilasa Sagar Dam,Krishna,Vedavati,Hagari Or Vedavati,19-02-2023 12:02:00,98.333,2138.9,30,29.5,26.925,27.63,0,184,0,,17.14,2.295,0.583,,
2023-02-20,,,,,,,,2138.825,,,,,,,,,,,,,0.0
2023-02-21,123375.0,Vanivilasa Sagar Dam,Krishna,Vedavati,Hagari Or Vedavati,21-02-2023 12:02:00,97.9,2138.75,30,29.37,26.795,27.5,0,704,0,,17.14,2.371,0.628,,
2023-02-22,123376.0,Vanivilasa Sagar Dam,Krishna,Vedavati,Hagari Or Vedavati,22-02-2023 12:02:00,97.777,2138.7,30,29.333,26.758,27.463,0,184,520,,17.14,2.342,0.718,,
2023-02-23,123377.0,Vanivilasa Sagar Dam,Krishna,Vedavati,Hagari Or Vedavati,23-02-2023 12:02:00,97.497,2138.6,30,29.249,26.674,27.379,0,184,520,,17.14,2.358,0.763,,
2023-02-24,123378.0,Vanivilasa Sagar Dam,Krishna,Vedavati,Hagari Or Vedavati,24-02-2023 12:02:00,97.357,2138.55,30,29.207,26.632,27.337,0,184,520,,35.762,33.551,2.922,,
2023-02-25,123379.0,Vanivilasa Sagar Dam,Krishna,Vedavati,Hagari Or Vedavati,25-02-2023 12:02:00,97.217,2138.5,30,29.165,26.59,27.295,0,184,520,,17.14,2.39,0.853,,
2023-02-26,123380.0,Vanivilasa Sagar Dam,Krishna,Vedavati,Hagari Or Vedavati,26-02-2023 12:02:00,96.937,2138.4,30,29.081,26.506,27.211,0,184,520,,17.14,2.406,0.898,,
2023-02-27,123381.0,Vanivilasa Sagar Dam,Krishna,Vedavati,Hagari Or Vedavati,27-02-2023 12:02:00,96.66,2138.3,30,28.998,26.423,27.128,0,520,184,,17.14,2.451,0.914,,
2023-02-28,123382.0,Vanivilasa Sagar Dam,Krishna,Vedavati,Hagari Or Vedavati,28-02-2023 12:02:00,96.52,2138.25,30,28.956,26.381,27.086,0,184,520,,17.14,2.467,0.958,,
2023-03-01,123383.0,Vanivilasa Sagar Dam,Krishna,Vedavati,Hagari Or Vedavati,01-03-2023 12:03:00,96.38,2138.2,30,28.914,26.339,27.044,0,184,375,,35.762,33.66,3.105,,
2023-03-02,123384.0,Vanivilasa Sagar Dam,Krishna,Vedavati,Hagari Or Vedavati,02-03-2023 12:03:00,96.24,2138.15,30,28.872,26.297,27.002,0,184,375,,35.762,33.676,3.137,,
2023-03-03,123385.0,Vanivilasa Sagar Dam,Krishna,Vedavati,Hagari Or Vedavati,03-03-2023 12:03:00,96.1,2138.1,30,28.83,26.255,26.96,0,184,470,,35.762,33.692,3.178,,
2023-03-04,123386.0,Vanivilasa Sagar Dam,Krishna,Vedavati,Hagari Or Vedavati,04-03-2023 12:03:00,95.96,2138.05,30,28.788,26.213,26.918,0,184,470,,35.762,33.708,3.218,,
2023-03-05,123387.0,Vanivilasa Sagar Dam,Krishna,Vedavati,Hagari Or Vedavati,05-03-2023 12:03:00,95.82,2138,30,28.746,26.171,26.876,0,184,0,,35.762,33.724,3.218,,
2023-03-06,123388.0,Vanivilasa Sagar Dam,Krishna,Vedavati,Hagari Or Vedavati,06-03-2023 12:03:00,95.82,2138,30,28.746,26.171,26.876,0,184,0,,35.762,33.739,3.218,,
2023-03-07,123389.0,Vanivilasa Sagar Dam,Krishna,Vedavati,Hagari Or Vedavati,07-03-2023 12:03:00,95.82,2138,30,28.746,26.171,26.876,0,184,0,,35.762,33.755,3.218,,
2023-03-08,123390.0,Vanivilasa Sagar Dam,Krishna,Vedavati,Hagari Or Vedavati,08-03-2023 12:03:00,95.68,2137.95,30,28.704,26.129,26.834,0,184,0,,35.762,33.771,3.218,,
2023-03-09,,,,,,,,2137.95,,,,,,,,,,,,,0.0
2023-03-10,123391.0,Vanivilasa Sagar Dam,Krishna,Vedavati,Hagari Or Vedavati,10-03-2023 12:03:00,95.68,2137.95,30,28.704,26.129,26.834,0,184,0,,35.762,33.803,3.218,,
2023-03-11,123392.0,Vanivilasa Sagar Dam,Krishna,Vedavati,Hagari Or Vedavati,11-03-2023 12:03:00,,2137.9,30,28.662,26.087,26.792,0,184,0,,35.762,33.819,3.218,,
2023-03-12,,,,,,,,2137.883333333333,,,,,,,,,,,,,0.0
2023-03-13,,,,,,,,2137.866666666667,,,,,,,,,,,,,0.0
2023-03-14,123393.0,Vanivilasa Sagar Dam,Krishna,Vedavati,Hagari Or Vedavati,14-03-2023 12:03:00,95.403,2137.85,30,28.621,26.046,26.751,0,203,0,,35.762,33.868,3.218,,
2023-03-15,123394.0,Vanivilasa Sagar Dam,Krishna,Vedavati,Hagari Or Vedavati,15-03-2023 12:03:00,95.333,2137.85,30,28.6,26.025,26.73,0,203,0,,35.762,33.886,3.218,,
2023-03-16,,,,,,,,2137.8166666666666,,,,,,,,,,,,,0.0
2023-03-17,,,,,,,,2137.7833333333333,,,,,,,,,,,,,0.2
2023-03-18,123395.0,Vanivilasa Sagar Dam,Krishna,Vedavati,Hagari Or Vedavati,18-03-2023 12:03:00,95.167,2137.75,30,28.55,25.975,26.68,0,203,0,,35.762,33.938,3.218,,
2023-03-19,123396.0,Vanivilasa Sagar Dam,Krishna,Vedavati,Hagari Or Vedavati,19-03-2023 12:03:00,95.1,2137.75,30,28.53,25.955,26.66,0,203,0,,35.762,33.956,3.218,,
2023-03-20,,,,,,,,2137.725,,,,,,,,,,,,,0.0
2023-03-21,123397.0,Vanivilasa Sagar Dam,Krishna,Vedavati,Hagari Or Vedavati,21-03-2023 12:03:00,94.967,2137.7,30,28.49,25.915,26.62,0,203,0,,35.762,33.991,3.218,,
2023-03-22,123398.0,Vanivilasa Sagar Dam,Krishna,Vedavati,Hagari Or Vedavati,22-03-2023 12:03:00,94.9,2137.7,30,28.47,25.895,26.6,0,203,0,,35.762,34.009,3.218,,
2023-03-23,123399.0,Vanivilasa Sagar Dam,Krishna,Vedavati,Hagari Or Vedavati,23-03-2023 12:03:00,94.867,2137.7,30,28.46,25.885,26.59,0,203,0,,35.762,34.026,3.218,,
2023-03-24,123400.0,Vanivilasa Sagar Dam,Krishna,Vedavati,Hagari Or Vedavati,24-03-2023 12:03:00,94.8,2137.65,30,28.44,25.865,26.57,0,203,0,,35.762,34.044,3.218,,
2023-03-25,123401.0,Vanivilasa Sagar Dam,Krishna,Vedavati,Hagari Or Vedavati,25-03-2023 12:03:00,94.7,2137.6,30,28.41,25.835,26.54,0,403,0,,35.762,34.078,3.218,,
2023-03-26,123402.0,Vanivilasa Sagar Dam,Krishna,Vedavati,Hagari Or Vedavati,26-03-2023 12:03:00,94.533,2137.55,30,28.36,25.785,26.49,0,203,400,,35.762,34.096,3.253,,
2023-03-27,123403.0,Vanivilasa Sagar Dam,Krishna,Vedavati,Hagari Or Vedavati,27-03-2023 12:03:00,96.66,2137.5,30,28.3,25.725,26.43,0,203,450,,35.762,33.628,3.027,,
2023-03-28,123404.0,Vanivilasa Sagar Dam,Krishna,Vedavati,Hagari Or Vedavati,28-03-2023 12:03:00,96.52,2137.4,30,28.24,25.665,26.37,0,190,450,,35.762,33.644,3.072,,
2023-03-29,123405.0,Vanivilasa Sagar Dam,Krishna,Vedavati,Hagari Or Vedavati,29-03-2023 12:03:00,93.967,2137.35,30,28.19,25.615,26.32,0,203,450,,35.762,33.662,3.111,,
2023-03-30,123406.0,Vanivilasa Sagar Dam,Krishna,Vedavati,Hagari Or Vedavati,30-03-2023 12:03:00,93.767,2137.3,30,28.13,25.555,26.26,0,203,450,,35.762,33.679,3.15,,
2023-03-31,123407.0,Vanivilasa Sagar Dam,Krishna,Vedavati,Hagari Or Vedavati,31-03-2023 12:03:00,93.6,2137.25,30,28.08,25.505,26.21,0,203,450,,35.762,33.697,3.189,,
2023-04-01,123408.0,Vanivilasa Sagar Dam,Krishna,Vedavati,Hagari Or Vedavati,01-04-2023 12:04:00,93.367,2137.2,30,28.01,25.435,26.14,0,203,450,,35.762,34.2,3.486,,
2023-04-02,123409.0,Vanivilasa Sagar Dam,Krishna,Vedavati,Hagari Or Vedavati,02-04-2023 12:04:00,93.233,2137.15,30,27.97,25.395,26.1,0,203,450,,35.762,34.218,3.525,,
2023-04-03,123410.0,Vanivilasa Sagar Dam,Krishna,Vedavati,Hagari Or Vedavati,03-04-2023 12:04:00,93.033,2137.05,30,27.91,25.335,26.04,0,203,450,,35.762,34.235,3.564,,
2023-04-04,123411.0,Vanivilasa Sagar Dam,Krishna,Vedavati,Hagari Or Vedavati,04-04-2023 12:04:00,92.833,2137,30,27.85,25.275,25.98,0,203,450,,35.762,34.253,3.603,,
2023-04-05,123412.0,Vanivilasa Sagar Dam,Krishna,Vedavati,Hagari Or Vedavati,05-04-2023 12:04:00,92.667,2136.95,30,27.8,25.225,25.93,0,203,450,,35.762,34.27,3.642,,
2023-04-06,123413.0,Vanivilasa Sagar Dam,Krishna,Vedavati,Hagari Or Vedavati,06-04-2023 12:04:00,92.467,2136.9,30,27.74,25.165,25.87,0,203,450,,35.762,34.288,3.681,,
2023-04-07,123414.0,Vanivilasa Sagar Dam,Krishna,Vedavati,Hagari Or Vedavati,07-04-2023 12:04:00,92.267,2136.85,30,27.68,25.105,25.81,0,203,450,,35.762,34.305,3.72,,
2023-04-08,123415.0,Vanivilasa Sagar Dam,Krishna,Vedavati,Hagari Or Vedavati,08-04-2023 12:04:00,92.1,2136.8,30,27.63,25.055,25.76,0,203,450,,35.762,34.323,3.758,,
2023-04-09,123416.0,Vanivilasa Sagar Dam,Krishna,Vedavati,Hagari Or Vedavati,09-04-2023 12:04:00,91.9,2136.75,30,27.57,24.995,25.7,0,203,450,,35.762,34.34,3.797,,
2023-04-10,123417.0,Vanivilasa Sagar Dam,Krishna,Vedavati,Hagari Or Vedavati,10-04-2023 12:04:00,91.733,2136.65,30,27.52,24.945,25.65,0,203,450,,35.762,34.358,3.836,,
2023-04-11,123418.0,Vanivilasa Sagar Dam,Krishna,Vedavati,Hagari Or Vedavati,11-04-2023 12:04:00,91.533,2136.6,30,27.46,24.885,25.59,0,203,450,,35.762,34.376,3.875,,
2023-04-12,123419.0,Vanivilasa Sagar Dam,Krishna,Vedavati,Hagari Or Vedavati,12-04-2023 12:04:00,91.333,2136.55,30,27.4,24.825,25.53,0,203,450,,35.762,34.393,3.914,,
2023-04-13,123420.0,Vanivilasa Sagar Dam,Krishna,Vedavati,Hagari Or Vedavati,13-04-2023 12:04:00,91.167,2136.45,30,27.35,24.775,25.48,0,203,450,,35.762,34.411,3.953,,
2023-04-14,123421.0,Vanivilasa Sagar Dam,Krishna,Vedavati,Hagari Or Vedavati,14-04-2023 12:04:00,90.967,2136.4,30,27.29,24.715,25.42,0,203,450,,35.762,34.428,3.992,,
2023-04-15,123422.0,Vanivilasa Sagar Dam,Krishna,Vedavati,Hagari Or Vedavati,15-04-2023 12:04:00,90.8,2136.3,30,27.24,24.665,25.37,0,203,450,,35.762,34.446,4.031,,
2023-04-16,123423.0,Vanivilasa Sagar Dam,Krishna,Vedavati,Hagari Or Vedavati,16-04-2023 12:04:00,90.6,2136.25,30,27.18,24.605,25.31,0,203,450,,35.762,34.463,4.069,,
2023-04-17,123424.0,Vanivilasa Sagar Dam,Krishna,Vedavati,Hagari Or Vedavati,17-04-2023 12:04:00,90.4,2136.15,30,27.12,24.545,25.25,0,203,450,,35.762,34.481,4.108,,
2023-04-18,123425.0,Vanivilasa Sagar Dam,Krishna,Vedavati,Hagari Or Vedavati,18-04-2023 12:04:00,90.233,2136.1,30,27.07,24.495,25.2,0,203,450,,35.762,34.498,4.147,,
2023-04-19,123426.0,Vanivilasa Sagar Dam,Krishna,Vedavati,Hagari Or Vedavati,19-04-2023 12:04:00,90.033,2136,30,27.01,24.435,25.14,0,203,450,,35.762,34.516,4.186,,
2023-04-20,,,,,,,,2135.925,,,,,,,,,,,,,0.0
2023-04-21,123427.0,Vanivilasa Sagar Dam,Krishna,Vedavati,Hagari Or Vedavati,21-04-2023 12:04:00,89.7,2135.85,30,26.91,24.335,25.04,0,203,300,,35.762,34.551,4.251,,
2023-04-22,123428.0,Vanivilasa Sagar Dam,Krishna,Vedavati,Hagari Or Vedavati,22-04-2023 12:04:00,89.633,2135.8,30,26.89,24.315,25.02,0,203,0,,35.762,34.568,4.251,,
2023-04-23,123429.0,Vanivilasa Sagar Dam,Krishna,Vedavati,Hagari Or Vedavati,23-04-2023 12:04:00,89.567,2135.75,30,26.87,24.295,25,0,203,0,,35.762,34.586,4.251,,
2023-04-24,123430.0,Vanivilasa Sagar Dam,Krishna,Vedavati,Hagari Or Vedavati,24-04-2023 12:04:00,89.5,2135.75,30,26.85,24.275,24.98,0,203,0,,35.762,34.604,4.251,,
2023-04-25,123431.0,Vanivilasa Sagar Dam,Krishna,Vedavati,Hagari Or Vedavati,25-04-2023 12:04:00,89.433,2135.7,30,26.83,24.255,24.96,0,203,0,,35.762,34.621,4.251,,
2023-04-26,123432.0,Vanivilasa Sagar Dam,Krishna,Vedavati,Hagari Or Vedavati,26-04-2023 12:04:00,89.367,2135.7,30,26.81,24.235,24.94,0,203,0,,35.762,34.639,4.251,,
2023-04-27,123433.0,Vanivilasa Sagar Dam,Krishna,Vedavati,Hagari Or Vedavati,27-04-2023 12:04:00,89.3,2135.7,30,26.79,24.215,24.92,0,203,0,,35.762,34.656,4.251,,
2023-04-28,123434.0,Vanivilasa Sagar Dam,Krishna,Vedavati,Hagari Or Vedavati,28-04-2023 12:04:00,89.233,2135.65,30,26.77,24.195,24.9,0,203,0,,35.762,34.674,4.251,,
2023-04-29,123435.0,Vanivilasa Sagar Dam,Krishna,Vedavati,Hagari Or Vedavati,29-04-2023 12:04:00,89.167,2135.65,30,26.75,24.175,24.88,0,203,0,,35.762,34.691,4.251,,
2023-04-30,123436.0,Vanivilasa Sagar Dam,Krishna,Vedavati,Hagari Or Vedavati,30-04-2023 12:04:00,89.1,2135.65,30,26.73,24.155,24.86,0,203,0,,35.762,34.709,4.251,,
2023-05-01,123437.0,Vanivilasa Sagar Dam,Krishna,Vedavati,Hagari Or Vedavati,01-05-2023 12:05:00,89.033,2135.6,30,26.71,24.135,24.84,0,203,0,,35.762,34.726,4.251,,
2023-05-02,123438.0,Vanivilasa Sagar Dam,Krishna,Vedavati,Hagari Or Vedavati,02-05-2023 12:05:00,88.967,2135.6,30,26.69,24.115,24.82,0,203,0,,35.762,34.744,4.251,,
2023-05-03,123439.0,Vanivilasa Sagar Dam,Krishna,Vedavati,Hagari Or Vedavati,03-05-2023 12:05:00,88.9,2135.6,30,26.67,24.095,24.8,0,203,0,,35.762,34.761,4.251,,
2023-05-04,123440.0,Vanivilasa Sagar Dam,Krishna,Vedavati,Hagari Or Vedavati,04-05-2023 12:05:00,88.833,2135.55,30,26.65,24.075,24.78,0,183,0,,35.762,34.772,4.251,,
2023-05-05,123441.0,Vanivilasa Sagar Dam,Krishna,Vedavati,Hagari Or Vedavati,05-05-2023 12:05:00,88.8,2135.55,30,26.64,24.065,24.77,0,183,0,,35.762,34.788,4.251,,
2023-05-06,123442.0,Vanivilasa Sagar Dam,Krishna,Vedavati,Hagari Or Vedavati,06-05-2023 12:05:00,88.8,2135.5,30,26.64,24.065,24.77,0,188,0,,35.762,34.804,4.251,,
2023-05-07,123443.0,Vanivilasa Sagar Dam,Krishna,Vedavati,Hagari Or Vedavati,07-05-2023 12:05:00,88.767,2135.5,30,26.63,24.055,24.76,0,188,0,,35.762,34.82,4.251,,
2023-05-08,123444.0,Vanivilasa Sagar Dam,Krishna,Vedavati,Hagari Or Vedavati,08-05-2023 12:05:00,88.767,2135.45,30,26.63,24.055,24.76,0,188,0,,35.762,34.837,4.251,,
2023-05-09,123445.0,Vanivilasa Sagar Dam,Krishna,Vedavati,Hagari Or Vedavati,09-05-2023 12:05:00,,2135.45,30,26.61,24.035,24.74,0,188,0,,,,,,
2023-05-10,123446.0,Vanivilasa Sagar Dam,Krishna,Vedavati,Hagari Or Vedavati,10-05-2023 12:05:00,88.667,2135.4,30,26.6,24.025,24.73,0,188,0,,35.76,34.87,4.25,,
2023-05-11,123447.0,Vanivilasa Sagar Dam,Krishna,Vedavati,Hagari Or Vedavati,11-05-2023 12:05:00,88.6,2135.4,30,26.58,24.005,24.71,0,188,0,,35.76,34.887,4.25,,
2023-05-12,123448.0,Vanivilasa Sagar Dam,Krishna,Vedavati,Hagari Or Vedavati,12-05-2023 12:05:00,88.567,2135.4,30,26.57,23.995,24.7,0,188,0,,35.76,34.903,4.25,,
2023-05-13,123449.0,Vanivilasa Sagar Dam,Krishna,Vedavati,Hagari Or Vedavati,13-05-2023 12:05:00,88.5,2135.35,30,26.55,23.975,24.68,0,188,0,,35.76,34.919,4.25,,
2023-05-14,123450.0,Vanivilasa Sagar Dam,Krishna,Vedavati,Hagari Or Vedavati,14-05-2023 12:05:00,88.433,2135.35,30,26.53,23.955,24.66,0,188,0,,35.762,34.934,4.251,,
2023-05-15,123451.0,Vanivilasa Sagar Dam,Krishna,Vedavati,Hagari Or Vedavati,15-05-2023 12:05:00,88.4,2135.35,30,26.52,23.945,24.65,0,188,0,,35.762,34.95,4.251,,
2023-05-16,123452.0,Vanivilasa Sagar Dam,Krishna,Vedavati,Hagari Or Vedavati,16-05-2023 12:05:00,88.333,2135.3,30,26.5,23.925,24.63,0,188,0,,35.76,34.968,4.25,,
2023-05-17,123453.0,Vanivilasa Sagar Dam,Krishna,Vedavati,Hagari Or Vedavati,17-05-2023 12:05:00,88.3,2135.3,30,26.49,23.915,24.62,0,188,0,,35.762,34.983,4.251,,
2023-05-18,123454.0,Vanivilasa Sagar Dam,Krishna,Vedavati,Hagari Or Vedavati,18-05-2023 12:05:00,88.233,2135.3,30,26.47,23.895,24.6,0,188,0,,35.762,34.999,4.251,,
2023-05-19,123455.0,Vanivilasa Sagar Dam,Krishna,Vedavati,Hagari Or Vedavati,19-05-2023 12:05:00,88.167,2135.25,30,26.45,23.875,24.58,0,188,0,,35.762,35.015,4.251,,
2023-05-20,,,,,,,,2135.2,,,,,,,,,,,,,0.2
2023-05-21,123456.0,Vanivilasa Sagar Dam,Krishna,Vedavati,Hagari Or Vedavati,21-05-2023 12:05:00,87.833,2135.15,30,26.35,23.775,24.48,0,188,520,,35.762,35.048,4.322,,
2023-05-22,123457.0,Vanivilasa Sagar Dam,Krishna,Vedavati,Hagari Or Vedavati,22-05-2023 12:05:00,87.633,2135.1,30,26.29,23.715,24.42,0,188,520,,35.762,35.064,4.367,,
2023-05-23,123458.0,Vanivilasa Sagar Dam,Krishna,Vedavati,Hagari Or Vedavati,23-05-2023 12:05:00,87.433,2135,30,26.23,23.655,24.36,0,188,520,,35.762,35.08,4.412,,
2023-05-24,123459.0,Vanivilasa Sagar Dam,Krishna,Vedavati,Hagari Or Vedavati,24-05-2023 12:05:00,87.267,2134.95,30,26.18,23.605,24.31,0,188,420,,35.762,35.096,4.448,,
2023-05-25,123460.0,Vanivilasa Sagar Dam,Krishna,Vedavati,Hagari Or Vedavati,25-05-2023 12:05:00,87.1,2134.9,30,26.13,23.555,24.26,0,188,420,,35.762,35.113,4.484,,
2023-05-26,123461.0,Vanivilasa Sagar Dam,Krishna,Vedavati,Hagari Or Vedavati,26-05-2023 12:05:00,86.9,2134.8,30,26.07,23.495,24.2,0,188,420,,35.762,35.129,4.52,,
2023-05-27,123462.0,Vanivilasa Sagar Dam,Krishna,Vedavati,Hagari Or Vedavati,27-05-2023 12:05:00,86.733,2134.75,30,26.02,23.445,24.15,0,188,420,,35.762,35.145,4.557,,
2023-05-28,123463.0,Vanivilasa Sagar Dam,Krishna,Vedavati,Hagari Or Vedavati,28-05-2023 12:05:00,86.567,2134.7,30,25.97,23.395,24.1,0,188,420,,35.762,35.161,4.593,,
2023-05-29,123464.0,Vanivilasa Sagar Dam,Krishna,Vedavati,Hagari Or Vedavati,29-05-2023 12:05:00,86.4,2134.65,30,25.92,23.345,24.05,0,188,420,,35.762,35.178,4.629,,
2023-05-30,123465.0,Vanivilasa Sagar Dam,Krishna,Vedavati,Hagari Or Vedavati,30-05-2023 12:05:00,86.233,2134.6,30,25.87,0,,0,188,420,,35.762,35.194,4.666,,
2023-05-31,123466.0,Vanivilasa Sagar Dam,Krishna,Vedavati,Hagari Or Vedavati,31-05-2023 12:05:00,86.033,2134.5,30,25.81,0,,0,188,460,,35.762,35.21,4.705,,
2023-06-01,123467.0,Vanivilasa Sagar Dam,Krishna,Vedavati,Hagari Or Vedavati,01-06-2023 12:06:00,85.867,2134.45,30,25.76,0,,0,153,460,,0,0.013,0.04,,
2023-06-02,123468.0,Vanivilasa Sagar Dam,Krishna,Vedavati,Hagari Or Vedavati,02-06-2023 12:06:00,85.667,2134.35,30,25.7,0,,0,153,460,,0,0.026,0.079,,
2023-06-03,123469.0,Vanivilasa Sagar Dam,Krishna,Vedavati,Hagari Or Vedavati,03-06-2023 12:06:00,85.5,2134.3,30,25.65,0,,0,153,460,,0,0.04,0.119,,
2023-06-04,123470.0,Vanivilasa Sagar Dam,Krishna,Vedavati,Hagari Or Vedavati,04-06-2023 12:06:00,85.333,2134.25,30,25.6,0,,0,153,400,,0,0.053,0.154,,
2023-06-05,123471.0,Vanivilasa Sagar Dam,Krishna,Vedavati,Hagari Or Vedavati,05-06-2023 12:06:00,85.2,2134.2,30,25.56,0,,0,153,400,,0,0.066,0.188,,
2023-06-06,123472.0,Vanivilasa Sagar Dam,Krishna,Vedavati,Hagari Or Vedavati,06-06-2023 12:06:00,85.033,2134.15,30,25.51,22.935,23.64,0,153,400,,0,0.079,0.223,,
2023-06-07,123473.0,Vanivilasa Sagar Dam,Krishna,Vedavati,Hagari Or Vedavati,07-06-2023 12:06:00,84.867,2134.1,30,25.46,22.885,23.59,0,153,400,,0,0.093,0.257,,
2023-06-08,123474.0,Vanivilasa Sagar Dam,Krishna,Vedavati,Hagari Or Vedavati,08-06-2023 12:06:00,84.7,2134,30,25.41,22.835,23.54,0,153,460,,0,0.106,0.297,,
2023-06-09,,,,,,,,2133.95,,,,,,,,,,,,,0.4
2023-06-10,123475.0,Vanivilasa Sagar Dam,Krishna,Vedavati,Hagari Or Vedavati,10-06-2023 12:06:00,84.333,2133.9,30,25.3,22.725,23.43,0,153,460,,0,0.132,0.377,,
2023-06-11,123476.0,Vanivilasa Sagar Dam,Krishna,Vedavati,Hagari Or Vedavati,11-06-2023 12:06:00,,2133.85,30,25.25,22.675,23.38,0,153,460,,0,0.145,0.416,,
2023-06-12,,,,,,,,2133.8166666666666,,,,,,,,,,,,,1.4
2023-06-13,,,,,,,,2133.7833333333333,,,,,,,,,,,,,0.2
2023-06-14,123477.0,Vanivilasa Sagar Dam,Krishna,Vedavati,Hagari Or Vedavati,14-06-2023 12:06:00,83.9,2133.75,30,25.17,22.595,23.3,0,153,0,,0,0.185,0.461,,
2023-06-15,123478.0,Vanivilasa Sagar Dam,Krishna,Vedavati,Hagari Or Vedavati,15-06-2023 12:06:00,83.833,2133.7,30,25.15,22.575,23.28,0,153,0,,0,0.198,0.461,,
2023-06-16,,,,,,,,2133.6833333333334,,,,,,,,,,,,,0.2
2023-06-17,,,,,,,,2133.6666666666665,,,,,,,,,,,,,0.6
2023-06-18,123479.0,Vanivilasa Sagar Dam,Krishna,Vedavati,Hagari Or Vedavati,18-06-2023 12:06:00,83.7,2133.65,30,25.11,22.535,23.24,0,153,0,,0,0.238,0.461,,
2023-06-19,123480.0,Vanivilasa Sagar Dam,Krishna,Vedavati,Hagari Or Vedavati,19-06-2023 12:06:00,83.633,2133.65,30,25.09,22.515,23.22,0,153,0,,0,0.251,0.461,,
2023-06-20,,,,,,,,2133.625,,,,,,,,,,,,,13.0
2023-06-21,123481.0,Vanivilasa Sagar Dam,Krishna,Vedavati,Hagari Or Vedavati,21-06-2023 12:06:00,83.567,2133.6,30,25.07,22.495,23.2,0,153,0,,0,0.278,0.461,,
2023-06-22,123482.0,Vanivilasa Sagar Dam,Krishna,Vedavati,Hagari Or Vedavati,22-06-2023 12:06:00,83.533,2133.6,30,25.06,22.485,23.19,0,153,0,,0,0.291,0.461,,
2023-06-23,123483.0,Vanivilasa Sagar Dam,Krishna,Vedavati,Hagari Or Vedavati,23-06-2023 12:06:00,83.5,2133.6,30,25.05,22.475,23.18,0,153,0,,0,0.304,0.461,,
2023-06-24,123484.0,Vanivilasa Sagar Dam,Krishna,Vedavati,Hagari Or Vedavati,24-06-2023 12:06:00,83.467,2133.55,30,25.04,22.465,23.17,0,153,0,,0,0.317,0.461,,
2023-06-25,123485.0,Vanivilasa Sagar Dam,Krishna,Vedavati,Hagari Or Vedavati,25-06-2023 12:06:00,83.433,2133.55,30,25.03,22.455,23.16,0,153,0,,0,0.33,0.461,,
2023-06-26,123486.0,Vanivilasa Sagar Dam,Krishna,Vedavati,Hagari Or Vedavati,26-06-2023 12:06:00,83.4,2133.55,30,25.02,22.445,23.15,0,153,0,,0,0.344,0.461,,
2023-06-27,123487.0,Vanivilasa Sagar Dam,Krishna,Vedavati,Hagari Or Vedavati,27-06-2023 12:06:00,83.367,2133.55,30,25.01,22.435,23.14,0,153,0,,0,0.357,0.461,,
2023-06-28,123488.0,Vanivilasa Sagar Dam,Krishna,Vedavati,Hagari Or Vedavati,28-06-2023 12:06:00,83.333,2133.5,30,25,22.425,23.13,0,153,0,,0,0.37,0.461,,
2023-06-29,123489.0,Vanivilasa Sagar Dam,Krishna,Vedavati,Hagari Or Vedavati,29-06-2023 12:06:00,86.6,2133.5,30,25.98,23.405,24.11,0,153,0,,0,0.383,0.461,,
2023-06-30,123490.0,Vanivilasa Sagar Dam,Krishna,Vedavati,Hagari Or Vedavati,30-06-2023 12:06:00,86.533,2133.5,30,25.96,23.385,24.09,0,153,0,,0,0.397,0.461,,
2023-07-01,123491.0,Vanivilasa Sagar Dam,Krishna,Vedavati,Hagari Or Vedavati,01-07-2023 12:07:00,86.433,2133.45,30,25.93,23.355,24.06,0,153,0,,0,0.41,0.461,,
2023-07-02,123492.0,Vanivilasa Sagar Dam,Krishna,Vedavati,Hagari Or Vedavati,02-07-2023 12:07:00,83.067,2133.45,30,24.92,22.345,23.05,0,163,0,,0,0.424,0.461,,
2023-07-03,123493.0,Vanivilasa Sagar Dam,Krishna,Vedavati,Hagari Or Vedavati,03-07-2023 12:07:00,83,2133.45,30,24.9,22.325,23.03,0,153,0,,0,0.437,0.461,,
2023-07-04,123494.0,Vanivilasa Sagar Dam,Krishna,Vedavati,Hagari Or Vedavati,04-07-2023 12:07:00,82.967,2133.4,30,24.89,22.315,23.02,0,153,0,,0,0.45,0.461,,
2023-07-05,123495.0,Vanivilasa Sagar Dam,Krishna,Vedavati,Hagari Or Vedavati,05-07-2023 12:07:00,82.933,2133.4,30,24.88,22.305,23.01,0,153,0,,0,0.464,0.461,,
2023-07-06,123496.0,Vanivilasa Sagar Dam,Krishna,Vedavati,Hagari Or Vedavati,06-07-2023 12:07:00,82.9,2133,30,24.87,22.295,23,0,153,0,,0,0.477,0.461,,
2023-07-07,123497.0,Vanivilasa Sagar Dam,Krishna,Vedavati,Hagari Or Vedavati,07-07-2023 12:07:00,82.867,2133.4,30,24.86,22.285,22.99,0,153,0,,0,0.49,0.461,,
2023-07-08,123498.0,Vanivilasa Sagar Dam,Krishna,Vedavati,Hagari Or Vedavati,08-07-2023 12:07:00,82.833,2133.4,30,24.85,22.275,22.98,0,153,0,,0,0.503,0.461,,
2023-07-09,123499.0,Vanivilasa Sagar Dam,Krishna,Vedavati,Hagari Or Vedavati,09-07-2023 12:07:00,82.8,2133.4,30,24.84,22.265,22.97,0,153,0,,0,0.557,0.461,,
2023-07-10,123500.0,Vanivilasa Sagar Dam,Krishna,Vedavati,Hagari Or Vedavati,10-07-2023 12:07:00,82.767,2133.4,30,24.83,22.255,22.96,0,153,0,,0,0.53,0.461,,
2023-07-11,123501.0,Vanivilasa Sagar Dam,Krishna,Vedavati,Hagari Or Vedavati,11-07-2023 12:07:00,,2133.3,30,24.82,22.245,22.95,0,153,0,,0,0.543,0.461,,
2023-07-12,123502.0,Vanivilasa Sagar Dam,Krishna,Vedavati,Hagari Or Vedavati,12-07-2023 12:07:00,82.833,2133.35,30,24.85,22.275,22.98,652,153,0,,0.056,0.597,0.461,,
2023-07-13,123503.0,Vanivilasa Sagar Dam,Krishna,Vedavati,Hagari Or Vedavati,13-07-2023 12:07:00,82.8,2133.35,30,24.84,22.265,22.97,0,153,0,,0.056,0.61,0.461,,
2023-07-14,123504.0,Vanivilasa Sagar Dam,Krishna,Vedavati,Hagari Or Vedavati,14-07-2023 12:07:00,82.733,2133.3,30,24.82,22.245,22.95,0,153,0,,0.056,0.583,0.461,,
2023-07-15,123505.0,Vanivilasa Sagar Dam,Krishna,Vedavati,Hagari Or Vedavati,15-07-2023 12:07:00,82.7,2133.3,30,24.81,22.235,22.94,0,153,0,,0.056,0.596,0.461,,
2023-07-16,123506.0,Vanivilasa Sagar Dam,Krishna,Vedavati,Hagari Or Vedavati,16-07-2023 12:07:00,82.633,2133.3,30,24.79,22.215,22.92,0,153,0,,0.056,0.649,0.461,,
2023-07-17,123507.0,Vanivilasa Sagar Dam,Krishna,Vedavati,Hagari Or Vedavati,17-07-2023 12:07:00,82.6,2133.25,30,24.78,22.205,22.91,0,153,0,,0.056,0.663,0.461,,
2023-07-18,123508.0,Vanivilasa Sagar Dam,Krishna,Vedavati,Hagari Or Vedavati,18-07-2023 12:07:00,82.567,2133.25,30,24.77,22.195,22.9,0,153,0,,0.056,0.635,0.461,,
2023-07-19,123509.0,Vanivilasa Sagar Dam,Krishna,Vedavati,Hagari Or Vedavati,19-07-2023 12:07:00,82.533,2133.25,30,24.76,22.185,22.89,0,153,0,,0.056,0.649,0.461,,
2023-07-20,,,,,,,,2133.25,,,,,,,,,,,,,6.3
2023-07-21,123510.0,Vanivilasa Sagar Dam,Krishna,Vedavati,Hagari Or Vedavati,21-07-2023 12:07:00,82.433,2133.25,30,24.73,22.155,22.86,0,153,0,,0.056,0.675,0.461,,
2023-07-22,123511.0,Vanivilasa Sagar Dam,Krishna,Vedavati,Hagari Or Vedavati,22-07-2023 12:07:00,82.4,2133.2,30,24.72,22.145,22.85,0,153,0,,0.056,0.688,0.461,,
2023-07-23,123512.0,Vanivilasa Sagar Dam,Krishna,Vedavati,Hagari Or Vedavati,23-07-2023 12:07:00,82.367,2133.2,30,24.71,22.135,22.84,0,153,0,,0.056,0.701,0.461,,
2023-07-24,123513.0,Vanivilasa Sagar Dam,Krishna,Vedavati,Hagari Or Vedavati,24-07-2023 12:07:00,82.3,2133.2,30,24.69,22.115,22.82,0,153,0,,0.056,0.715,0.461,,
2023-07-25,123514.0,Vanivilasa Sagar Dam,Krishna,Vedavati,Hagari Or Vedavati,25-07-2023 12:07:00,82.533,2133.25,30,24.76,22.185,22.89,999,153,0,,0.143,0.728,0.461,,
2023-07-26,123515.0,Vanivilasa Sagar Dam,Krishna,Vedavati,Hagari Or Vedavati,26-07-2023 12:07:00,82.667,2133.3,30,24.8,22.225,22.93,638,153,0,,0.198,0.741,0.461,,
2023-07-27,123516.0,Vanivilasa Sagar Dam,Krishna,Vedavati,Hagari Or Vedavati,27-07-2023 12:07:00,82.657,2133.3,30,24.797,22.222,22.927,0,153,0,,0.198,0.754,0.461,,
2023-07-28,123517.0,Vanivilasa Sagar Dam,Krishna,Vedavati,Hagari Or Vedavati,28-07-2023 12:07:00,82.623,2133.25,30,24.787,22.212,22.917,0,153,0,,0.198,0.768,0.461,,
2023-07-29,123518.0,Vanivilasa Sagar Dam,Krishna,Vedavati,Hagari Or Vedavati,29-07-2023 12:07:00,82.533,2133.25,30,24.76,22.185,22.89,0,153,0,,0.198,0.781,0.461,,
2023-07-30,123519.0,Vanivilasa Sagar Dam,Krishna,Vedavati,Hagari Or Vedavati,30-07-2023 12:07:00,82.5,2133.25,30,24.75,22.175,22.88,0,153,0,,0.198,0.794,0.461,,
2023-07-31,123520.0,Vanivilasa Sagar Dam,Krishna,Vedavati,Hagari Or Vedavati,31-07-2023 12:07:00,82.433,2133.2,30,24.73,22.155,22.86,0,153,0,,0.198,0.807,0.461,,
2023-08-01,123521.0,Vanivilasa Sagar Dam,Krishna,Vedavati,Hagari Or Vedavati,01-08-2023 12:08:00,82.4,2133.2,30,24.72,22.145,22.85,0,153,0,,0.198,0.82,0.461,,
2023-08-02,123522.0,Vanivilasa Sagar Dam,Krishna,Vedavati,Hagari Or Vedavati,02-08-2023 12:08:00,82.333,2133.2,30,24.7,22.125,22.83,0,153,0,,0.198,0.834,0.461,,
2023-08-03,123523.0,Vanivilasa Sagar Dam,Krishna,Vedavati,Hagari Or Vedavati,03-08-2023 12:08:00,82.3,2133.2,30,24.69,22.115,22.82,0,153,0,,0.198,0.847,0.461,,
2023-08-04,123524.0,Vanivilasa Sagar Dam,Krishna,Vedavati,Hagari Or Vedavati,04-08-2023 12:08:00,82.267,2133.15,30,24.68,22.105,22.81,0,153,0,,0.198,0.86,0.461,,
2023-08-05,123525.0,Vanivilasa Sagar Dam,Krishna,Vedavati,Hagari Or Vedavati,05-08-2023 12:08:00,76,2133.15,30,22.8,20.225,20.93,0,153,0,,0.198,0.873,0.461,,
2023-08-06,123526.0,Vanivilasa Sagar Dam,Krishna,Vedavati,Hagari Or Vedavati,06-08-2023 12:08:00,82.2,2133.15,30,24.66,22.085,22.79,0,153,0,,0.198,0.887,0.461,,
2023-08-07,123527.0,Vanivilasa Sagar Dam,Krishna,Vedavati,Hagari Or Vedavati,07-08-2023 12:08:00,82.167,2133.15,30,24.65,22.075,22.78,0,153,0,,0.198,0.9,0.461,,
2023-08-08,123528.0,Vanivilasa Sagar Dam,Krishna,Vedavati,Hagari Or Vedavati,08-08-2023 12:08:00,82.133,2133.1,30,24.64,22.065,22.77,0,153,0,,0.198,0.913,0.461,,
2023-08-09,123529.0,Vanivilasa Sagar Dam,Krishna,Vedavati,Hagari Or Vedavati,09-08-2023 12:08:00,82.1,2133.1,30,24.63,22.055,22.76,0,153,0,,0,0.556,0.461,,
2023-08-10,123530.0,Vanivilasa Sagar Dam,Krishna,Vedavati,Hagari Or Vedavati,10-08-2023 12:08:00,82.067,2133.1,30,24.62,22.045,22.75,0,153,0,,0.198,0.939,0.461,,
2023-08-11,123531.0,Vanivilasa Sagar Dam,Krishna,Vedavati,Hagari Or Vedavati,11-08-2023 12:08:00,82,2133.1,30,24.6,22.025,22.73,0,153,0,,0.198,0.953,0.461,,
2023-08-12,123532.0,Vanivilasa Sagar Dam,Krishna,Vedavati,Hagari Or Vedavati,12-08-2023 12:08:00,81.967,2133.05,30,24.59,22.015,22.72,0,153,0,,0,0.596,0.461,,
2023-08-13,123533.0,Vanivilasa Sagar Dam,Krishna,Vedavati,Hagari Or Vedavati,13-08-2023 12:08:00,81.933,2133.05,30,24.58,22.005,22.71,0,153,0,,0,0.609,0.461,,
2023-08-14,123534.0,Vanivilasa Sagar Dam,Krishna,Vedavati,Hagari Or Vedavati,14-08-2023 12:08:00,81.9,2133.05,30,24.57,21.995,22.7,0,153,0,,0.198,0.992,0.461,,
2023-08-15,123535.0,Vanivilasa Sagar Dam,Krishna,Vedavati,Hagari Or Vedavati,15-08-2023 12:08:00,81.867,2133.05,30,24.56,21.985,22.69,0,153,0,,0.198,1.006,0.461,,
2023-08-16,123536.0,Vanivilasa Sagar Dam,Krishna,Vedavati,Hagari Or Vedavati,16-08-2023 12:08:00,81.833,2133,30,24.55,21.975,22.68,0,153,0,,0,0.649,0.461,,
2023-08-17,123537.0,Vanivilasa Sagar Dam,Krishna,Vedavati,Hagari Or Vedavati,17-08-2023 12:08:00,81.8,2133,30,24.54,21.965,22.67,0,153,0,,0,0.662,0.461,,
2023-08-18,123538.0,Vanivilasa Sagar Dam,Krishna,Vedavati,Hagari Or Vedavati,18-08-2023 12:08:00,81.767,2133,30,24.53,21.955,22.66,0,153,0,,0.198,1.045,0.461,,
2023-08-19,123539.0,Vanivilasa Sagar Dam,Krishna,Vedavati,Hagari Or Vedavati,19-08-2023 12:08:00,81.733,2133,30,24.52,21.945,22.65,0,153,0,,0.198,1.058,0.461,,
2023-08-20,,,,,,,,2132.975,,,,,,,,,,,,,0.7
2023-08-21,123540.0,Vanivilasa Sagar Dam,Krishna,Vedavati,Hagari Or Vedavati,21-08-2023 12:08:00,81.667,2132.95,30,24.5,21.925,22.63,0,153,0,,0.198,1.085,0.461,,
2023-08-22,123541.0,Vanivilasa Sagar Dam,Krishna,Vedavati,Hagari Or Vedavati,22-08-2023 12:08:00,81.633,2132.95,30,24.49,21.915,22.62,0,153,0,,0.198,1.098,0.461,,
2023-08-23,123542.0,Vanivilasa Sagar Dam,Krishna,Vedavati,Hagari Or Vedavati,23-08-2023 12:08:00,81.6,2132.95,30,24.48,21.905,22.61,0,153,0,,0.198,1.111,0.461,,
2023-08-24,123543.0,Vanivilasa Sagar Dam,Krishna,Vedavati,Hagari Or Vedavati,24-08-2023 12:08:00,81.567,2132.9,30,24.47,21.895,22.6,0,153,0,,0.198,1.124,0.461,,
2023-08-25,123544.0,Vanivilasa Sagar Dam,Krishna,Vedavati,Hagari Or Vedavati,25-08-2023 12:08:00,81.533,2132.9,30,24.46,21.885,22.59,0,153,0,,0.198,1.138,0.461,,
2023-08-26,123545.0,Vanivilasa Sagar Dam,Krishna,Vedavati,Hagari Or Vedavati,26-08-2023 12:08:00,81.5,2132.9,30,24.45,21.875,22.58,0,153,0,,0.198,1.151,0.461,,
2023-08-27,123546.0,Vanivilasa Sagar Dam,Krishna,Vedavati,Hagari Or Vedavati,27-08-2023 12:08:00,81.467,2132.9,30,24.44,21.865,22.57,0,153,0,,0.198,1.164,0.461,,
2023-08-28,123547.0,Vanivilasa Sagar Dam,Krishna,Vedavati,Hagari Or Vedavati,28-08-2023 12:08:00,81.433,2132.85,30,24.43,21.855,22.56,0,153,0,,0.198,1.177,0.461,,
2023-08-29,123548.0,Vanivilasa Sagar Dam,Krishna,Vedavati,Hagari Or Vedavati,29-08-2023 12:08:00,81.4,2132.85,30,24.42,21.845,22.55,0,153,0,,0.198,1.191,0.461,,
2023-08-30,123549.0,Vanivilasa Sagar Dam,Krishna,Vedavati,Hagari Or Vedavati,30-08-2023 12:08:00,81.367,2132.85,30,24.41,21.835,22.54,0,153,0,,0.198,1.204,0.461,,
2023-08-31,123550.0,Vanivilasa Sagar Dam,Krishna,Vedavati,Hagari Or Vedavati,31-08-2023 12:08:00,81.3,2132.8,30,24.39,21.815,22.52,0,153,0,,0.198,1.217,0.461,,
2023-09-01,123551.0,Vanivilasa Sagar Dam,Krishna,Vedavati,Hagari Or Vedavati,01-09-2023 12:09:00,81.267,2132.8,30,24.38,21.805,22.51,0,127,0,,0.198,1.228,0.461,,
2023-09-02,123552.0,Vanivilasa Sagar Dam,Krishna,Vedavati,Hagari Or Vedavati,02-09-2023 12:09:00,81.233,2132.8,30,24.37,21.795,22.5,0,127,0,,0.198,1.239,0.461,,
2023-09-03,123553.0,Vanivilasa Sagar Dam,Krishna,Vedavati,Hagari Or Vedavati,03-09-2023 12:09:00,81.167,2132.75,30,24.35,21.775,22.48,0,127,0,,0.198,1.25,0.461,,
2023-09-04,123554.0,Vanivilasa Sagar Dam,Krishna,Vedavati,Hagari Or Vedavati,04-09-2023 12:09:00,81.133,2132.75,30,24.34,21.765,22.47,0,127,0,,0.198,1.261,0.461,,
2023-09-05,123555.0,Vanivilasa Sagar Dam,Krishna,Vedavati,Hagari Or Vedavati,05-09-2023 12:09:00,81.067,2132.75,30,24.32,21.745,22.45,0,127,0,,0.198,1.272,0.461,,
2023-09-06,123556.0,Vanivilasa Sagar Dam,Krishna,Vedavati,Hagari Or Vedavati,06-09-2023 12:09:00,81,2132.7,30,24.3,21.725,22.43,0,127,0,,0.198,1.283,0.461,,
2023-09-07,123557.0,Vanivilasa Sagar Dam,Krishna,Vedavati,Hagari Or Vedavati,07-09-2023 12:09:00,80.933,2132.7,30,24.28,21.705,22.41,0,127,0,,0.198,1.294,0.461,,
2023-09-08,123558.0,Vanivilasa Sagar Dam,Krishna,Vedavati,Hagari Or Vedavati,08-09-2023 12:09:00,80.9,2132.7,30,24.27,21.695,22.4,0,127,0,,0.198,1.305,0.461,,
2023-09-09,123559.0,Vanivilasa Sagar Dam,Krishna,Vedavati,Hagari Or Vedavati,09-09-2023 12:09:00,80.867,2132.7,30,24.26,21.685,22.39,0,127,0,,0,0.946,0.461,,
2023-09-10,123560.0,Vanivilasa Sagar Dam,Krishna,Vedavati,Hagari Or Vedavati,10-09-2023 12:09:00,80.833,2132.65,30,24.25,21.675,22.38,0,127,0,,0.198,1.327,0.461,,
2023-09-11,123561.0,Vanivilasa Sagar Dam,Krishna,Vedavati,Hagari Or Vedavati,11-09-2023 12:09:00,80.8,2132.65,30,24.24,21.665,22.37,0,127,0,,0.198,1.338,0.461,,
2023-09-12,123562.0,Vanivilasa Sagar Dam,Krishna,Vedavati,Hagari Or Vedavati,12-09-2023 12:09:00,80.733,2132.65,30,24.22,21.645,22.35,0,127,0,,0,0.979,0.461,,
2023-09-13,123563.0,Vanivilasa Sagar Dam,Krishna,Vedavati,Hagari Or Vedavati,13-09-2023 12:09:00,80.7,2132.6,30,24.21,21.635,22.34,0,127,0,,0,0.99,0.461,,
2023-09-14,123564.0,Vanivilasa Sagar Dam,Krishna,Vedavati,Hagari Or Vedavati,14-09-2023 12:09:00,80.667,2132.6,30,24.2,21.625,22.33,0,127,0,,0.198,1.371,0.461,,
2023-09-15,123565.0,Vanivilasa Sagar Dam,Krishna,Vedavati,Hagari Or Vedavati,15-09-2023 12:09:00,80.633,2132.6,30,24.19,21.615,22.32,0,127,0,,0.198,1.382,0.461,,
2023-09-16,123566.0,Vanivilasa Sagar Dam,Krishna,Vedavati,Hagari Or Vedavati,16-09-2023 12:09:00,80.6,2132.55,30,24.18,21.605,22.31,0,127,0,,0,1.022,0.461,,
2023-09-17,123567.0,Vanivilasa Sagar Dam,Krishna,Vedavati,Hagari Or Vedavati,17-09-2023 12:09:00,80.567,2132.55,30,24.17,21.595,22.3,0,127,0,,0,1.033,0.461,,
2023-09-18,123568.0,Vanivilasa Sagar Dam,Krishna,Vedavati,Hagari Or Vedavati,18-09-2023 12:09:00,80.533,2132.55,30,24.16,21.585,22.29,0,127,0,,0,1.044,0.461,,
2023-09-19,123569.0,Vanivilasa Sagar Dam,Krishna,Vedavati,Hagari Or Vedavati,19-09-2023 12:09:00,80.5,2132.55,30,24.15,21.575,22.28,0,127,0,,0.198,1.426,0.461,,
2023-09-20,,,,,,,,2132.525,,,,,,,,,,,,,0.7
2023-09-21,123570.0,Vanivilasa Sagar Dam,Krishna,Vedavati,Hagari Or Vedavati,21-09-2023 12:09:00,80.433,2132.5,30,24.13,21.555,22.26,0,127,0,,0.198,1.447,0.461,,
2023-09-22,123571.0,Vanivilasa Sagar Dam,Krishna,Vedavati,Hagari Or Vedavati,22-09-2023 12:09:00,80.367,2132.45,30,24.11,21.535,22.24,0,127,0,,0.198,1.458,0.461,,
2023-09-23,123572.0,Vanivilasa Sagar Dam,Krishna,Vedavati,Hagari Or Vedavati,23-09-2023 12:09:00,80.333,2132.45,30,24.1,21.525,22.23,0,127,0,,0.198,1.469,0.461,,
2023-09-24,123573.0,Vanivilasa Sagar Dam,Krishna,Vedavati,Hagari Or Vedavati,24-09-2023 12:09:00,80.3,2132.45,30,24.09,21.515,22.22,0,127,0,,0.198,1.48,0.461,,
2023-09-25,123574.0,Vanivilasa Sagar Dam,Krishna,Vedavati,Hagari Or Vedavati,25-09-2023 12:09:00,80.267,2132.4,30,24.08,21.505,22.21,0,127,0,,0.198,1.491,0.461,,
2023-09-26,123575.0,Vanivilasa Sagar Dam,Krishna,Vedavati,Hagari Or Vedavati,26-09-2023 12:09:00,80.2,2132.4,30,24.06,21.485,22.19,0,127,0,,0.198,1.502,0.461,,
2023-09-27,123576.0,Vanivilasa Sagar Dam,Krishna,Vedavati,Hagari Or Vedavati,27-09-2023 12:09:00,80.167,2132.4,30,24.05,21.475,22.18,0,127,0,,0.198,1.513,0.461,,
2023-09-28,123577.0,Vanivilasa Sagar Dam,Krishna,Vedavati,Hagari Or Vedavati,28-09-2023 12:09:00,80.133,2132.35,30,24.04,21.465,22.17,0,127,0,,0.198,1.524,0.461,,
2023-09-29,123578.0,Vanivilasa Sagar Dam,Krishna,Vedavati,Hagari Or Vedavati,29-09-2023 12:09:00,80.1,2132.35,30,24.03,21.455,22.16,0,127,0,,0.198,1.535,0.461,,
2023-09-30,123579.0,Vanivilasa Sagar Dam,Krishna,Vedavati,Hagari Or Vedavati,30-09-2023 12:09:00,80.067,2132.35,30,24.02,21.445,22.15,0,127,0,,0.198,1.546,0.461,,
2023-10-01,123580.0,Vanivilasa Sagar Dam,Krishna,Vedavati,Hagari Or Vedavati,01-10-2023 12:10:00,80,2132.35,30,24,21.425,22.13,0,127,0,,0.198,1.557,0.461,,
2023-10-02,123581.0,Vanivilasa Sagar Dam,Krishna,Vedavati,Hagari Or Vedavati,02-10-2023 12:10:00,79.967,2132.3,30,23.99,21.415,22.12,0,127,0,,0.198,1.568,0.461,,
2023-10-03,123582.0,Vanivilasa Sagar Dam,Krishna,Vedavati,Hagari Or Vedavati,03-10-2023 12:10:00,79.933,2132.3,30,23.98,21.405,22.11,0,127,0,,0.198,1.579,0.461,,
2023-10-04,123583.0,Vanivilasa Sagar Dam,Krishna,Vedavati,Hagari Or Vedavati,04-10-2023 12:10:00,79.9,2132.3,30,23.97,21.395,22.1,0,127,0,,0.198,1.59,0.461,,
2023-10-05,123584.0,Vanivilasa Sagar Dam,Krishna,Vedavati,Hagari Or Vedavati,05-10-2023 12:10:00,79.867,2132.25,30,23.96,21.385,22.09,0,127,0,,0.198,1.601,0.461,,
2023-10-06,123585.0,Vanivilasa Sagar Dam,Krishna,Vedavati,Hagari Or Vedavati,06-10-2023 12:10:00,79.833,2132.25,30,23.95,21.375,22.08,0,127,0,,0.198,1.612,0.461,,
2023-10-07,123586.0,Vanivilasa Sagar Dam,Krishna,Vedavati,Hagari Or Vedavati,07-10-2023 12:10:00,79.8,2132.25,30,23.94,21.365,22.07,0,127,0,,0.198,1.623,0.461,,
2023-10-08,123587.0,Vanivilasa Sagar Dam,Krishna,Vedavati,Hagari Or Vedavati,08-10-2023 12:10:00,79.767,2132.25,30,23.93,21.355,22.06,0,127,0,,0.198,1.634,0.461,,
2023-10-09,123588.0,Vanivilasa Sagar Dam,Krishna,Vedavati,Hagari Or Vedavati,09-10-2023 12:10:00,79.733,2132.2,30,23.92,21.345,22.05,0,127,0,,0,1.275,0.461,,
2023-10-10,123589.0,Vanivilasa Sagar Dam,Krishna,Vedavati,Hagari Or Vedavati,10-10-2023 12:10:00,79.667,2132.2,30,23.9,21.325,22.03,0,127,0,,0.198,1.656,0.461,,
2023-10-11,123590.0,Vanivilasa Sagar Dam,Krishna,Vedavati,Hagari Or Vedavati,11-10-2023 12:10:00,79.667,2132.2,30,23.9,21.325,22.03,0,127,0,,0.198,1.667,0.461,,
2023-10-12,123591.0,Vanivilasa Sagar Dam,Krishna,Vedavati,Hagari Or Vedavati,12-10-2023 12:10:00,79.633,2132.2,30,23.89,21.315,22.02,0,127,0,,0,1.308,0.461,,
2023-10-13,123592.0,Vanivilasa Sagar Dam,Krishna,Vedavati,Hagari Or Vedavati,13-10-2023 12:10:00,79.567,2132.15,30,23.87,21.295,22,0,127,0,,0,1.319,0.461,,
2023-10-14,123593.0,Vanivilasa Sagar Dam,Krishna,Vedavati,Hagari Or Vedavati,14-10-2023 12:10:00,79.5,2132.15,30,23.85,21.275,21.98,0,127,0,,0.198,1.7,0.461,,
2023-10-15,123594.0,Vanivilasa Sagar Dam,Krishna,Vedavati,Hagari Or Vedavati,15-10-2023 12:10:00,79.467,2132.15,30,23.84,21.265,21.97,0,127,0,,0.198,1.711,0.461,,
2023-10-16,123595.0,Vanivilasa Sagar Dam,Krishna,Vedavati,Hagari Or Vedavati,16-10-2023 12:10:00,79.4,2132.1,30,23.82,21.245,21.95,0,127,0,,0,1.352,0.461,,
2023-10-17,123596.0,Vanivilasa Sagar Dam,Krishna,Vedavati,Hagari Or Vedavati,17-10-2023 12:10:00,79.367,2132.1,30,23.81,21.235,21.94,0,127,0,,0,1.363,0.461,,
2023-10-18,123597.0,Vanivilasa Sagar Dam,Krishna,Vedavati,Hagari Or Vedavati,18-10-2023 12:10:00,79.167,2132.05,30,23.75,21.175,21.88,0,127,520,,0.198,1.744,0.506,,
2023-10-19,123598.0,Vanivilasa Sagar Dam,Krishna,Vedavati,Hagari Or Vedavati,19-10-2023 12:10:00,78.967,2132,30,23.69,21.115,21.82,0,127,550,,0.198,1.755,0.554,,
2023-10-20,,,,,,,,2131.95,,,,,,,,,,,,,0.0
2023-10-21,123599.0,Vanivilasa Sagar Dam,Krishna,Vedavati,Hagari Or Vedavati,21-10-2023 12:10:00,78.567,2131.9,30,23.57,20.995,21.7,0,127,550,,0.198,1.777,0.649,,
2023-10-22,123600.0,Vanivilasa Sagar Dam,Krishna,Vedavati,Hagari Or Vedavati,22-10-2023 12:10:00,78.367,2131.85,30,23.51,20.935,21.64,0,127,550,,0.198,1.788,0.696,,
2023-10-23,123601.0,Vanivilasa Sagar Dam,Krishna,Vedavati,Hagari Or Vedavati,23-10-2023 12:10:00,78.5,2131.8,30,23.55,20.975,21.68,0,127,550,,0.198,1.799,0.744,,
2023-10-24,123602.0,Vanivilasa Sagar Dam,Krishna,Vedavati,Hagari Or Vedavati,24-10-2023 12:10:00,77.933,2131.75,30,23.38,20.805,21.51,0,127,550,,0.198,1.81,0.791,,
2023-10-25,123603.0,Vanivilasa Sagar Dam,Krishna,Vedavati,Hagari Or Vedavati,25-10-2023 12:10:00,77.733,2131.65,30,23.32,20.745,21.45,0,127,550,,0.198,1.821,0.839,,
2023-10-26,123604.0,Vanivilasa Sagar Dam,Krishna,Vedavati,Hagari Or Vedavati,26-10-2023 12:10:00,77.567,2131.55,30,23.27,20.695,21.4,0,127,550,,0.198,1.832,0.886,,
2023-10-27,123605.0,Vanivilasa Sagar Dam,Krishna,Vedavati,Hagari Or Vedavati,27-10-2023 12:10:00,77.367,2131.45,30,23.21,20.635,21.34,0,127,550,,0.198,1.842,0.934,,
2023-10-28,123606.0,Vanivilasa Sagar Dam,Krishna,Vedavati,Hagari Or Vedavati,28-10-2023 12:10:00,77.167,2131.35,30,23.15,20.575,21.28,0,127,550,,0.198,1.853,0.982,,
2023-10-29,123607.0,Vanivilasa Sagar Dam,Krishna,Vedavati,Hagari Or Vedavati,29-10-2023 12:10:00,76.967,2131.25,30,23.09,20.515,21.22,0,127,550,,0.198,1.864,1.029,,
2023-10-30,123608.0,Vanivilasa Sagar Dam,Krishna,Vedavati,Hagari Or Vedavati,30-10-2023 12:10:00,76.767,2131.15,30,23.03,20.455,21.16,0,127,550,,0.198,1.875,1.077,,
2023-10-31,123609.0,Vanivilasa Sagar Dam,Krishna,Vedavati,Hagari Or Vedavati,31-10-2023 12:10:00,76.5,2131.05,30,22.95,20.375,21.08,0,127,600,,0.198,1.875,1.081,,
2023-11-01,123610.0,Vanivilasa Sagar Dam,Krishna,Vedavati,Hagari Or Vedavati,01-11-2023 12:11:00,76.233,2130.95,30,22.87,20.295,21,0,113,600,,0.198,1.885,1.133,,
2023-11-02,123611.0,Vanivilasa Sagar Dam,Krishna,Vedavati,Hagari Or Vedavati,02-11-2023 12:11:00,75.967,2130.85,30,22.79,20.215,20.92,0,113,600,,0.198,1.895,1.185,,
2023-11-03,123612.0,Vanivilasa Sagar Dam,Krishna,Vedavati,Hagari Or Vedavati,03-11-2023 12:11:00,75.7,2130.75,30,22.71,20.135,20.84,0,113,600,,0.198,1.905,1.236,,
2023-11-04,123613.0,Vanivilasa Sagar Dam,Krishna,Vedavati,Hagari Or Vedavati,04-11-2023 12:11:00,75.433,2130.6,30,22.63,20.055,20.76,0,113,600,,0.198,1.914,1.288,,
2023-11-05,123614.0,Vanivilasa Sagar Dam,Krishna,Vedavati,Hagari Or Vedavati,05-11-2023 12:11:00,75.1,2130.45,30,22.53,19.955,20.66,0,113,600,,0.198,1.924,1.34,,
2023-11-06,123615.0,Vanivilasa Sagar Dam,Krishna,Vedavati,Hagari Or Vedavati,06-11-2023 12:11:00,74.767,2130.3,30,22.43,19.855,20.56,0,127,600,,0.198,1.935,1.392,,
2023-11-07,123616.0,Vanivilasa Sagar Dam,Krishna,Vedavati,Hagari Or Vedavati,07-11-2023 12:11:00,74.567,2130.2,30,22.37,19.795,20.5,0,113,600,,0.198,1.956,1.491,,
2023-11-08,123617.0,Vanivilasa Sagar Dam,Krishna,Vedavati,Hagari Or Vedavati,08-11-2023 12:11:00,74.367,2130.05,30,22.31,19.735,20.44,0,113,500,,0.198,1.966,1.534,,
2023-11-09,123618.0,Vanivilasa Sagar Dam,Krishna,Vedavati,Hagari Or Vedavati,09-11-2023 12:11:00,74.5,2130.1,30,22.35,19.775,20.48,1098,113,500,,0.095,1.605,1.578,,
2023-11-10,123619.0,Vanivilasa Sagar Dam,Krishna,Vedavati,Hagari Or Vedavati,10-11-2023 12:11:00,74.567,2130.15,30,22.37,19.795,20.5,650,113,300,,0.349,1.985,1.604,,
2023-11-11,123620.0,Vanivilasa Sagar Dam,Krishna,Vedavati,Hagari Or Vedavati,11-11-2023 12:11:00,74.233,2130.1,30,22.27,19.695,20.4,0,113,500,,0.349,1.995,1.647,,
2023-11-12,123621.0,Vanivilasa Sagar Dam,Krishna,Vedavati,Hagari Or Vedavati,12-11-2023 12:11:00,73.9,2129.95,30,22.17,19.595,20.3,0,113,550,,0.151,1.635,1.694,,
2023-11-13,123622.0,Vanivilasa Sagar Dam,Krishna,Vedavati,Hagari Or Vedavati,13-11-2023 12:11:00,73.567,2129.9,30,22.07,19.495,20.2,0,113,550,,0.151,1.644,1.742,,
2023-11-14,123623.0,Vanivilasa Sagar Dam,Krishna,Vedavati,Hagari Or Vedavati,14-11-2023 12:11:00,73.233,2129.8,30,21.97,19.395,20.1,0,113,550,,0.349,2.024,1.789,,
2023-11-15,123624.0,Vanivilasa Sagar Dam,Krishna,Vedavati,Hagari Or Vedavati,15-11-2023 12:11:00,72.9,2129.7,30,21.87,19.295,20,0,113,550,,0.349,2.034,1.837,,
2023-11-16,123625.0,Vanivilasa Sagar Dam,Krishna,Vedavati,Hagari Or Vedavati,16-11-2023 12:11:00,72.567,2129.55,30,21.77,19.195,19.9,0,113,550,,0.151,1.674,1.884,,
2023-11-17,123626.0,Vanivilasa Sagar Dam,Krishna,Vedavati,Hagari Or Vedavati,17-11-2023 12:11:00,72.3,2129.45,30,21.69,19.115,19.82,0,113,450,,0.151,1.683,1.923,,
2023-11-18,123627.0,Vanivilasa Sagar Dam,Krishna,Vedavati,Hagari Or Vedavati,18-11-2023 12:11:00,72.2,2129.4,30,21.66,19.085,19.79,0,113,0,,0.349,2.063,1.923,,
2023-11-19,123628.0,Vanivilasa Sagar Dam,Krishna,Vedavati,Hagari Or Vedavati,19-11-2023 12:11:00,72.1,2129.35,30,21.63,19.055,19.76,0,113,0,,0.349,2.073,1.923,,
2023-11-20,,,,,,,,2129.3,,,,,,,,,,,,,0.0
2023-11-21,123629.0,Vanivilasa Sagar Dam,Krishna,Vedavati,Hagari Or Vedavati,21-11-2023 12:11:00,71.9,2129.25,30,21.57,18.995,19.7,0,113,0,,0.349,2.093,1.923,,
2023-11-22,123630.0,Vanivilasa Sagar Dam,Krishna,Vedavati,Hagari Or Vedavati,22-11-2023 12:11:00,71.767,2129.2,30,21.53,18.955,19.66,0,113,0,,0.349,2.102,1.923,,
2023-11-23,123631.0,Vanivilasa Sagar Dam,Krishna,Vedavati,Hagari Or Vedavati,23-11-2023 12:11:00,65.433,2129.15,30,19.63,17.055,17.76,0,113,0,,0.349,2.112,1.923,,
2023-11-24,123632.0,Vanivilasa Sagar Dam,Krishna,Vedavati,Hagari Or Vedavati,24-11-2023 12:11:00,71.567,2129.1,30,21.47,18.895,19.6,0,113,0,,0.349,2.122,1.923,,
2023-11-25,123633.0,Vanivilasa Sagar Dam,Krishna,Vedavati,Hagari Or Vedavati,25-11-2023 12:11:00,71.467,2129.05,30,21.44,18.865,19.57,0,113,0,,0.349,2.132,1.923,,
2023-11-26,123634.0,Vanivilasa Sagar Dam,Krishna,Vedavati,Hagari Or Vedavati,26-11-2023 12:11:00,71.367,2129,30,21.41,18.835,19.54,0,113,0,,0.349,2.141,1.923,,
2023-11-27,123635.0,Vanivilasa Sagar Dam,Krishna,Vedavati,Hagari Or Vedavati,27-11-2023 12:11:00,71.333,2129,30,21.4,18.825,19.53,0,113,0,,0.349,2.151,1.923,,
2023-11-28,123636.0,Vanivilasa Sagar Dam,Krishna,Vedavati,Hagari Or Vedavati,28-11-2023 12:11:00,71.3,2128.95,30,21.39,18.815,19.52,0,113,0,,0.349,2.161,1.923,,
2023-11-29,123637.0,Vanivilasa Sagar Dam,Krishna,Vedavati,Hagari Or Vedavati,29-11-2023 12:11:00,71.2,2128.9,30,21.36,18.785,19.49,0,113,0,,0.349,2.171,1.923,,
2023-11-30,123638.0,Vanivilasa Sagar Dam,Krishna,Vedavati,Hagari Or Vedavati,30-11-2023 12:11:00,71.167,2128.9,30,21.35,18.775,19.48,0,113,0,,0.349,2.18,1.923,,
2023-12-01,123639.0,Vanivilasa Sagar Dam,Krishna,Vedavati,Hagari Or Vedavati,01-12-2023 12:12:00,71.067,2128.85,30,21.32,18.745,19.45,0,113,0,,0.349,2.19,1.923,,
2023-12-02,123640.0,Vanivilasa Sagar Dam,Krishna,Vedavati,Hagari Or Vedavati,02-12-2023 12:12:00,71,2128.85,30,21.3,18.725,19.43,0,113,0,,0.349,2.2,1.923,,
2023-12-03,123641.0,Vanivilasa Sagar Dam,Krishna,Vedavati,Hagari Or Vedavati,03-12-2023 12:12:00,70.9,2128.8,30,21.27,18.695,19.4,0,113,0,,0.349,2.21,1.923,,
2023-12-04,123642.0,Vanivilasa Sagar Dam,Krishna,Vedavati,Hagari Or Vedavati,04-12-2023 12:12:00,70.867,2128.8,30,21.26,18.685,19.39,0,113,0,,0.349,2.22,1.923,,
2023-12-05,123643.0,Vanivilasa Sagar Dam,Krishna,Vedavati,Hagari Or Vedavati,05-12-2023 12:12:00,70.8,2128.75,30,21.24,18.665,19.37,0,113,0,,0.349,2.229,1.923,,
2023-12-06,123644.0,Vanivilasa Sagar Dam,Krishna,Vedavati,Hagari Or Vedavati,06-12-2023 12:12:00,70.767,2128.75,30,21.23,18.655,19.36,0,113,0,,0.349,2.239,1.923,,
2023-12-07,123645.0,Vanivilasa Sagar Dam,Krishna,Vedavati,Hagari Or Vedavati,07-12-2023 12:12:00,70.733,2128.7,30,21.22,18.645,19.35,0,113,0,,0.349,2.249,1.923,,
2023-12-08,123646.0,Vanivilasa Sagar Dam,Krishna,Vedavati,Hagari Or Vedavati,08-12-2023 12:12:00,70.7,2128.7,30,21.21,18.635,19.34,0,113,0,,0.349,2.259,1.923,,
2023-12-09,123647.0,Vanivilasa Sagar Dam,Krishna,Vedavati,Hagari Or Vedavati,09-12-2023 12:12:00,70.667,2128.65,30,21.2,18.625,19.33,0,113,0,,0.151,1.898,1.923,,
2023-12-10,123648.0,Vanivilasa Sagar Dam,Krishna,Vedavati,Hagari Or Vedavati,10-12-2023 12:12:00,70.633,2128.65,30,21.19,18.615,19.32,0,113,0,,0.349,2.278,1.923,,
2023-12-11,123649.0,Vanivilasa Sagar Dam,Krishna,Vedavati,Hagari Or Vedavati,11-12-2023 12:12:00,70.6,2128.65,30,21.18,18.605,19.31,0,113,0,,0.349,2.288,1.923,,
2023-12-12,123650.0,Vanivilasa Sagar Dam,Krishna,Vedavati,Hagari Or Vedavati,12-12-2023 12:12:00,70.533,2128.6,30,21.16,18.585,19.29,0,113,0,,0.151,1.927,1.923,,
2023-12-13,123651.0,Vanivilasa Sagar Dam,Krishna,Vedavati,Hagari Or Vedavati,13-12-2023 12:12:00,70.5,2128.6,30,21.15,18.575,19.28,0,113,0,,0.151,1.937,1.923,,
2023-12-14,123652.0,Vanivilasa Sagar Dam,Krishna,Vedavati,Hagari Or Vedavati,14-12-2023 12:12:00,70.467,2128.6,30,21.14,18.565,19.27,0,113,0,,0.349,2.317,1.923,,
2023-12-15,123653.0,Vanivilasa Sagar Dam,Krishna,Vedavati,Hagari Or Vedavati,15-12-2023 12:12:00,70.4,2128.55,30,21.12,18.545,19.25,0,113,0,,0.349,2.327,1.923,,
2023-12-16,123654.0,Vanivilasa Sagar Dam,Krishna,Vedavati,Hagari Or Vedavati,16-12-2023 12:12:00,70.367,2128.55,30,21.11,18.535,19.24,0,113,0,,0.151,1.967,1.923,,
2023-12-17,123655.0,Vanivilasa Sagar Dam,Krishna,Vedavati,Hagari Or Vedavati,17-12-2023 12:12:00,70.333,2128.55,30,21.1,18.525,19.23,0,113,0,,0.151,1.976,1.923,,
2023-12-18,123656.0,Vanivilasa Sagar Dam,Krishna,Vedavati,Hagari Or Vedavati,18-12-2023 12:12:00,70.3,2128.5,30,21.09,18.515,19.22,0,113,0,,0.349,2.356,1.923,,
2023-12-19,123657.0,Vanivilasa Sagar Dam,Krishna,Vedavati,Hagari Or Vedavati,19-12-2023 12:12:00,70.267,2128.5,30,21.08,18.505,19.21,0,113,0,,0.349,2.366,1.923,,
2023-12-20,,,,,,,,2128.475,,,,,,,,,,,,,0.0
2023-12-21,123658.0,Vanivilasa Sagar Dam,Krishna,Vedavati,Hagari Or Vedavati,21-12-2023 12:12:00,70.2,2128.45,30,21.06,18.485,19.19,0,113,0,,0.349,2.386,1.923,,
2023-12-22,123659.0,Vanivilasa Sagar Dam,Krishna,Vedavati,Hagari Or Vedavati,22-12-2023 12:12:00,70.167,2128.45,30,21.05,18.475,19.18,0,113,0,,0.349,2.395,1.923,,
2023-12-23,123660.0,Vanivilasa Sagar Dam,Krishna,Vedavati,Hagari Or Vedavati,23-12-2023 12:12:00,70.133,2128.45,30,21.04,18.465,19.17,0,113,0,,0.349,2.405,1.923,,
2023-12-24,123661.0,Vanivilasa Sagar Dam,Krishna,Vedavati,Hagari Or Vedavati,24-12-2023 12:12:00,70.1,2128.45,30,21.03,18.455,19.16,0,113,0,,0.349,2.415,1.923,,
2023-12-25,123662.0,Vanivilasa Sagar Dam,Krishna,Vedavati,Hagari Or Vedavati,25-12-2023 12:12:00,70.1,2128.4,30,21.03,18.455,19.16,0,113,0,,0.349,2.425,1.923,,
2023-12-26,123663.0,Vanivilasa Sagar Dam,Krishna,Vedavati,Hagari Or Vedavati,26-12-2023 12:12:00,70.067,2128.4,30,21.02,18.445,19.15,0,113,0,,0.349,2.434,1.923,,
2023-12-27,123664.0,Vanivilasa Sagar Dam,Krishna,Vedavati,Hagari Or Vedavati,27-12-2023 12:12:00,70.033,2128.4,30,21.01,18.435,19.14,0,113,0,,0.349,2.444,1.923,,
2023-12-28,123665.0,Vanivilasa Sagar Dam,Krishna,Vedavati,Hagari Or Vedavati,28-12-2023 12:12:00,70,2128.35,30,21,18.425,19.13,0,113,0,,0.349,2.454,1.923,,
2023-12-29,123666.0,Vanivilasa Sagar Dam,Krishna,Vedavati,Hagari Or Vedavati,29-12-2023 12:12:00,69.967,2128.35,30,20.99,18.415,19.12,0,113,0,,0.349,2.464,1.923,,
2023-12-30,123667.0,Vanivilasa Sagar Dam,Krishna,Vedavati,Hagari Or Vedavati,30-12-2023 12:12:00,69.933,2128.35,30,20.98,18.405,19.11,0,113,0,,0.349,2.473,1.923,,
2023-12-31,123668.0,Vanivilasa Sagar Dam,Krishna,Vedavati,Hagari Or Vedavati,31-12-2023 12:12:00,69.9,2128.35,30,20.97,18.395,19.1,0,113,0,,0.349,2.483,1.923,,
2024-01-01,123669.0,Vanivilasa Sagar Dam,Krishna,Vedavati,Hagari Or Vedavati,01-01-2024 12:01:00,69.867,2128.3,30,20.96,18.385,19.09,0,138,0,,0.349,2.495,1.923,,
2024-01-02,123670.0,Vanivilasa Sagar Dam,Krishna,Vedavati,Hagari Or Vedavati,02-01-2024 12:01:00,69.833,2128.3,30,20.95,18.375,19.08,0,138,0,,0.349,2.507,1.923,,
2024-01-03,123671.0,Vanivilasa Sagar Dam,Krishna,Vedavati,Hagari Or Vedavati,03-01-2024 12:01:00,69.8,2128.3,30,20.94,18.365,19.07,0,138,0,,0.349,2.519,1.923,,
2024-01-04,123672.0,Vanivilasa Sagar Dam,Krishna,Vedavati,Hagari Or Vedavati,04-01-2024 12:01:00,69.767,2128.3,30,20.93,18.355,19.06,0,138,0,,0.349,2.531,1.923,,
2024-01-05,123673.0,Vanivilasa Sagar Dam,Krishna,Vedavati,Hagari Or Vedavati,05-01-2024 12:01:00,69.733,2128.3,30,20.92,18.345,19.05,0,138,0,,0.349,2.543,1.923,,
2024-01-06,123674.0,Vanivilasa Sagar Dam,Krishna,Vedavati,Hagari Or Vedavati,06-01-2024 12:01:00,69.7,2128.25,30,20.91,18.335,19.04,0,138,0,,0.349,2.555,1.923,,
2024-01-07,123675.0,Vanivilasa Sagar Dam,Krishna,Vedavati,Hagari Or Vedavati,07-01-2024 12:01:00,69.667,2128.25,30,20.9,18.325,19.03,0,138,0,,0.349,2.567,1.923,,
2024-01-08,123676.0,Vanivilasa Sagar Dam,Krishna,Vedavati,Hagari Or Vedavati,08-01-2024 12:01:00,69.633,2128.25,30,20.89,18.315,19.02,0,138,0,,0.349,2.579,1.923,,
2024-01-09,123677.0,Vanivilasa Sagar Dam,Krishna,Vedavati,Hagari Or Vedavati,09-01-2024 12:01:00,69.6,2128.25,30,20.88,18.305,19.01,0,138,0,,0.151,2.22,1.923,,
2024-01-10,123678.0,Vanivilasa Sagar Dam,Krishna,Vedavati,Hagari Or Vedavati,10-01-2024 12:01:00,69.567,2128.2,30,20.87,18.295,19,0,138,0,,0.349,2.602,1.923,,
2024-01-11,123679.0,Vanivilasa Sagar Dam,Krishna,Vedavati,Hagari Or Vedavati,11-01-2024 12:01:00,69.533,2128.2,30,20.86,18.285,18.99,0,138,0,,0.349,2.614,1.923,,
2024-01-12,123680.0,Vanivilasa Sagar Dam,Krishna,Vedavati,Hagari Or Vedavati,12-01-2024 12:01:00,69.5,2128.15,30,20.85,18.275,18.98,0,138,0,,0.151,2.256,1.923,,
2024-01-13,123681.0,Vanivilasa Sagar Dam,Krishna,Vedavati,Hagari Or Vedavati,13-01-2024 12:01:00,69.47,2128.15,30,20.84,18.265,18.97,0,138,0,,35.436,31.802,2.114,,
2024-01-14,123682.0,Vanivilasa Sagar Dam,Krishna,Vedavati,Hagari Or Vedavati,14-01-2024 12:01:00,69.433,2128.1,30,20.83,18.255,18.96,0,138,0,,0.349,2.65,1.923,,
2024-01-15,123683.0,Vanivilasa Sagar Dam,Krishna,Vedavati,Hagari Or Vedavati,15-01-2024 12:01:00,69.4,2128.1,30,20.82,18.245,18.95,0,138,0,,0.349,2.662,1.923,,
2024-01-16,123684.0,Vanivilasa Sagar Dam,Krishna,Vedavati,Hagari Or Vedavati,16-01-2024 12:01:00,69.367,2128.1,30,20.81,18.235,18.94,0,138,0,,35.436,31.851,2.114,,
2024-01-17,123685.0,Vanivilasa Sagar Dam,Krishna,Vedavati,Hagari Or Vedavati,17-01-2024 12:01:00,69.333,2128.05,30,20.8,18.225,18.93,0,138,0,,35.436,31.867,2.114,,
2024-01-18,123686.0,Vanivilasa Sagar Dam,Krishna,Vedavati,Hagari Or Vedavati,18-01-2024 12:01:00,69.3,2128.05,30,20.79,18.215,18.92,0,138,0,,0.349,2.698,1.923,,
2024-01-19,123687.0,Vanivilasa Sagar Dam,Krishna,Vedavati,Hagari Or Vedavati,19-01-2024 12:01:00,69.233,2128.05,30,20.77,18.195,18.9,0,138,0,,0.349,2.71,1.923,,
2024-01-20,,,,,,,,2128.025,,,,,,,,,,,,,0.0
2024-01-21,123688.0,Vanivilasa Sagar Dam,Krishna,Vedavati,Hagari Or Vedavati,21-01-2024 12:01:00,69.167,2128,30,20.75,18.175,18.88,0,138,0,,0.349,2.734,1.923,,
2024-01-22,123689.0,Vanivilasa Sagar Dam,Krishna,Vedavati,Hagari Or Vedavati,22-01-2024 12:01:00,69.133,2127.95,30,20.74,18.165,18.87,0,138,0,,0.349,2.745,1.923,,
2024-01-23,123690.0,Vanivilasa Sagar Dam,Krishna,Vedavati,Hagari Or Vedavati,23-01-2024 12:01:00,69.1,2127.95,30,20.73,18.155,18.86,0,138,0,,0.349,2.757,1.923,,
2024-01-24,123691.0,Vanivilasa Sagar Dam,Krishna,Vedavati,Hagari Or Vedavati,24-01-2024 12:01:00,69.1,2127.95,30,20.73,18.155,18.86,0,138,0,,0.349,2.769,1.923,,
2024-01-25,123692.0,Vanivilasa Sagar Dam,Krishna,Vedavati,Hagari Or Vedavati,25-01-2024 12:01:00,69.067,2127.9,30,20.72,18.145,18.85,0,138,0,,0.349,2.781,1.923,,
2024-01-26,123693.0,Vanivilasa Sagar Dam,Krishna,Vedavati,Hagari Or Vedavati,26-01-2024 12:01:00,69.033,2127.9,30,20.71,18.135,18.84,0,138,0,,0.349,2.793,1.923,,
2024-01-27,123694.0,Vanivilasa Sagar Dam,Krishna,Vedavati,Hagari Or Vedavati,27-01-2024 12:01:00,69,2127.9,30,20.7,18.125,18.83,0,138,0,,0.349,2.805,1.923,,
2024-01-28,123695.0,Vanivilasa Sagar Dam,Krishna,Vedavati,Hagari Or Vedavati,28-01-2024 12:01:00,68.967,2127.85,30,20.69,18.115,18.82,0,138,0,,0.349,2.817,1.923,,
2024-01-29,123696.0,Vanivilasa Sagar Dam,Krishna,Vedavati,Hagari Or Vedavati,29-01-2024 12:01:00,68.933,2127.85,30,20.68,18.105,18.81,0,138,0,,0.349,2.829,1.923,,
2024-01-30,123697.0,Vanivilasa Sagar Dam,Krishna,Vedavati,Hagari Or Vedavati,30-01-2024 12:01:00,68.9,2127.85,30,20.67,18.095,18.8,0,138,0,,0.349,2.841,1.923,,
2024-01-31,123698.0,Vanivilasa Sagar Dam,Krishna,Vedavati,Hagari Or Vedavati,31-01-2024 12:01:00,68.867,2127.8,30,20.66,18.085,18.79,0,138,0,,0.349,2.853,1.923,,
2024-02-01,123699.0,Vanivilasa Sagar Dam,Krishna,Vedavati,Hagari Or Vedavati,01-02-2024 12:02:00,68.833,2127.8,30,20.65,18.075,18.78,0,138,0,,0.349,2.865,1.923,,
2024-02-02,123700.0,Vanivilasa Sagar Dam,Krishna,Vedavati,Hagari Or Vedavati,02-02-2024 12:02:00,68.8,2127.8,30,20.64,18.065,18.77,0,138,0,,0.349,2.877,1.923,,
2024-02-03,123701.0,Vanivilasa Sagar Dam,Krishna,Vedavati,Hagari Or Vedavati,03-02-2024 12:02:00,68.767,2127.75,30,20.63,18.055,18.76,0,138,0,,0.349,2.889,1.923,,
2024-02-04,123702.0,Vanivilasa Sagar Dam,Krishna,Vedavati,Hagari Or Vedavati,04-02-2024 12:02:00,68.733,2127.75,30,20.62,18.045,18.75,0,138,0,,0.349,2.9,1.923,,
2024-02-05,123703.0,Vanivilasa Sagar Dam,Krishna,Vedavati,Hagari Or Vedavati,05-02-2024 12:02:00,68.7,2127.75,30,20.61,18.035,18.74,0,138,0,,0.349,2.912,1.923,,
2024-02-06,123704.0,Vanivilasa Sagar Dam,Krishna,Vedavati,Hagari Or Vedavati,06-02-2024 12:02:00,68.667,2127.7,30,20.6,18.025,18.73,0,138,0,,0.349,2.924,1.923,,
2024-02-07,123705.0,Vanivilasa Sagar Dam,Krishna,Vedavati,Hagari Or Vedavati,07-02-2024 12:02:00,68.633,2127.7,30,20.59,18.015,18.72,0,138,0,,0.349,2.567,1.923,,
2024-02-08,123706.0,Vanivilasa Sagar Dam,Krishna,Vedavati,Hagari Or Vedavati,08-02-2024 12:02:00,68.6,2127.7,30,20.58,18.005,18.71,0,138,0,,0.349,2.579,1.923,,
2024-02-09,123707.0,Vanivilasa Sagar Dam,Krishna,Vedavati,Hagari Or Vedavati,09-02-2024 12:02:00,68.567,2127.65,30,20.57,17.995,18.7,0,138,0,,0.349,2.96,1.923,,
2024-02-10,123708.0,Vanivilasa Sagar Dam,Krishna,Vedavati,Hagari Or Vedavati,10-02-2024 12:02:00,68.533,2127.65,30,20.56,17.985,18.69,0,138,0,,0.349,2.602,1.923,,
2024-02-11,123709.0,Vanivilasa Sagar Dam,Krishna,Vedavati,Hagari Or Vedavati,11-02-2024 12:02:00,68.5,2127.65,30,20.55,17.975,18.68,0,138,0,,0.349,2.614,1.923,,
2024-02-12,123710.0,Vanivilasa Sagar Dam,Krishna,Vedavati,Hagari Or Vedavati,12-02-2024 12:02:00,68.467,2127.6,30,20.54,17.965,18.67,0,184,520,,0.349,3,1.968,,
2024-02-13,123711.0,Vanivilasa Sagar Dam,Krishna,Vedavati,Hagari Or Vedavati,13-02-2024 12:02:00,68.433,2127.6,30,20.53,17.955,18.66,0,138,0,,0.349,3.012,1.968,,
2024-02-14,123712.0,Vanivilasa Sagar Dam,Krishna,Vedavati,Hagari Or Vedavati,14-02-2024 12:02:00,68.4,2127.6,30,20.52,17.945,18.65,0,138,0,,0.349,2.65,1.923,,
2024-02-15,123713.0,Vanivilasa Sagar Dam,Krishna,Vedavati,Hagari Or Vedavati,15-02-2024 12:02:00,68.367,2127.55,30,20.51,17.935,18.64,0,138,0,,0.349,2.662,1.923,,
2024-02-16,123714.0,Vanivilasa Sagar Dam,Krishna,Vedavati,Hagari Or Vedavati,16-02-2024 12:02:00,68.333,2127.55,30,20.5,17.925,18.63,0,138,0,,0.349,3.048,1.968,,
2024-02-17,123715.0,Vanivilasa Sagar Dam,Krishna,Vedavati,Hagari Or Vedavati,17-02-2024 12:02:00,68.3,2127.55,30,20.49,17.915,18.62,0,138,0,,0.349,3.059,1.968,,
2024-02-18,123716.0,Vanivilasa Sagar Dam,Krishna,Vedavati,Hagari Or Vedavati,18-02-2024 12:02:00,68.267,2127.5,30,20.48,17.905,18.61,0,138,0,,0.349,2.698,1.923,,
2024-02-19,123717.0,Vanivilasa Sagar Dam,Krishna,Vedavati,Hagari Or Vedavati,19-02-2024 12:02:00,68.2,2127.5,30,20.46,17.885,18.59,0,138,0,,0.349,2.71,1.923,,
2024-02-20,,,,,,,,2127.475,,,,,,,,,,,,,0.0
2024-02-21,123718.0,Vanivilasa Sagar Dam,Krishna,Vedavati,Hagari Or Vedavati,21-02-2024 12:02:00,68.033,2127.45,30,20.41,17.835,18.54,0,138,300,,0.349,2.734,1.949,,
2024-02-22,123719.0,Vanivilasa Sagar Dam,Krishna,Vedavati,Hagari Or Vedavati,22-02-2024 12:02:00,67.9,2127.35,30,20.37,17.795,18.5,0,138,600,,0.349,3.119,2.046,,
2024-02-23,123720.0,Vanivilasa Sagar Dam,Krishna,Vedavati,Hagari Or Vedavati,23-02-2024 12:02:00,67.667,2127.25,30,20.3,17.725,18.43,0,138,600,,0.349,2.757,2.053,,
2024-02-24,123721.0,Vanivilasa Sagar Dam,Krishna,Vedavati,Hagari Or Vedavati,24-02-2024 12:02:00,67.467,2127.15,30,20.24,17.665,18.37,0,138,600,,0.349,2.769,2.105,,
2024-02-25,123722.0,Vanivilasa Sagar Dam,Krishna,Vedavati,Hagari Or Vedavati,25-02-2024 12:02:00,67.267,2127.05,30,20.18,17.605,18.31,0,138,600,,0.349,2.781,2.157,,
2024-02-26,123723.0,Vanivilasa Sagar Dam,Krishna,Vedavati,Hagari Or Vedavati,26-02-2024 12:02:00,67.067,2126.95,30,20.12,17.545,18.25,0,138,600,,0.349,2.793,2.208,,
2024-02-27,123724.0,Vanivilasa Sagar Dam,Krishna,Vedavati,Hagari Or Vedavati,27-02-2024 12:02:00,66.833,2126.85,30,20.05,17.475,18.18,0,138,600,,0.349,2.805,2.26,,
2024-02-28,123725.0,Vanivilasa Sagar Dam,Krishna,Vedavati,Hagari Or Vedavati,28-02-2024 12:02:00,66.633,2126.75,30,19.99,17.415,18.12,0,138,600,,0.349,2.817,2.312,,
2024-02-29,123726.0,Vanivilasa Sagar Dam,Krishna,Vedavati,Hagari Or Vedavati,29-02-2024 12:02:00,66.433,2126.65,30,19.93,17.355,18.06,0,138,600,,0.349,2.829,2.364,,
2024-03-01,123727.0,Vanivilasa Sagar Dam,Krishna,Vedavati,Hagari Or Vedavati,01-03-2024 12:03:00,66.2,2126.55,30,19.86,17.285,17.99,0,153,600,,0.349,2.842,2.416,,
2024-03-02,123728.0,Vanivilasa Sagar Dam,Krishna,Vedavati,Hagari Or Vedavati,02-03-2024 12:03:00,66,2126.45,30,19.8,17.225,17.93,0,153,600,,0.349,3.225,2.468,,
2024-03-03,123729.0,Vanivilasa Sagar Dam,Krishna,Vedavati,Hagari Or Vedavati,03-03-2024 12:03:00,65.8,2126.35,30,19.74,17.165,17.87,0,153,600,,0.349,3.238,2.519,,
2024-03-04,123730.0,Vanivilasa Sagar Dam,Krishna,Vedavati,Hagari Or Vedavati,04-03-2024 12:03:00,65.6,2126.25,30,19.68,17.105,17.81,0,153,600,,0.349,3.251,2.571,,
2024-03-05,123731.0,Vanivilasa Sagar Dam,Krishna,Vedavati,Hagari Or Vedavati,05-03-2024 12:03:00,65.4,2126.15,30,19.62,17.045,17.75,0,153,600,,0.349,3.265,2.623,,
2024-03-06,123732.0,Vanivilasa Sagar Dam,Krishna,Vedavati,Hagari Or Vedavati,06-03-2024 12:03:00,65.167,2126.05,30,19.55,16.975,17.68,0,153,600,,0.349,3.278,2.675,,
2024-03-07,123733.0,Vanivilasa Sagar Dam,Krishna,Vedavati,Hagari Or Vedavati,07-03-2024 12:03:00,64.967,2125.95,30,19.49,16.915,17.62,0,153,600,,0.349,3.291,2.727,,
2024-03-08,123734.0,Vanivilasa Sagar Dam,Krishna,Vedavati,Hagari Or Vedavati,08-03-2024 12:03:00,64.767,2125.85,30,19.43,16.855,17.56,0,153,600,,0.349,3.304,2.779,,
2024-03-09,123735.0,Vanivilasa Sagar Dam,Krishna,Vedavati,Hagari Or Vedavati,09-03-2024 12:03:00,64.533,2125.75,30,19.36,16.785,17.49,0,153,600,,35.762,33.763,3.539,,
2024-03-10,123736.0,Vanivilasa Sagar Dam,Krishna,Vedavati,Hagari Or Vedavati,10-03-2024 12:03:00,64.333,2125.65,30,19.3,16.725,17.43,0,153,600,,0.349,3.331,2.882,,
2024-03-11,123737.0,Vanivilasa Sagar Dam,Krishna,Vedavati,Hagari Or Vedavati,11-03-2024 12:03:00,64.133,2125.55,30,19.24,16.665,17.37,0,153,600,,0.349,3.344,2.934,,
2024-03-12,123738.0,Vanivilasa Sagar Dam,Krishna,Vedavati,Hagari Or Vedavati,12-03-2024 12:03:00,63.933,2125.45,30,19.18,16.605,17.31,0,153,650,,35.762,33.803,3.699,,
2024-03-13,123739.0,Vanivilasa Sagar Dam,Krishna,Vedavati,Hagari Or Vedavati,13-03-2024 12:03:00,63.733,2125.35,30,19.12,16.545,17.25,0,153,650,,35.762,33.816,3.755,,
2024-03-14,123740.0,Vanivilasa Sagar Dam,Krishna,Vedavati,Hagari Or Vedavati,14-03-2024 12:03:00,63.533,2125.25,30,19.06,16.485,17.19,0,153,650,,0.349,3.384,3.103,,
2024-03-15,123741.0,Vanivilasa Sagar Dam,Krishna,Vedavati,Hagari Or Vedavati,15-03-2024 12:03:00,63.333,2125.15,30,19,16.425,17.13,0,153,600,,0.349,3.397,3.154,,
2024-03-16,123742.0,Vanivilasa Sagar Dam,Krishna,Vedavati,Hagari Or Vedavati,16-03-2024 12:03:00,63.067,2125.05,30,18.92,16.345,17.05,0,153,600,,35.762,33.856,3.915,,
2024-03-17,123743.0,Vanivilasa Sagar Dam,Krishna,Vedavati,Hagari Or Vedavati,17-03-2024 12:03:00,62.867,2124.95,30,18.86,16.285,16.99,0,153,600,,35.762,33.869,3.967,,
2024-03-18,123744.0,Vanivilasa Sagar Dam,Krishna,Vedavati,Hagari Or Vedavati,18-03-2024 12:03:00,62.733,2124.9,30,18.82,16.245,16.95,0,153,500,,0.349,3.436,3.301,,
2024-03-19,123745.0,Vanivilasa Sagar Dam,Krishna,Vedavati,Hagari Or Vedavati,19-03-2024 12:03:00,62.633,2124.85,30,18.79,16.215,16.92,0,153,500,,0.349,3.45,3.345,,
2024-03-20,,,,,,,,2124.775,,,,,,,,,,,,,0.0
2024-03-21,123746.0,Vanivilasa Sagar Dam,Krishna,Vedavati,Hagari Or Vedavati,21-03-2024 12:03:00,62.333,2124.7,30,18.7,16.125,16.83,0,153,300,,0.349,3.476,3.414,,
2024-03-22,123747.0,Vanivilasa Sagar Dam,Krishna,Vedavati,Hagari Or Vedavati,22-03-2024 12:03:00,62.233,2124.65,30,18.67,16.095,16.8,0,153,300,,0.349,3.489,3.44,,
2024-03-23,123748.0,Vanivilasa Sagar Dam,Krishna,Vedavati,Hagari Or Vedavati,23-03-2024 12:03:00,62,2124.55,30,18.6,16.025,16.73,0,153,650,,0.349,3.503,3.496,,
2024-03-24,123749.0,Vanivilasa Sagar Dam,Krishna,Vedavati,Hagari Or Vedavati,24-03-2024 12:03:00,61.8,2124.45,30,18.54,15.965,16.67,0,153,650,,0.349,3.516,3.552,,
2024-03-25,123750.0,Vanivilasa Sagar Dam,Krishna,Vedavati,Hagari Or Vedavati,25-03-2024 12:03:00,61.6,2124.35,30,18.48,15.905,16.61,0,153,650,,0.349,3.529,3.608,,
2024-03-26,123751.0,Vanivilasa Sagar Dam,Krishna,Vedavati,Hagari Or Vedavati,26-03-2024 12:03:00,61.4,2124.25,30,18.42,15.845,16.55,0,153,650,,0.349,3.542,3.664,,
2024-03-27,123752.0,Vanivilasa Sagar Dam,Krishna,Vedavati,Hagari Or Vedavati,27-03-2024 12:03:00,61.2,2124.15,30,18.36,15.785,16.49,0,153,650,,0.349,3.555,3.72,,
2024-03-28,123753.0,Vanivilasa Sagar Dam,Krishna,Vedavati,Hagari Or Vedavati,28-03-2024 12:03:00,61,2124.05,30,18.3,15.725,16.43,0,153,550,,0.349,3.569,3.768,,
2024-03-29,123754.0,Vanivilasa Sagar Dam,Krishna,Vedavati,Hagari Or Vedavati,29-03-2024 12:03:00,60.8,2123.95,30,18.24,15.665,16.37,0,153,550,,0.349,3.582,3.815,,
2024-03-30,123755.0,Vanivilasa Sagar Dam,Krishna,Vedavati,Hagari Or Vedavati,30-03-2024 12:03:00,60,2123.9,30,18,15.425,16.13,0,153,550,,0.349,3.595,3.863,,
2024-03-31,123756.0,Vanivilasa Sagar Dam,Krishna,Vedavati,Hagari Or Vedavati,31-03-2024 12:03:00,60.467,2123.8,30,18.14,15.565,16.27,0,153,550,,0.349,3.608,3.91,,
2024-04-01,123757.0,Vanivilasa Sagar Dam,Krishna,Vedavati,Hagari Or Vedavati,01-04-2024 12:04:00,60.267,2123.7,30,18.08,15.505,16.21,0,153,550,,0.349,3.622,3.958,,
2024-04-02,123758.0,Vanivilasa Sagar Dam,Krishna,Vedavati,Hagari Or Vedavati,02-04-2024 12:04:00,60.133,2123.6,30,18.04,15.465,16.17,0,153,600,,0.349,3.635,4.01,,
2024-04-03,123759.0,Vanivilasa Sagar Dam,Krishna,Vedavati,Hagari Or Vedavati,03-04-2024 12:04:00,59.933,2123.5,30,17.98,15.405,16.11,0,153,600,,0.349,3.648,4.062,,
2024-04-04,123760.0,Vanivilasa Sagar Dam,Krishna,Vedavati,Hagari Or Vedavati,04-04-2024 12:04:00,59.733,2123.4,30,17.92,15.345,16.05,0,153,600,,0.349,3.661,4.114,,
2024-04-05,123761.0,Vanivilasa Sagar Dam,Krishna,Vedavati,Hagari Or Vedavati,05-04-2024 12:04:00,59.533,2123.3,30,17.86,15.285,15.99,0,153,600,,0.349,3.674,4.165,,
2024-04-06,123762.0,Vanivilasa Sagar Dam,Krishna,Vedavati,Hagari Or Vedavati,06-04-2024 12:04:00,59.333,2123.2,30,17.8,15.225,15.93,0,153,600,,0.349,3.688,4.217,,
2024-04-07,123763.0,Vanivilasa Sagar Dam,Krishna,Vedavati,Hagari Or Vedavati,07-04-2024 12:04:00,59.1,2123.15,30,17.73,15.155,15.86,0,153,600,,0.349,3.701,4.269,,
2024-04-08,123764.0,Vanivilasa Sagar Dam,Krishna,Vedavati,Hagari Or Vedavati,08-04-2024 12:04:00,58.967,2123.1,30,17.69,15.115,15.82,0,153,450,,0.349,3.714,4.308,,
2024-04-09,123765.0,Vanivilasa Sagar Dam,Krishna,Vedavati,Hagari Or Vedavati,09-04-2024 12:04:00,58.867,2123.05,30,17.66,15.085,15.79,0,153,250,,0.349,3.727,4.33,,
2024-04-10,123766.0,Vanivilasa Sagar Dam,Krishna,Vedavati,Hagari Or Vedavati,10-04-2024 12:04:00,58.767,2123,30,17.63,15.055,15.76,0,153,250,,0.349,3.741,4.351,,
2024-04-11,123767.0,Vanivilasa Sagar Dam,Krishna,Vedavati,Hagari Or Vedavati,11-04-2024 12:04:00,58.733,2123,30,17.62,15.045,15.75,0,153,0,,0.349,3.754,4.351,,
2024-04-12,123768.0,Vanivilasa Sagar Dam,Krishna,Vedavati,Hagari Or Vedavati,12-04-2024 12:04:00,58.667,2122.95,30,17.6,15.025,15.73,0,153,0,,0.349,3.767,4.351,,
2024-04-13,123769.0,Vanivilasa Sagar Dam,Krishna,Vedavati,Hagari Or Vedavati,13-04-2024 12:04:00,58.567,2122.95,30,17.57,14.995,15.7,0,153,0,,0.349,3.78,4.351,,
2024-04-14,123770.0,Vanivilasa Sagar Dam,Krishna,Vedavati,Hagari Or Vedavati,14-04-2024 12:04:00,58.5,2122.9,30,17.55,14.975,15.68,0,153,0,,0.349,3.793,4.351,,
2024-04-15,123771.0,Vanivilasa Sagar Dam,Krishna,Vedavati,Hagari Or Vedavati,15-04-2024 12:04:00,58.433,2122.9,30,17.53,14.955,15.66,0,153,0,,0.349,3.807,4.351,,
2024-04-16,123772.0,Vanivilasa Sagar Dam,Krishna,Vedavati,Hagari Or Vedavati,16-04-2024 12:04:00,52.167,2122.85,30,15.65,13.075,13.78,0,153,0,,0.349,3.82,4.351,,
2024-04-17,123773.0,Vanivilasa Sagar Dam,Krishna,Vedavati,Hagari Or Vedavati,17-04-2024 12:04:00,58.3,2122.8,30,17.49,14.915,15.62,0,153,550,,0.349,3.833,4.399,,
2024-04-18,123774.0,Vanivilasa Sagar Dam,Krishna,Vedavati,Hagari Or Vedavati,18-04-2024 12:04:00,58.133,2122.7,30,17.44,14.865,15.57,0,153,550,,0.349,3.846,4.446,,
2024-04-19,123775.0,Vanivilasa Sagar Dam,Krishna,Vedavati,Hagari Or Vedavati,19-04-2024 12:04:00,58,2122.65,30,17.4,14.825,15.53,0,153,550,,0.349,3.859,4.494,,
2024-04-20,,,,,,,,2122.6000000000004,,,,,,,,,,,,,9.2
2024-04-21,123776.0,Vanivilasa Sagar Dam,Krishna,Vedavati,Hagari Or Vedavati,21-04-2024 12:04:00,57.767,2122.55,30,17.33,14.755,15.46,0,153,550,,0.349,3.886,4.589,,
2024-04-22,123777.0,Vanivilasa Sagar Dam,Krishna,Vedavati,Hagari Or Vedavati,22-04-2024 12:04:00,57.633,2122.5,30,17.29,14.715,15.42,0,153,550,,0.349,3.899,4.636,,
2024-04-23,123778.0,Vanivilasa Sagar Dam,Krishna,Vedavati,Hagari Or Vedavati,23-04-2024 12:04:00,57.533,2122.45,30,17.26,14.685,15.39,0,153,550,,0.349,3.912,4.684,,
2024-04-24,123779.0,Vanivilasa Sagar Dam,Krishna,Vedavati,Hagari Or Vedavati,24-04-2024 12:04:00,57.4,2122.35,30,17.22,14.645,15.35,0,153,550,,0.349,3.926,4.731,,
2024-04-25,123780.0,Vanivilasa Sagar Dam,Krishna,Vedavati,Hagari Or Vedavati,25-04-2024 12:04:00,57.3,2122.3,30,17.19,14.615,15.32,0,153,550,,0.349,3.939,4.779,,
2024-04-26,123781.0,Vanivilasa Sagar Dam,Krishna,Vedavati,Hagari Or Vedavati,26-04-2024 12:04:00,89.37,2122.2,30,17.13,14.555,15.26,0,153,550,,35.76,34.64,4.25,,
2024-04-27,123782.0,Vanivilasa Sagar Dam,Krishna,Vedavati,Hagari Or Vedavati,27-04-2024 12:04:00,57.033,2122.2,30,17.11,14.535,15.24,0,153,0,,0.349,3.965,4.826,,
2024-04-28,123783.0,Vanivilasa Sagar Dam,Krishna,Vedavati,Hagari Or Vedavati,28-04-2024 12:04:00,56.967,2122.15,30,17.09,14.515,15.22,0,153,0,,0.349,3.978,4.826,,
2024-04-29,123784.0,Vanivilasa Sagar Dam,Krishna,Vedavati,Hagari Or Vedavati,29-04-2024 12:04:00,56.9,2122.15,30,17.07,14.495,15.2,0,153,0,,0.349,3.992,4.826,,
2024-04-30,123785.0,Vanivilasa Sagar Dam,Krishna,Vedavati,Hagari Or Vedavati,30-04-2024 12:04:00,56.833,2122.15,30,17.05,14.475,15.18,0,153,0,,0.349,4.005,4.826,,
2024-05-01,123786.0,Vanivilasa Sagar Dam,Krishna,Vedavati,Hagari Or Vedavati,01-05-2024 12:05:00,56.8,2122.1,30,17.04,14.465,15.17,0,153,0,,0.349,4.018,4.826,,
2024-05-02,123787.0,Vanivilasa Sagar Dam,Krishna,Vedavati,Hagari Or Vedavati,02-05-2024 12:05:00,56.733,2122.1,30,17.02,14.445,15.15,0,153,0,,0.349,4.031,4.826,,
2024-05-03,123788.0,Vanivilasa Sagar Dam,Krishna,Vedavati,Hagari Or Vedavati,03-05-2024 12:05:00,56.667,2122.1,30,17,14.425,15.13,0,153,0,,0.349,4.045,4.826,,
2024-05-04,123789.0,Vanivilasa Sagar Dam,Krishna,Vedavati,Hagari Or Vedavati,04-05-2024 12:05:00,56.633,2122.05,30,16.99,14.415,15.12,0,153,0,,0.349,4.058,4.826,,
2024-05-05,123790.0,Vanivilasa Sagar Dam,Krishna,Vedavati,Hagari Or Vedavati,05-05-2024 12:05:00,56.6,2122.05,30,16.98,14.405,15.11,0,153,0,,0.349,4.071,4.826,,
2024-05-06,123791.0,Vanivilasa Sagar Dam,Krishna,Vedavati,Hagari Or Vedavati,06-05-2024 12:05:00,56.567,2122,30,16.97,14.395,15.1,0,153,0,,0.349,4.084,4.826,,
2024-05-07,123792.0,Vanivilasa Sagar Dam,Krishna,Vedavati,Hagari Or Vedavati,07-05-2024 12:05:00,56.533,2121.95,30,16.96,14.385,15.09,0,153,0,,0.349,4.097,4.826,,
2024-05-08,123793.0,Vanivilasa Sagar Dam,Krishna,Vedavati,Hagari Or Vedavati,08-05-2024 12:05:00,56.5,2121.95,30,16.95,14.375,15.08,0,153,0,,0.349,4.111,4.826,,
2024-05-09,123794.0,Vanivilasa Sagar Dam,Krishna,Vedavati,Hagari Or Vedavati,09-05-2024 12:05:00,56.467,2121.95,30,16.94,14.365,15.07,0,147,0,,0.349,4.123,4.826,,
2024-05-10,123795.0,Vanivilasa Sagar Dam,Krishna,Vedavati,Hagari Or Vedavati,10-05-2024 12:05:00,56.433,2121.9,30,16.93,14.355,15.06,0,147,0,,0.349,4.136,4.826,,
2024-05-11,123796.0,Vanivilasa Sagar Dam,Krishna,Vedavati,Hagari Or Vedavati,11-05-2024 12:05:00,56.367,2121.9,30,16.91,14.335,15.04,0,147,0,,0.349,4.149,4.826,,
2024-05-12,123797.0,Vanivilasa Sagar Dam,Krishna,Vedavati,Hagari Or Vedavati,12-05-2024 12:05:00,56.3,2121.85,30,16.89,14.315,15.02,0,134.13,100,,0.349,4.16,4.835,,
2024-05-13,123798.0,Vanivilasa Sagar Dam,Krishna,Vedavati,Hagari Or Vedavati,13-05-2024 12:05:00,56.233,2121.8,30,16.87,14.295,15,0,147,300,,0.349,4.173,4.861,,
2024-05-14,123799.0,Vanivilasa Sagar Dam,Krishna,Vedavati,Hagari Or Vedavati,14-05-2024 12:05:00,56.033,2121.7,30,16.81,14.235,14.94,0,147,550,,0.349,4.186,4.908,,
2024-05-15,123800.0,Vanivilasa Sagar Dam,Krishna,Vedavati,Hagari Or Vedavati,15-05-2024 12:05:00,55.833,2121.65,30,16.75,14.175,14.88,0,147,550,,0.349,4.198,4.956,,
2024-05-16,123801.0,Vanivilasa Sagar Dam,Krishna,Vedavati,Hagari Or Vedavati,16-05-2024 12:05:00,55.733,2121.6,30,16.72,14.145,14.85,0,147,550,,0.349,4.211,5.003,,
2024-05-17,123802.0,Vanivilasa Sagar Dam,Krishna,Vedavati,Hagari Or Vedavati,17-05-2024 12:05:00,55.533,2121.55,30,16.66,14.085,14.79,0,147,550,,0.349,4.224,5.051,,
2024-05-18,123803.0,Vanivilasa Sagar Dam,Krishna,Vedavati,Hagari Or Vedavati,18-05-2024 12:05:00,55.4,2121.5,30,16.62,14.045,14.75,0,147,550,,0.349,4.237,5.098,,
2024-05-19,123804.0,Vanivilasa Sagar Dam,Krishna,Vedavati,Hagari Or Vedavati,19-05-2024 12:05:00,55.267,2121.45,30,16.58,14.005,14.71,0,147,550,,0.349,4.249,5.146,,
2024-05-20,,,,,,,,2122.075,,,,,,,,,,,,,14.2
2024-05-21,123805.0,Vanivilasa Sagar Dam,Krishna,Vedavati,Hagari Or Vedavati,21-05-2024 12:05:00,58.133,2122.7,30,17.44,14.865,15.57,5100,147,0,,1.118,4.275,5.146,,
2024-05-22,123806.0,Vanivilasa Sagar Dam,Krishna,Vedavati,Hagari Or Vedavati,22-05-2024 12:05:00,59.5,2123.35,30,17.85,15.275,15.98,4800,147,0,,1.532,4.287,5.146,,
2024-05-23,123807.0,Vanivilasa Sagar Dam,Krishna,Vedavati,Hagari Or Vedavati,23-05-2024 12:05:00,60.133,2123.65,30,18.04,15.465,16.17,2200,147,0,,1.723,4.3,5.146,,
2024-05-24,123808.0,Vanivilasa Sagar Dam,Krishna,Vedavati,Hagari Or Vedavati,24-05-2024 12:05:00,60.333,2123.75,30,18.1,15.525,16.23,780,147,0,,1.79,4.313,5.146,,
2024-05-25,123809.0,Vanivilasa Sagar Dam,Krishna,Vedavati,Hagari Or Vedavati,25-05-2024 12:05:00,60.533,2123.85,30,18.16,15.585,16.29,780,147,0,,1.857,4.325,5.146,,
2024-05-26,123810.0,Vanivilasa Sagar Dam,Krishna,Vedavati,Hagari Or Vedavati,26-05-2024 12:05:00,60.867,2124,30,18.26,15.685,16.39,1095,147,0,,1.952,4.338,5.146,,
2024-05-27,123811.0,Vanivilasa Sagar Dam,Krishna,Vedavati,Hagari Or Vedavati,27-05-2024 12:05:00,60.8,2124,30,18.24,15.665,16.37,0,147,0,,1.952,4.351,5.146,,
2024-05-28,123812.0,Vanivilasa Sagar Dam,Krishna,Vedavati,Hagari Or Vedavati,28-05-2024 12:05:00,60.767,2123.95,30,18.23,15.655,16.36,0,147,0,,1.952,4.364,5.146,,
2024-05-29,123813.0,Vanivilasa Sagar Dam,Krishna,Vedavati,Hagari Or Vedavati,29-05-2024 12:05:00,60.7,2123.95,30,18.21,15.635,16.34,0,147,0,,1.952,4.376,5.146,,
2024-05-30,123814.0,Vanivilasa Sagar Dam,Krishna,Vedavati,Hagari Or Vedavati,30-05-2024 12:05:00,60.667,2123.9,30,18.2,15.625,16.33,0,147,0,,1.952,4.389,5.146,,
2024-05-31,123815.0,Vanivilasa Sagar Dam,Krishna,Vedavati,Hagari Or Vedavati,31-05-2024 12:05:00,60.633,2123.9,30,18.19,15.615,16.32,0,147,0,,1.952,4.402,5.146,,
2024-06-01,123816.0,Vanivilasa Sagar Dam,Krishna,Vedavati,Hagari Or Vedavati,01-06-2024 12:06:00,60.6,2123.9,30,18.18,15.605,16.31,0,147,0,,0,0.013,0,,
2024-06-02,123817.0,Vanivilasa Sagar Dam,Krishna,Vedavati,Hagari Or Vedavati,02-06-2024 12:06:00,60.567,2123.85,30,18.17,15.595,16.3,0,147,0,,0,0.025,0,,
2024-06-03,123818.0,Vanivilasa Sagar Dam,Krishna,Vedavati,Hagari Or Vedavati,03-06-2024 12:06:00,60.533,2123.85,30,18.16,15.585,16.29,0,147,0,,0,0.038,0,,
2024-06-04,123819.0,Vanivilasa Sagar Dam,Krishna,Vedavati,Hagari Or Vedavati,04-06-2024 12:06:00,60.5,2123.85,30,18.15,15.575,16.28,0,147,0,,0,0.051,0,,
2024-06-05,123820.0,Vanivilasa Sagar Dam,Krishna,Vedavati,Hagari Or Vedavati,05-06-2024 12:06:00,60.467,2123.8,30,18.14,15.565,16.27,0,147,0,,0,0.064,0,,
2024-06-06,123821.0,Vanivilasa Sagar Dam,Krishna,Vedavati,Hagari Or Vedavati,06-06-2024 12:06:00,60.433,2123.8,30,18.13,15.555,16.26,0,147,0,,0,0.076,0,,
2024-06-07,123822.0,Vanivilasa Sagar Dam,Krishna,Vedavati,Hagari Or Vedavati,07-06-2024 12:06:00,60.967,2124.05,30,18.29,15.715,16.42,1850,147,0,,0.16,0.089,0,,
2024-06-08,123823.0,Vanivilasa Sagar Dam,Krishna,Vedavati,Hagari Or Vedavati,08-06-2024 12:06:00,61.367,2124.25,30,18.41,15.835,16.54,1400,147,0,,0.281,0.102,0,,
2024-06-09,,,,,,,,2124.225,,,,,,,,,,,,,7.5
2024-06-10,123824.0,Vanivilasa Sagar Dam,Krishna,Vedavati,Hagari Or Vedavati,10-06-2024 12:06:00,61.267,2124.2,30,18.38,15.805,16.51,0,147,0,,0.281,0.127,0,,
2024-06-11,123825.0,Vanivilasa Sagar Dam,Krishna,Vedavati,Hagari Or Vedavati,11-06-2024 12:06:00,61.2,2124.2,30,18.36,15.785,16.49,0,147,0,,0.281,0.14,0,,
2024-06-12,123826.0,Vanivilasa Sagar Dam,Krishna,Vedavati,Hagari Or Vedavati,12-06-2024 12:06:00,61.167,2124.15,30,18.35,15.775,16.48,0,147,0,,0.281,0.152,0,,
2024-06-13,123827.0,Vanivilasa Sagar Dam,Krishna,Vedavati,Hagari Or Vedavati,13-06-2024 12:06:00,61.133,2124.15,30,18.34,15.765,16.47,0,147,0,,0.281,0.165,0,,
2024-06-14,123828.0,Vanivilasa Sagar Dam,Krishna,Vedavati,Hagari Or Vedavati,14-06-2024 12:06:00,61.067,2124.1,30,18.32,15.745,16.45,0,147,0,,0.281,0.178,0,,
2024-06-15,123829.0,Vanivilasa Sagar Dam,Krishna,Vedavati,Hagari Or Vedavati,15-06-2024 12:06:00,61.033,2124.1,30,18.31,15.735,16.44,0,147,0,,0.281,0.191,0,,
2024-06-16,123830.0,Vanivilasa Sagar Dam,Krishna,Vedavati,Hagari Or Vedavati,16-06-2024 12:06:00,61,2124.1,30,18.3,15.725,16.43,0,147,0,,0.281,0.203,0,,
2024-06-17,123831.0,Vanivilasa Sagar Dam,Krishna,Vedavati,Hagari Or Vedavati,17-06-2024 12:06:00,60.933,2124.05,30,18.28,15.705,16.41,0,147,0,,0.281,0.216,0,,
2024-06-18,123832.0,Vanivilasa Sagar Dam,Krishna,Vedavati,Hagari Or Vedavati,18-06-2024 12:06:00,60.9,2124.05,30,18.27,15.695,16.4,0,147,0,,0.281,0.229,0,,
2024-06-19,123833.0,Vanivilasa Sagar Dam,Krishna,Vedavati,Hagari Or Vedavati,19-06-2024 12:06:00,60.867,2124,30,18.26,15.685,16.39,0,147,0,,0.281,0.241,0,,
2024-06-20,,,,,,,,2123.975,,,,,,,,,,,,,0.4
2024-06-21,123834.0,Vanivilasa Sagar Dam,Krishna,Vedavati,Hagari Or Vedavati,21-06-2024 12:06:00,60.8,2123.95,30,18.24,15.665,16.37,0,147,0,,0.281,0.267,0,,
2024-06-22,123835.0,Vanivilasa Sagar Dam,Krishna,Vedavati,Hagari Or Vedavati,22-06-2024 12:06:00,60.767,2123.95,30,18.23,15.655,16.36,0,147,0,,0.281,0.279,0,,
2024-06-23,123836.0,Vanivilasa Sagar Dam,Krishna,Vedavati,Hagari Or Vedavati,23-06-2024 12:06:00,60.733,2123.95,30,18.22,15.645,16.35,0,147,0,,0.281,0.292,0,,
2024-06-24,123837.0,Vanivilasa Sagar Dam,Krishna,Vedavati,Hagari Or Vedavati,24-06-2024 12:06:00,60.7,2123.9,30,18.21,15.635,16.34,0,147,0,,0.281,0.305,0,,
2024-06-25,123838.0,Vanivilasa Sagar Dam,Krishna,Vedavati,Hagari Or Vedavati,25-06-2024 12:06:00,60.667,2123.9,30,18.2,15.625,16.33,0,147,0,,0.281,0.318,0,,
2024-06-26,123839.0,Vanivilasa Sagar Dam,Krishna,Vedavati,Hagari Or Vedavati,26-06-2024 12:06:00,60.633,2123.9,30,18.19,15.615,16.32,0,147,0,,0.281,0.33,0,,
2024-06-27,123840.0,Vanivilasa Sagar Dam,Krishna,Vedavati,Hagari Or Vedavati,27-06-2024 12:06:00,60.6,2123.85,30,18.18,15.605,16.31,0,147,0,,0.281,0.343,0,,
2024-06-28,123841.0,Vanivilasa Sagar Dam,Krishna,Vedavati,Hagari Or Vedavati,28-06-2024 12:06:00,60.567,2123.85,30,18.17,15.595,16.3,0,147,0,,0.281,0.356,0,,
2024-06-29,123842.0,Vanivilasa Sagar Dam,Krishna,Vedavati,Hagari Or Vedavati,29-06-2024 12:06:00,60.533,2123.85,30,18.16,15.585,16.29,0,147,0,,0.281,0.368,0,,
2024-06-30,123843.0,Vanivilasa Sagar Dam,Krishna,Vedavati,Hagari Or Vedavati,30-06-2024 12:06:00,60.5,2123.8,30,18.15,15.575,16.28,0,147,0,,0.281,0.381,0,,
2024-07-01,123844.0,Vanivilasa Sagar Dam,Krishna,Vedavati,Hagari Or Vedavati,01-07-2024 12:07:00,60.467,2123.8,30,18.14,15.565,16.27,0,147,0,,0.281,0.394,0,,
2024-07-02,123845.0,Vanivilasa Sagar Dam,Krishna,Vedavati,Hagari Or Vedavati,02-07-2024 12:07:00,60.433,2123.8,30,18.13,15.555,16.26,0,147,0,,0.281,0.406,0,,
2024-07-03,123846.0,Vanivilasa Sagar Dam,Krishna,Vedavati,Hagari Or Vedavati,03-07-2024 12:07:00,60.4,2123.75,30,18.12,15.545,16.25,0,147,0,,0.281,0.419,0,,
2024-07-04,123847.0,Vanivilasa Sagar Dam,Krishna,Vedavati,Hagari Or Vedavati,04-07-2024 12:07:00,60.367,2123.75,30,18.11,15.535,16.24,0,147,0,,0.281,0.432,0,,
2024-07-05,123848.0,Vanivilasa Sagar Dam,Krishna,Vedavati,Hagari Or Vedavati,05-07-2024 12:07:00,60.333,2123.75,30,18.1,15.525,16.23,0,147,0,,0.281,0.445,0,,
2024-07-06,123849.0,Vanivilasa Sagar Dam,Krishna,Vedavati,Hagari Or Vedavati,06-07-2024 12:07:00,60.3,2123.75,30,18.09,15.515,16.22,0,147,0,,0.281,0.457,0,,
2024-07-07,123850.0,Vanivilasa Sagar Dam,Krishna,Vedavati,Hagari Or Vedavati,07-07-2024 12:07:00,60.267,2123.7,30,18.08,15.505,16.21,0,147,0,,0.281,0.47,0,,
2024-07-08,123851.0,Vanivilasa Sagar Dam,Krishna,Vedavati,Hagari Or Vedavati,08-07-2024 12:07:00,60.233,2123.7,30,18.07,15.495,16.2,0,147,0,,0.281,0.457,0,,
2024-07-09,123852.0,Vanivilasa Sagar Dam,Krishna,Vedavati,Hagari Or Vedavati,09-07-2024 12:07:00,60.2,2123.7,30,18.06,15.485,16.19,0,147,0,,0.281,0.47,0,,
2024-07-10,123853.0,Vanivilasa Sagar Dam,Krishna,Vedavati,Hagari Or Vedavati,10-07-2024 12:07:00,60.167,2123.65,30,18.05,15.475,16.18,0,147,0,,0.281,0.483,0,,
2024-07-11,123854.0,Vanivilasa Sagar Dam,Krishna,Vedavati,Hagari Or Vedavati,11-07-2024 12:07:00,60.133,2133.65,30,18.04,15.465,16.17,0,147,0,,0.281,0.495,0,,
2024-07-12,123855.0,Vanivilasa Sagar Dam,Krishna,Vedavati,Hagari Or Vedavati,12-07-2024 12:07:00,60.1,2123.6,30,18.03,15.455,16.16,0,147,0,,0.281,0.508,0,,
2024-07-13,123856.0,Vanivilasa Sagar Dam,Krishna,Vedavati,Hagari Or Vedavati,13-07-2024 12:07:00,60.067,2123.6,30,18.02,15.445,16.15,0,147,0,,0.281,0.521,0,,
2024-07-14,123857.0,Vanivilasa Sagar Dam,Krishna,Vedavati,Hagari Or Vedavati,14-07-2024 12:07:00,60.033,2123.6,30,18.01,15.435,16.14,0,147,0,,0.281,0.533,0,,
2024-07-15,123858.0,Vanivilasa Sagar Dam,Krishna,Vedavati,Hagari Or Vedavati,15-07-2024 12:07:00,60,2123.55,30,18,15.425,16.13,0,147,0,,0.281,0.546,0,,
2024-07-16,123859.0,Vanivilasa Sagar Dam,Krishna,Vedavati,Hagari Or Vedavati,16-07-2024 12:07:00,59.967,2123.55,30,17.99,15.415,16.12,0,147,0,,0.281,0.559,0,,
2024-07-17,123860.0,Vanivilasa Sagar Dam,Krishna,Vedavati,Hagari Or Vedavati,17-07-2024 12:07:00,59.933,2123.55,30,17.98,15.405,16.11,0,147,0,,0.281,0.572,0,,
2024-07-18,123861.0,Vanivilasa Sagar Dam,Krishna,Vedavati,Hagari Or Vedavati,18-07-2024 12:07:00,59.9,2123.5,30,17.97,15.395,16.1,0,147,0,,0.281,0.584,0,,
2024-07-19,123862.0,Vanivilasa Sagar Dam,Krishna,Vedavati,Hagari Or Vedavati,19-07-2024 12:07:00,59.867,2123.5,30,17.96,15.385,16.09,0,147,0,,0.281,0.597,0,,
2024-07-20,,,,,,,,2123.475,,,,,,,,,,,,,7.8
2024-07-21,123863.0,Vanivilasa Sagar Dam,Krishna,Vedavati,Hagari Or Vedavati,21-07-2024 12:07:00,59.8,2123.45,30,17.94,15.365,16.07,0,147,0,,0.281,0.622,0,,
2024-07-22,123864.0,Vanivilasa Sagar Dam,Krishna,Vedavati,Hagari Or Vedavati,22-07-2024 12:07:00,59.767,2123.4,30,17.93,15.355,16.06,0,147,0,,0.281,0.635,0,,
2024-07-23,123865.0,Vanivilasa Sagar Dam,Krishna,Vedavati,Hagari Or Vedavati,23-07-2024 12:07:00,59.733,2123.4,30,17.92,15.345,16.05,0,147,0,,0.281,0.648,0,,
2024-07-24,123866.0,Vanivilasa Sagar Dam,Krishna,Vedavati,Hagari Or Vedavati,24-07-2024 12:07:00,59.7,2123.35,30,17.91,15.335,16.04,0,147,0,,0.281,0.66,0,,
2024-07-25,123867.0,Vanivilasa Sagar Dam,Krishna,Vedavati,Hagari Or Vedavati,25-07-2024 12:07:00,59.667,2123.3,30,17.9,15.325,16.03,0,147,0,,0.281,0.673,0,,
2024-07-26,123868.0,Vanivilasa Sagar Dam,Krishna,Vedavati,Hagari Or Vedavati,26-07-2024 12:07:00,59.633,2123.35,30,17.89,15.315,16.02,0,147,0,,0.281,0.686,0,,
2024-07-27,123869.0,Vanivilasa Sagar Dam,Krishna,Vedavati,Hagari Or Vedavati,27-07-2024 12:07:00,59.6,2123.3,30,17.88,15.305,16.01,0,147,0,,0.281,0.699,0,,
2024-07-28,123870.0,Vanivilasa Sagar Dam,Krishna,Vedavati,Hagari Or Vedavati,28-07-2024 12:07:00,59.567,2123.25,30,17.87,15.295,16,0,147,0,,0.281,0.711,0,,
2024-07-29,123871.0,Vanivilasa Sagar Dam,Krishna,Vedavati,Hagari Or Vedavati,29-07-2024 12:07:00,59.8,2123.5,30,17.94,15.365,16.07,974,147,0,,0.365,0.724,0,,
2024-07-30,123872.0,Vanivilasa Sagar Dam,Krishna,Vedavati,Hagari Or Vedavati,30-07-2024 12:07:00,61.167,2124.15,30,18.35,15.775,16.48,4737,147,0,,0.774,0.737,0,,
2024-07-31,123873.0,Vanivilasa Sagar Dam,Krishna,Vedavati,Hagari Or Vedavati,31-07-2024 12:07:00,61.5,2124.3,30,18.45,15.875,16.58,1301,147,0,,0.887,0.749,0,,
2024-08-01,123874.0,Vanivilasa Sagar Dam,Krishna,Vedavati,Hagari Or Vedavati,01-08-2024 12:08:00,61.7,2124.4,30,18.51,15.935,16.64,693,135,0,,0.947,0.761,0,,
2024-08-02,123875.0,Vanivilasa Sagar Dam,Krishna,Vedavati,Hagari Or Vedavati,02-08-2024 12:08:00,61.9,2124.5,30,18.57,15.995,16.7,728,135,0,,1.009,0.773,0,,
2024-08-03,123876.0,Vanivilasa Sagar Dam,Krishna,Vedavati,Hagari Or Vedavati,03-08-2024 12:08:00,62.133,2124.6,30,18.64,16.065,16.77,808,135,0,,1.079,0.784,0,,
2024-08-04,123877.0,Vanivilasa Sagar Dam,Krishna,Vedavati,Hagari Or Vedavati,04-08-2024 12:08:00,62.233,2124.65,30,18.67,16.095,16.8,346,135,0,,1.109,0.796,0,,
2024-08-05,123878.0,Vanivilasa Sagar Dam,Krishna,Vedavati,Hagari Or Vedavati,05-08-2024 12:08:00,62.333,2124.7,30,18.7,16.125,16.83,346,135,0,,1.139,0.808,0,,
2024-08-06,123879.0,Vanivilasa Sagar Dam,Krishna,Vedavati,Hagari Or Vedavati,06-08-2024 12:08:00,62.433,2124.75,30,18.73,16.155,16.86,346,135,0,,1.169,0.819,0,,
2024-08-07,123880.0,Vanivilasa Sagar Dam,Krishna,Vedavati,Hagari Or Vedavati,07-08-2024 12:08:00,62.733,2124.9,30,18.82,16.245,16.95,1039,135,0,,1.259,0.831,0,,
2024-08-08,123881.0,Vanivilasa Sagar Dam,Krishna,Vedavati,Hagari Or Vedavati,08-08-2024 12:08:00,63.367,2125.2,30,19.01,16.435,17.14,2195,135,0,,1.329,0.819,0,,
2024-08-09,123882.0,Vanivilasa Sagar Dam,Krishna,Vedavati,Hagari Or Vedavati,09-08-2024 12:08:00,63.467,2125.25,30,19.04,16.465,17.17,346,135,0,,1.359,0.831,0,,
2024-08-10,123883.0,Vanivilasa Sagar Dam,Krishna,Vedavati,Hagari Or Vedavati,10-08-2024 12:08:00,63.7,2125.35,30,19.11,16.535,17.24,693,135,0,,1.418,0.843,0,,
2024-08-11,123884.0,Vanivilasa Sagar Dam,Krishna,Vedavati,Hagari Or Vedavati,11-08-2024 12:08:00,63.9,2125.45,30,19.17,16.595,17.3,693,135,0,,1.478,0.854,0,,
2024-08-12,123885.0,Vanivilasa Sagar Dam,Krishna,Vedavati,Hagari Or Vedavati,12-08-2024 12:08:00,64,2125.5,30,19.2,16.625,17.33,693,135,0,,1.538,0.866,0,,
2024-08-13,123886.0,Vanivilasa Sagar Dam,Krishna,Vedavati,Hagari Or Vedavati,13-08-2024 12:08:00,64.233,2125.6,30,19.27,16.695,17.4,693,135,0,,1.598,0.878,0,,
2024-08-14,123887.0,Vanivilasa Sagar Dam,Krishna,Vedavati,Hagari Or Vedavati,14-08-2024 12:08:00,64.433,2125.7,30,19.33,16.755,17.46,693,135,0,,1.658,0.889,0,,
2024-08-15,123888.0,Vanivilasa Sagar Dam,Krishna,Vedavati,Hagari Or Vedavati,15-08-2024 12:08:00,64.633,2125.8,30,19.39,16.815,17.52,693,135,0,,1.718,0.901,0,,
2024-08-16,123889.0,Vanivilasa Sagar Dam,Krishna,Vedavati,Hagari Or Vedavati,16-08-2024 12:08:00,64.933,2126,30,19.48,16.905,17.61,1039,135,0,,1.808,0.913,0,,
2024-08-17,123890.0,Vanivilasa Sagar Dam,Krishna,Vedavati,Hagari Or Vedavati,17-08-2024 12:08:00,65.7,2126.3,30,19.71,17.135,17.84,2668,135,0,,2.038,0.924,0,,
2024-08-18,123891.0,Vanivilasa Sagar Dam,Krishna,Vedavati,Hagari Or Vedavati,18-08-2024 12:08:00,66.567,2126.65,30,19.97,17.395,18.1,3004,135,0,,2.298,0.936,0,,
2024-08-19,123892.0,Vanivilasa Sagar Dam,Krishna,Vedavati,Hagari Or Vedavati,19-08-2024 12:08:00,66.933,2126.9,30,20.08,17.505,18.21,1270,135,0,,2.407,0.948,0,,
2024-08-20,,,,,,,,2127.05,,,,,,,,,,,,,24.6
2024-08-21,123893.0,Vanivilasa Sagar Dam,Krishna,Vedavati,Hagari Or Vedavati,21-08-2024 12:08:00,67.567,2127.2,30,20.27,17.695,18.4,693,135,0,,2.593,0.971,0,,
2024-08-22,123894.0,Vanivilasa Sagar Dam,Krishna,Vedavati,Hagari Or Vedavati,22-08-2024 12:08:00,68,2127.4,30,20.4,17.825,18.53,1502,135,0,,2.723,0.983,0,,
2024-08-23,123895.0,Vanivilasa Sagar Dam,Krishna,Vedavati,Hagari Or Vedavati,23-08-2024 12:08:00,68.633,2127.7,30,20.59,18.015,18.72,2195,135,0,,2.912,0.994,0,,
2024-08-24,123896.0,Vanivilasa Sagar Dam,Krishna,Vedavati,Hagari Or Vedavati,24-08-2024 12:08:00,69.267,2128,30,20.78,18.205,18.91,2195,135,0,,3.102,1.006,0,,
2024-08-25,123897.0,Vanivilasa Sagar Dam,Krishna,Vedavati,Hagari Or Vedavati,25-08-2024 12:08:00,69.467,2128.1,30,20.84,18.265,18.97,693,135,0,,3.162,1.018,0,,
2024-08-26,123898.0,Vanivilasa Sagar Dam,Krishna,Vedavati,Hagari Or Vedavati,26-08-2024 12:08:00,63.433,2128.2,30,19.03,16.455,17.16,693,135,0,,3.222,1.029,0,,
2024-08-27,123899.0,Vanivilasa Sagar Dam,Krishna,Vedavati,Hagari Or Vedavati,27-08-2024 12:08:00,69.767,2128.25,30,20.93,18.355,19.06,346,135,0,,3.252,1.041,0,,
2024-08-28,123900.0,Vanivilasa Sagar Dam,Krishna,Vedavati,Hagari Or Vedavati,28-08-2024 12:08:00,69.867,2128.3,30,20.96,18.385,19.09,693,135,0,,3.312,1.053,0,,
2024-08-29,123901.0,Vanivilasa Sagar Dam,Krishna,Vedavati,Hagari Or Vedavati,29-08-2024 12:08:00,70.1,2128.4,30,21.03,18.455,19.16,693,135,0,,3.372,1.064,0,,
2024-08-30,123902.0,Vanivilasa Sagar Dam,Krishna,Vedavati,Hagari Or Vedavati,30-08-2024 12:08:00,70.3,2128.5,30,21.09,18.515,19.22,693,135,0,,3.431,1.076,0,,
2024-08-31,123903.0,Vanivilasa Sagar Dam,Krishna,Vedavati,Hagari Or Vedavati,31-08-2024 12:08:00,70.533,2128.6,30,21.16,18.585,19.29,693,135,0,,3.491,1.088,0,,
2024-09-01,123904.0,Vanivilasa Sagar Dam,Krishna,Vedavati,Hagari Or Vedavati,01-09-2024 12:09:00,70.733,2128.7,30,21.22,18.645,19.35,693,135,0,,3.551,1.099,0,,
2024-09-02,123905.0,Vanivilasa Sagar Dam,Krishna,Vedavati,Hagari Or Vedavati,02-09-2024 12:09:00,70.933,2128.8,30,21.28,18.705,19.41,693,135,0,,3.611,1.111,0,,
2024-09-03,123906.0,Vanivilasa Sagar Dam,Krishna,Vedavati,Hagari Or Vedavati,03-09-2024 12:09:00,71.133,2128.9,30,21.34,18.765,19.47,693,135,0,,3.671,1.123,0,,
2024-09-04,123907.0,Vanivilasa Sagar Dam,Krishna,Vedavati,Hagari Or Vedavati,04-09-2024 12:09:00,71.333,2129,30,21.4,18.825,19.53,693,135,0,,3.731,1.134,0,,
2024-09-05,123908.0,Vanivilasa Sagar Dam,Krishna,Vedavati,Hagari Or Vedavati,05-09-2024 12:09:00,71.533,2129.1,30,21.46,18.885,19.59,693,135,0,,3.791,1.146,0,,
2024-09-06,123909.0,Vanivilasa Sagar Dam,Krishna,Vedavati,Hagari Or Vedavati,06-09-2024 12:09:00,71.5,2129.1,30,21.45,18.875,19.58,0,135,0,,3.791,1.158,0,,
2024-09-07,123910.0,Vanivilasa Sagar Dam,Krishna,Vedavati,Hagari Or Vedavati,07-09-2024 12:09:00,71.467,2129.1,30,21.44,18.865,19.57,0,135,0,,3.791,1.169,0,,
2024-09-08,123911.0,Vanivilasa Sagar Dam,Krishna,Vedavati,Hagari Or Vedavati,08-09-2024 12:09:00,71.467,2129.05,30,21.44,18.865,19.57,0,135,0,,3.791,1.181,0,,
2024-09-09,123912.0,Vanivilasa Sagar Dam,Krishna,Vedavati,Hagari Or Vedavati,09-09-2024 12:09:00,71.433,2129.05,30,21.43,18.855,19.56,0,135,0,,3.791,1.193,0,,
2024-09-10,123913.0,Vanivilasa Sagar Dam,Krishna,Vedavati,Hagari Or Vedavati,10-09-2024 12:09:00,71.4,2129.05,30,21.42,18.845,19.55,0,135,0,,3.791,1.204,0,,
2024-09-11,123914.0,Vanivilasa Sagar Dam,Krishna,Vedavati,Hagari Or Vedavati,11-09-2024 12:09:00,71.367,2129.05,30,21.41,18.835,19.54,0,135,0,,3.791,1.216,0,,
2024-09-12,123915.0,Vanivilasa Sagar Dam,Krishna,Vedavati,Hagari Or Vedavati,12-09-2024 12:09:00,71.567,2129.15,30,21.47,18.895,19.6,693,135,0,,3.851,1.228,0,,
2024-09-13,123916.0,Vanivilasa Sagar Dam,Krishna,Vedavati,Hagari Or Vedavati,13-09-2024 12:09:00,71.767,2129.2,30,21.53,18.955,19.66,693,135,0,,3.91,1.239,0,,
2024-09-14,123917.0,Vanivilasa Sagar Dam,Krishna,Vedavati,Hagari Or Vedavati,14-09-2024 12:09:00,72,2129.3,30,21.6,19.025,19.73,693,135,0,,3.97,1.251,0,,
2024-09-15,123918.0,Vanivilasa Sagar Dam,Krishna,Vedavati,Hagari Or Vedavati,15-09-2024 12:09:00,72.2,2129.4,30,21.66,19.085,19.79,693,135,0,,4.03,1.263,0,,
2024-09-16,123919.0,Vanivilasa Sagar Dam,Krishna,Vedavati,Hagari Or Vedavati,16-09-2024 12:09:00,72.4,2129.5,30,21.72,19.145,19.85,693,135,0,,4.09,1.274,0,,
2024-09-17,123920.0,Vanivilasa Sagar Dam,Krishna,Vedavati,Hagari Or Vedavati,17-09-2024 12:09:00,72.6,2129.6,30,21.78,19.205,19.91,693,135,0,,4.15,1.286,0,,
2024-09-18,123921.0,Vanivilasa Sagar Dam,Krishna,Vedavati,Hagari Or Vedavati,18-09-2024 12:09:00,72.833,2129.7,30,21.85,19.275,19.98,693,135,0,,4.21,1.298,0,,
2024-09-19,123922.0,Vanivilasa Sagar Dam,Krishna,Vedavati,Hagari Or Vedavati,19-09-2024 12:09:00,73.033,2129.8,30,21.91,19.335,20.04,693,135,0,,4.27,1.309,0,,
2024-09-20,,,,,,,,2129.9,,,,,,,,,,,,,0.4
2024-09-21,123923.0,Vanivilasa Sagar Dam,Krishna,Vedavati,Hagari Or Vedavati,21-09-2024 12:09:00,73.467,2130,30,22.04,19.465,20.17,693,135,0,,4.389,1.332,0,,
2024-09-22,123924.0,Vanivilasa Sagar Dam,Krishna,Vedavati,Hagari Or Vedavati,22-09-2024 12:09:00,73.733,2130.1,30,22.12,19.545,20.25,924,135,0,,4.469,1.344,0,,
2024-09-23,123925.0,Vanivilasa Sagar Dam,Krishna,Vedavati,Hagari Or Vedavati,23-09-2024 12:09:00,73.867,2130.15,30,22.16,19.585,20.29,620,135,0,,4.523,1.356,0,,
2024-09-24,123926.0,Vanivilasa Sagar Dam,Krishna,Vedavati,Hagari Or Vedavati,24-09-2024 12:09:00,74,2130.2,30,22.2,19.625,20.33,600,135,0,,4.575,1.367,0,,
2024-09-25,123927.0,Vanivilasa Sagar Dam,Krishna,Vedavati,Hagari Or Vedavati,25-09-2024 12:09:00,74.167,2130.25,30,22.25,19.675,20.38,580,135,0,,4.625,1.379,0,,
2024-09-26,123928.0,Vanivilasa Sagar Dam,Krishna,Vedavati,Hagari Or Vedavati,26-09-2024 12:09:00,74.3,2130.3,30,22.29,19.715,20.42,600,135,0,,4.677,1.391,0,,
2024-09-27,123929.0,Vanivilasa Sagar Dam,Krishna,Vedavati,Hagari Or Vedavati,27-09-2024 12:09:00,74.433,2130.35,30,22.33,19.755,20.46,575,135,0,,4.726,1.402,0,,
2024-09-28,123930.0,Vanivilasa Sagar Dam,Krishna,Vedavati,Hagari Or Vedavati,28-09-2024 12:09:00,74.567,2130.4,30,22.37,19.795,20.5,550,135,0,,4.774,1.414,0,,
2024-09-29,123931.0,Vanivilasa Sagar Dam,Krishna,Vedavati,Hagari Or Vedavati,29-09-2024 12:09:00,68.467,22.41,30,20.54,17.965,18.67,550,135,0,,4.821,1.426,0,,
2024-09-30,123932.0,Vanivilasa Sagar Dam,Krishna,Vedavati,Hagari Or Vedavati,30-09-2024 12:09:00,75,2130.55,30,22.5,19.925,20.63,1039,135,0,,4.911,1.437,0,,
2024-10-01,123933.0,Vanivilasa Sagar Dam,Krishna,Vedavati,Hagari Or Vedavati,01-10-2024 12:10:00,75.133,2130.6,30,22.54,19.965,20.67,550,133,0,,4.959,1.449,0,,
2024-10-02,123934.0,Vanivilasa Sagar Dam,Krishna,Vedavati,Hagari Or Vedavati,02-10-2024 12:10:00,75.267,2130.65,30,22.58,20.005,20.71,550,133,0,,5.006,1.46,0,,
2024-10-03,123935.0,Vanivilasa Sagar Dam,Krishna,Vedavati,Hagari Or Vedavati,03-10-2024 12:10:00,75.567,2130.75,30,22.67,20.095,20.8,1040,133,0,,5.096,1.472,0,,
2024-10-04,123936.0,Vanivilasa Sagar Dam,Krishna,Vedavati,Hagari Or Vedavati,04-10-2024 12:10:00,75.967,2130.9,30,22.79,20.215,20.92,1386,133,0,,5.216,1.483,0,,
2024-10-05,123937.0,Vanivilasa Sagar Dam,Krishna,Vedavati,Hagari Or Vedavati,05-10-2024 12:10:00,76.4,2131.05,30,22.92,20.345,21.05,1386,133,0,,5.335,1.495,0,,
2024-10-06,123938.0,Vanivilasa Sagar Dam,Krishna,Vedavati,Hagari Or Vedavati,06-10-2024 12:10:00,76.967,2131.25,30,23.09,20.515,21.22,1964,133,0,,5.505,1.506,0,,
2024-10-07,123939.0,Vanivilasa Sagar Dam,Krishna,Vedavati,Hagari Or Vedavati,07-10-2024 12:10:00,77.667,2131.5,30,23.3,20.725,21.43,2426,133,0,,5.715,1.518,0,,
2024-10-08,123940.0,Vanivilasa Sagar Dam,Krishna,Vedavati,Hagari Or Vedavati,08-10-2024 12:10:00,78.333,2131.75,30,23.5,20.925,21.63,2310,133,0,,38.275,34.12,3.072,,
2024-10-09,123941.0,Vanivilasa Sagar Dam,Krishna,Vedavati,Hagari Or Vedavati,09-10-2024 12:10:00,78.767,2131.9,30,23.63,21.055,21.76,1502,133,0,,6.044,1.541,0,,
2024-10-10,123942.0,Vanivilasa Sagar Dam,Krishna,Vedavati,Hagari Or Vedavati,10-10-2024 12:10:00,79.033,2132,30,23.71,21.135,21.84,924,133,0,,6.124,1.552,0,,
2024-10-11,123943.0,Vanivilasa Sagar Dam,Krishna,Vedavati,Hagari Or Vedavati,11-10-2024 12:10:00,79.3,2132.1,30,23.79,21.215,21.92,924,135,0,,6.204,1.564,0,,
2024-10-12,123944.0,Vanivilasa Sagar Dam,Krishna,Vedavati,Hagari Or Vedavati,12-10-2024 12:10:00,79.467,2132.15,30,23.84,21.265,21.97,577,135,0,,6.254,1.576,0,,
2024-10-13,123945.0,Vanivilasa Sagar Dam,Krishna,Vedavati,Hagari Or Vedavati,13-10-2024 12:10:00,79.733,2132.25,30,23.92,21.345,22.05,924,135,0,,6.333,1.587,0,,
2024-10-14,123946.0,Vanivilasa Sagar Dam,Krishna,Vedavati,Hagari Or Vedavati,14-10-2024 12:10:00,80.033,2132.35,30,24.01,21.435,22.14,1040,135,0,,6.423,1.599,0,,
2024-10-15,123947.0,Vanivilasa Sagar Dam,Krishna,Vedavati,Hagari Or Vedavati,15-10-2024 12:10:00,80.733,2132.6,30,24.22,21.645,22.35,2426,135,0,,6.633,1.611,0,,
2024-10-16,123948.0,Vanivilasa Sagar Dam,Krishna,Vedavati,Hagari Or Vedavati,16-10-2024 12:10:00,81.433,2132.85,30,24.43,21.855,22.56,2426,135,0,,6.843,1.622,0,,
2024-10-17,123949.0,Vanivilasa Sagar Dam,Krishna,Vedavati,Hagari Or Vedavati,17-10-2024 12:10:00,82.133,2133.1,30,24.64,22.065,22.77,2426,135,0,,7.052,1.634,0,,
2024-10-18,123950.0,Vanivilasa Sagar Dam,Krishna,Vedavati,Hagari Or Vedavati,18-10-2024 12:10:00,83.233,2133.5,30,24.97,22.395,23.1,3812,135,0,,7.381,1.646,0,,
2024-10-19,123951.0,Vanivilasa Sagar Dam,Krishna,Vedavati,Hagari Or Vedavati,19-10-2024 12:10:00,83.5,2133.6,30,25.05,22.475,23.18,1040,135,0,,7.471,1.657,0,,
2024-10-20,,,,,,,,2133.8,,,,,,,,,,,,,18.0
2024-10-21,123952.0,Vanivilasa Sagar Dam,Krishna,Vedavati,Hagari Or Vedavati,21-10-2024 12:10:00,84.633,2134,30,25.39,22.815,23.52,1964,133,0,,7.811,1.68,0,,
2024-10-22,123953.0,Vanivilasa Sagar Dam,Krishna,Vedavati,Hagari Or Vedavati,22-10-2024 12:10:00,85.467,2134.3,30,25.64,23.065,23.77,2888,133,0,,8.06,1.692,0,,
2024-10-23,123954.0,Vanivilasa Sagar Dam,Krishna,Vedavati,Hagari Or Vedavati,23-10-2024 12:10:00,86.867,2134.8,30,26.06,23.485,24.19,4852,133,0,,8.479,1.703,0,,
2024-10-24,123955.0,Vanivilasa Sagar Dam,Krishna,Vedavati,Hagari Or Vedavati,24-10-2024 12:10:00,89.1,2135.6,30,26.73,24.155,24.86,7741,133,0,,9.148,1.715,0,,
2024-10-25,123956.0,Vanivilasa Sagar Dam,Krishna,Vedavati,Hagari Or Vedavati,25-10-2024 12:10:00,90.5,2136.1,30,27.15,24.575,25.28,4852,135,0,,9.568,1.727,0,,
2024-10-26,123957.0,Vanivilasa Sagar Dam,Krishna,Vedavati,Hagari Or Vedavati,26-10-2024 12:10:00,91.333,2136.4,30,27.4,24.825,25.53,2888,133,0,,9.817,1.738,0,,
2024-10-27,123958.0,Vanivilasa Sagar Dam,Krishna,Vedavati,Hagari Or Vedavati,27-10-2024 12:10:00,91.9,2136.6,30,27.57,24.995,25.7,1964,133,0,,9.987,1.75,0,,
2024-10-28,123959.0,Vanivilasa Sagar Dam,Krishna,Vedavati,Hagari Or Vedavati,28-10-2024 12:10:00,92.3,2136.75,30,27.69,25.115,25.82,1386,133,0,,10.106,1.761,0,,
2024-10-29,123960.0,Vanivilasa Sagar Dam,Krishna,Vedavati,Hagari Or Vedavati,29-10-2024 12:10:00,92.6,2136.85,30,27.78,25.205,25.91,1040,133,0,,10.196,1.772,0,,
2024-10-30,123961.0,Vanivilasa Sagar Dam,Krishna,Vedavati,Hagari Or Vedavati,30-10-2024 12:10:00,92.9,2136.95,30,27.87,25.295,26,1040,133,0,,10.286,1.784,0,,
2024-10-31,123962.0,Vanivilasa Sagar Dam,Krishna,Vedavati,Hagari Or Vedavati,31-10-2024 12:10:00,93.167,2137.05,30,27.95,25.375,26.08,1040,133,0,,10.376,1.795,0,,
2024-11-01,123963.0,Vanivilasa Sagar Dam,Krishna,Vedavati,Hagari Or Vedavati,01-11-2024 12:11:00,93.3,2137.1,30,27.99,25.415,26.12,462,133,0,,10.416,1.807,0,,
2024-11-02,123964.0,Vanivilasa Sagar Dam,Krishna,Vedavati,Hagari Or Vedavati,02-11-2024 12:11:00,93.567,2137.15,30,28.07,25.495,26.2,577,133,0,,10.466,1.818,0,,
2024-11-03,123965.0,Vanivilasa Sagar Dam,Krishna,Vedavati,Hagari Or Vedavati,03-11-2024 12:11:00,93.6,2137.2,30,28.08,25.505,26.21,462,133,0,,10.506,1.83,0,,
2024-11-04,123966.0,Vanivilasa Sagar Dam,Krishna,Vedavati,Hagari Or Vedavati,04-11-2024 12:11:00,93.567,2137.2,30,28.07,25.495,26.2,0,135,0,,10.506,1.842,0,,
2024-11-05,123967.0,Vanivilasa Sagar Dam,Krishna,Vedavati,Hagari Or Vedavati,05-11-2024 12:11:00,93.533,2137.2,30,28.06,25.485,26.19,0,133,0,,10.506,1.853,0,,
2024-11-06,123968.0,Vanivilasa Sagar Dam,Krishna,Vedavati,Hagari Or Vedavati,06-11-2024 12:11:00,93.6,2137.2,30,28.08,25.505,26.21,300,133,0,,10.532,1.864,0,,
2024-11-07,123969.0,Vanivilasa Sagar Dam,Krishna,Vedavati,Hagari Or Vedavati,07-11-2024 12:11:00,93.867,2137.3,30,28.16,25.585,26.29,924,133,0,,10.611,1.876,0,,
2024-11-08,123970.0,Vanivilasa Sagar Dam,Krishna,Vedavati,Hagari Or Vedavati,08-11-2024 12:11:00,94.133,2137.4,30,28.24,25.665,26.37,924,133,0,,10.691,1.887,0,,
2024-11-09,123971.0,Vanivilasa Sagar Dam,Krishna,Vedavati,Hagari Or Vedavati,09-11-2024 12:11:00,94.4,2137.5,30,28.32,25.745,26.45,924,133,0,,10.771,1.899,0,,
2024-11-10,123972.0,Vanivilasa Sagar Dam,Krishna,Vedavati,Hagari Or Vedavati,10-11-2024 12:11:00,94.7,2137.6,30,28.41,25.835,26.54,1040,135,0,,10.861,1.911,0,,
2024-11-11,123973.0,Vanivilasa Sagar Dam,Krishna,Vedavati,Hagari Or Vedavati,11-11-2024 12:11:00,94.967,2137.7,30,28.49,25.915,26.62,970,135,0,,10.945,1.922,0,,
2024-11-12,123974.0,Vanivilasa Sagar Dam,Krishna,Vedavati,Hagari Or Vedavati,12-11-2024 12:11:00,95.233,2137.8,30,28.57,25.995,26.7,970,135,0,,11.029,1.934,0,,
2024-11-13,123975.0,Vanivilasa Sagar Dam,Krishna,Vedavati,Hagari Or Vedavati,13-11-2024 12:11:00,95.533,2137.9,30,28.66,26.085,26.79,1040,135,0,,11.118,1.946,0,,
2024-11-14,123976.0,Vanivilasa Sagar Dam,Krishna,Vedavati,Hagari Or Vedavati,14-11-2024 12:11:00,95.667,2137.95,30,28.7,26.125,26.83,462,135,0,,11.158,1.957,0,,
2024-11-15,123977.0,Vanivilasa Sagar Dam,Krishna,Vedavati,Hagari Or Vedavati,15-11-2024 12:11:00,95.933,2138.05,30,28.78,26.205,26.91,924,135,0,,11.238,1.969,0,,
2024-11-16,123978.0,Vanivilasa Sagar Dam,Krishna,Vedavati,Hagari Or Vedavati,16-11-2024 12:11:00,96,2138.05,30,28.8,26.225,26.93,300,135,0,,11.264,1.981,0,,
2024-11-17,123979.0,Vanivilasa Sagar Dam,Krishna,Vedavati,Hagari Or Vedavati,17-11-2024 12:11:00,96.067,2138.1,30,28.82,26.245,26.95,462,135,0,,11.304,1.992,0,,
2024-11-18,123980.0,Vanivilasa Sagar Dam,Krishna,Vedavati,Hagari Or Vedavati,18-11-2024 12:11:00,96.133,2138.1,30,28.84,26.265,26.97,462,135,0,,11.344,2.004,0,,
2024-11-19,123981.0,Vanivilasa Sagar Dam,Krishna,Vedavati,Hagari Or Vedavati,19-11-2024 12:11:00,96.2,2138.15,30,28.86,26.285,26.99,462,135,0,,11.384,2.016,0,,
2024-11-20,,,,,,,,2138.2,,,,,,,,,,,,,0.1
2024-11-21,123982.0,Vanivilasa Sagar Dam,Krishna,Vedavati,Hagari Or Vedavati,21-11-2024 12:11:00,96.5,2138.25,30,28.95,26.375,27.08,577,133,0,,11.484,2.039,0,,
2024-11-22,123983.0,Vanivilasa Sagar Dam,Krishna,Vedavati,Hagari Or Vedavati,22-11-2024 12:11:00,96.667,2138.3,30,29,26.425,27.13,577,133,0,,11.533,2.05,0,,
2024-11-23,123984.0,Vanivilasa Sagar Dam,Krishna,Vedavati,Hagari Or Vedavati,23-11-2024 12:11:00,96.933,2138.4,30,29.08,26.505,27.21,924,133,0,,11.613,2.062,0,,
2024-11-24,123985.0,Vanivilasa Sagar Dam,Krishna,Vedavati,Hagari Or Vedavati,24-11-2024 12:11:00,97,2138.4,30,29.1,26.525,27.23,462,133,0,,11.653,2.073,0,,
2024-11-25,123986.0,Vanivilasa Sagar Dam,Krishna,Vedavati,Hagari Or Vedavati,25-11-2024 12:11:00,97.233,2138.5,30,29.17,26.595,27.3,808,133,0,,11.723,2.084,0,,
2024-11-26,123987.0,Vanivilasa Sagar Dam,Krishna,Vedavati,Hagari Or Vedavati,26-11-2024 12:11:00,97.333,2138.55,30,29.2,26.625,27.33,462,133,0,,11.763,2.096,0,,
2024-11-27,123988.0,Vanivilasa Sagar Dam,Krishna,Vedavati,Hagari Or Vedavati,27-11-2024 12:11:00,97.467,2138.6,30,29.24,26.665,27.37,577,135,0,,11.813,2.108,0,,
2024-11-28,123989.0,Vanivilasa Sagar Dam,Krishna,Vedavati,Hagari Or Vedavati,28-11-2024 12:11:00,97.633,2138.65,30,29.29,26.715,27.42,577,135,0,,11.863,2.119,0,,
2024-11-29,123990.0,Vanivilasa Sagar Dam,Krishna,Vedavati,Hagari Or Vedavati,29-11-2024 12:11:00,97.7,2138.65,30,29.31,26.735,27.44,462,135,0,,11.903,2.131,0,,
2024-11-30,123991.0,Vanivilasa Sagar Dam,Krishna,Vedavati,Hagari Or Vedavati,30-11-2024 12:11:00,97.7,2138.65,30,29.31,26.735,27.44,0,135,0,,11.903,2.143,0,,
2024-12-01,123992.0,Vanivilasa Sagar Dam,Krishna,Vedavati,Hagari Or Vedavati,01-12-2024 12:12:00,97.633,2138.6,30,29.29,26.715,27.42,0,133,0,,11.903,2.154,0,,
2024-12-02,123993.0,Vanivilasa Sagar Dam,Krishna,Vedavati,Hagari Or Vedavati,02-12-2024 12:12:00,97.6,2138.6,30,29.28,26.705,27.41,0,133,0,,11.903,2.166,0,,
2024-12-03,123994.0,Vanivilasa Sagar Dam,Krishna,Vedavati,Hagari Or Vedavati,03-12-2024 12:12:00,97.567,2138.6,30,29.27,26.695,27.4,0,133,0,,11.903,2.177,0,,
2024-12-04,123995.0,Vanivilasa Sagar Dam,Krishna,Vedavati,Hagari Or Vedavati,04-12-2024 12:12:00,97.767,2138.7,30,29.33,26.755,27.46,693,133,0,,11.962,2.189,0,,
2024-12-05,123996.0,Vanivilasa Sagar Dam,Krishna,Vedavati,Hagari Or Vedavati,05-12-2024 12:12:00,97.767,2138.7,30,29.33,26.755,27.46,300,133,0,,11.988,2.2,0,,
2024-12-06,123997.0,Vanivilasa Sagar Dam,Krishna,Vedavati,Hagari Or Vedavati,06-12-2024 12:12:00,97.733,2138.7,30,29.32,26.745,27.45,0,133,0,,11.988,2.212,0,,
2024-12-07,123998.0,Vanivilasa Sagar Dam,Krishna,Vedavati,Hagari Or Vedavati,07-12-2024 12:12:00,97.8,2138.75,30,29.34,26.765,27.47,462,133,0,,12.028,2.223,0,,
2024-12-08,123999.0,Vanivilasa Sagar Dam,Krishna,Vedavati,Hagari Or Vedavati,08-12-2024 12:12:00,97.867,2138.75,30,29.36,26.785,27.49,462,133,0,,12.068,2.235,0,,
2024-12-09,124000.0,Vanivilasa Sagar Dam,Krishna,Vedavati,Hagari Or Vedavati,09-12-2024 12:12:00,97.867,2138.75,30,29.36,26.785,27.49,0,133,0,,12.068,2.246,0,,
2024-12-10,124001.0,Vanivilasa Sagar Dam,Krishna,Vedavati,Hagari Or Vedavati,10-12-2024 12:12:00,97.933,2138.8,30,29.38,26.805,27.51,462,133,0,,12.108,2.258,0,,
2024-12-11,124002.0,Vanivilasa Sagar Dam,Krishna,Vedavati,Hagari Or Vedavati,11-12-2024 12:12:00,97.933,2138.8,30,29.38,26.805,27.51,300,133,0,,12.134,2.269,0,,
2024-12-12,124003.0,Vanivilasa Sagar Dam,Krishna,Vedavati,Hagari Or Vedavati,12-12-2024 12:12:00,97.9,2138.75,30,29.37,26.795,27.5,0,133,0,,12.134,2.281,0,,
2024-12-13,124004.0,Vanivilasa Sagar Dam,Krishna,Vedavati,Hagari Or Vedavati,13-12-2024 12:12:00,97.867,2138.75,30,29.36,26.785,27.49,0,133,0,,12.134,2.292,0,,
2024-12-14,124005.0,Vanivilasa Sagar Dam,Krishna,Vedavati,Hagari Or Vedavati,14-12-2024 12:12:00,98,2138.8,30,29.4,26.825,27.53,462,133,0,,12.174,2.304,0,,
2024-12-15,124006.0,Vanivilasa Sagar Dam,Krishna,Vedavati,Hagari Or Vedavati,15-12-2024 12:12:00,98.133,2138.85,30,29.44,26.865,27.57,462,133,0,,12.214,2.315,0,,
2024-12-16,124007.0,Vanivilasa Sagar Dam,Krishna,Vedavati,Hagari Or Vedavati,16-12-2024 12:12:00,98.333,2138.9,30,29.5,26.925,27.63,693,133,0,,12.274,2.326,0,,
2024-12-17,124008.0,Vanivilasa Sagar Dam,Krishna,Vedavati,Hagari Or Vedavati,17-12-2024 12:12:00,98.467,2138.95,30,29.54,26.965,27.67,693,133,0,,12.334,2.338,0,,
2024-12-18,124009.0,Vanivilasa Sagar Dam,Krishna,Vedavati,Hagari Or Vedavati,18-12-2024 12:12:00,98.6,2139,30,29.58,27.005,27.71,693,133,0,,12.393,2.349,0,,
2024-12-19,124010.0,Vanivilasa Sagar Dam,Krishna,Vedavati,Hagari Or Vedavati,19-12-2024 12:12:00,98.733,2139.05,30,29.62,27.045,27.75,693,135,0,,12.453,2.361,0,,
2024-12-20,,,,,,,,2139.1000000000004,,,,,,,,,,,,,0.0
2024-12-21,124011.0,Vanivilasa Sagar Dam,Krishna,Vedavati,Hagari Or Vedavati,21-12-2024 12:12:00,99,2139.15,30,29.7,27.125,27.83,693,135,0,,12.573,2.384,0,,
2024-12-22,124012.0,Vanivilasa Sagar Dam,Krishna,Vedavati,Hagari Or Vedavati,22-12-2024 12:12:00,99.133,2139.2,30,29.74,27.165,27.87,693,135,0,,12.633,2.396,0,,
2024-12-23,124013.0,Vanivilasa Sagar Dam,Krishna,Vedavati,Hagari Or Vedavati,23-12-2024 12:12:00,99.2,2139.2,30,29.76,27.185,27.89,462,135,0,,12.673,2.408,0,,
2024-12-24,124014.0,Vanivilasa Sagar Dam,Krishna,Vedavati,Hagari Or Vedavati,24-12-2024 12:12:00,99.3,2139.25,30,29.79,27.215,27.92,693,135,0,,12.733,2.419,0,,
2024-12-25,124015.0,Vanivilasa Sagar Dam,Krishna,Vedavati,Hagari Or Vedavati,25-12-2024 12:12:00,99.433,2139.3,30,29.83,27.255,27.96,693,135,0,,12.793,2.431,0,,
2024-12-26,124016.0,Vanivilasa Sagar Dam,Krishna,Vedavati,Hagari Or Vedavati,26-12-2024 12:12:00,99.567,2139.35,30,29.87,27.295,28,693,135,0,,12.853,2.443,0,,
2024-12-27,124017.0,Vanivilasa Sagar Dam,Krishna,Vedavati,Hagari Or Vedavati,27-12-2024 12:12:00,99.7,2139.4,30,29.91,27.335,28.04,693,135,0,,12.912,2.454,0,,
2024-12-28,124018.0,Vanivilasa Sagar Dam,Krishna,Vedavati,Hagari Or Vedavati,28-12-2024 12:12:00,99.833,2139.45,30,29.95,27.375,28.08,693,135,0,,12.972,2.466,0,,
2024-12-29,124019.0,Vanivilasa Sagar Dam,Krishna,Vedavati,Hagari Or Vedavati,29-12-2024 12:12:00,100,2139.5,30,30,27.425,28.13,693,135,0,,13.032,2.478,0,,
2024-12-30,124020.0,Vanivilasa Sagar Dam,Krishna,Vedavati,Hagari Or Vedavati,30-12-2024 12:12:00,100.133,2139.55,30,30.04,27.465,28.17,693,135,0,,13.092,2.489,0,,
2024-12-31,124021.0,Vanivilasa Sagar Dam,Krishna,Vedavati,Hagari Or Vedavati,31-12-2024 12:12:00,100.267,2139.6,30,30.08,27.505,28.21,693,135,0,,13.152,2.501,0,,
2025-01-01,124022.0,Vanivilasa Sagar Dam,Krishna,Vedavati,Hagari Or Vedavati,01-01-2025 12:01:00,100.333,2139.6,30,30.1,27.525,28.23,693,135,0,,13.212,2.513,0,,
2025-01-02,124023.0,Vanivilasa Sagar Dam,Krishna,Vedavati,Hagari Or Vedavati,02-01-2025 12:01:00,100.4,2139.65,30,30.12,27.545,28.25,693,145,0,,13.272,2.525,0,,
2025-01-03,124024.0,Vanivilasa Sagar Dam,Krishna,Vedavati,Hagari Or Vedavati,03-01-2025 12:01:00,100.467,2139.65,30,30.14,27.565,28.27,693,145,0,,13.332,2.538,0,,
2025-01-04,124025.0,Vanivilasa Sagar Dam,Krishna,Vedavati,Hagari Or Vedavati,04-01-2025 12:01:00,100.533,2139.7,30,30.16,27.585,28.29,693,145,0,,13.391,2.55,0,,
2025-01-05,124026.0,Vanivilasa Sagar Dam,Krishna,Vedavati,Hagari Or Vedavati,05-01-2025 12:01:00,100.7,2139.75,30,30.21,27.635,28.34,693,145,0,,13.451,2.563,0,,
2025-01-06,124027.0,Vanivilasa Sagar Dam,Krishna,Vedavati,Hagari Or Vedavati,06-01-2025 12:01:00,100.833,2139.8,30,30.25,27.675,28.38,693,145,0,,13.511,2.575,0,,
2025-01-07,124028.0,Vanivilasa Sagar Dam,Krishna,Vedavati,Hagari Or Vedavati,07-01-2025 12:01:00,100.9,2139.8,30,30.27,27.695,28.4,693,145,0,,13.571,2.588,0,,
2025-01-08,124029.0,Vanivilasa Sagar Dam,Krishna,Vedavati,Hagari Or Vedavati,08-01-2025 12:01:00,100.967,2139.85,30,30.29,27.715,28.42,693,145,0,,13.631,2.6,0,,
2025-01-09,124030.0,Vanivilasa Sagar Dam,Krishna,Vedavati,Hagari Or Vedavati,09-01-2025 12:01:00,101.1,2139.9,30,30.33,27.755,28.46,693,145,0,,13.691,2.613,0,,
2025-01-10,124031.0,Vanivilasa Sagar Dam,Krishna,Vedavati,Hagari Or Vedavati,10-01-2025 12:01:00,101.267,2139.95,30,30.38,27.805,28.51,693,145,0,,13.751,2.626,0,,
2025-01-11,124032.0,Vanivilasa Sagar Dam,Krishna,Vedavati,Hagari Or Vedavati,11-01-2025 12:01:00,1421.589,2140,30,30.422,27.847,28.552,693,145,0,,13.811,2.638,0,,
2025-01-12,124033.0,Vanivilasa Sagar Dam,Krishna,Vedavati,Hagari Or Vedavati,12-01-2025 12:01:00,101.407,2140,30,30.422,27.847,28.552,693,145,0,,13.87,2.651,0,,
2025-01-13,124034.0,Vanivilasa Sagar Dam,Krishna,Vedavati,Hagari Or Vedavati,13-01-2025 12:01:00,99.993,2140,30,30.42,27.845,28.55,693,135,0,,36.72,33.84,3.072,,
2025-01-14,124035.0,Vanivilasa Sagar Dam,Krishna,Vedavati,Hagari Or Vedavati,14-01-2025 12:01:00,101.407,2140.05,30,30.422,27.847,28.552,693,145,0,,13.99,2.675,0,,
2025-01-15,124036.0,Vanivilasa Sagar Dam,Krishna,Vedavati,Hagari Or Vedavati,15-01-2025 12:01:00,101.533,2140.05,30,30.46,27.885,28.59,693,523.5,0,,14.05,2.72,0,,
2025-01-16,124037.0,Vanivilasa Sagar Dam,Krishna,Vedavati,Hagari Or Vedavati,16-01-2025 12:01:00,101.533,2140.05,30,30.46,27.885,28.59,693,523.5,0,,14.11,2.774,0,,
2025-01-17,124038.0,Vanivilasa Sagar Dam,Krishna,Vedavati,Hagari Or Vedavati,17-01-2025 12:01:00,101.533,2140.05,30,30.46,27.885,28.59,693,523.5,0,,14.17,2.819,0,,
2025-01-18,124039.0,Vanivilasa Sagar Dam,Krishna,Vedavati,Hagari Or Vedavati,18-01-2025 12:01:00,101.533,2140.05,30,30.46,27.885,28.59,693,523.5,0,,14.23,2.864,0,,
2025-01-19,124040.0,Vanivilasa Sagar Dam,Krishna,Vedavati,Hagari Or Vedavati,19-01-2025 12:01:00,101.667,2140.1,30,30.5,27.925,28.63,693,523.5,0,,14.29,2.91,0,,
2025-01-20,,,,,,,,2140.1,,,,,,,,,,,,,0.0
2025-01-21,124041.0,Vanivilasa Sagar Dam,Krishna,Vedavati,Hagari Or Vedavati,21-01-2025 12:01:00,101.667,2140.1,30,30.5,27.925,28.63,100,240.75,0,,14.358,2.976,0,,
2025-01-22,124042.0,Vanivilasa Sagar Dam,Krishna,Vedavati,Hagari Or Vedavati,22-01-2025 12:01:00,101.667,2140.1,30,30.5,27.925,28.63,0,178.85,0,,14.358,2.991,0,,
2025-01-23,124043.0,Vanivilasa Sagar Dam,Krishna,Vedavati,Hagari Or Vedavati,23-01-2025 12:01:00,101.667,2140.1,30,30.5,27.925,28.63,150,135,95.75,,14.371,3.003,0.008,,
2025-01-24,124044.0,Vanivilasa Sagar Dam,Krishna,Vedavati,Hagari Or Vedavati,24-01-2025 12:01:00,101.667,2140.1,30,30.5,27.925,28.63,450,135,175.91,,14.41,3.014,0.023,,
2025-01-25,124045.0,Vanivilasa Sagar Dam,Krishna,Vedavati,Hagari Or Vedavati,25-01-2025 12:01:00,101.667,2140,30,30.5,27.925,28.63,0,135,0,,14.41,3.026,0.023,,
2025-01-26,124046.0,Vanivilasa Sagar Dam,Krishna,Vedavati,Hagari Or Vedavati,26-01-2025 12:01:00,101.667,2140.1,30,30.5,27.925,28.63,0,135,0,,14.41,3.038,0.023,,
2025-01-27,124047.0,Vanivilasa Sagar Dam,Krishna,Vedavati,Hagari Or Vedavati,27-01-2025 12:01:00,101.533,2140.05,30,30.46,27.885,28.59,0,135,0,,14.41,3.049,0.023,,
2025-01-28,124048.0,Vanivilasa Sagar Dam,Krishna,Vedavati,Hagari Or Vedavati,28-01-2025 12:01:00,101.533,2140.05,30,30.46,27.885,28.59,0,135,95.75,,14.41,3.061,0.032,,
2025-01-29,124049.0,Vanivilasa Sagar Dam,Krishna,Vedavati,Hagari Or Vedavati,29-01-2025 12:01:00,101.533,2140.05,30,30.46,27.885,28.59,0,135,55.9,,14.41,3.073,0.037,,
2025-01-30,124050.0,Vanivilasa Sagar Dam,Krishna,Vedavati,Hagari Or Vedavati,30-01-2025 12:01:00,101.533,2140.05,30,30.46,27.885,28.59,0,135,35.75,,14.41,3.084,0.04,,
2025-01-31,124051.0,Vanivilasa Sagar Dam,Krishna,Vedavati,Hagari Or Vedavati,31-01-2025 12:01:00,101.533,2140.05,30,30.46,27.885,28.59,0,180.75,0,,14.41,3.104,0.037,,
2025-02-01,124052.0,Vanivilasa Sagar Dam,Krishna,Vedavati,Hagari Or Vedavati,01-02-2025 12:02:00,101.5,2140.05,30,30.45,27.875,28.58,0,180.75,0,,14.41,3.12,0.037,,
2025-02-02,124053.0,Vanivilasa Sagar Dam,Krishna,Vedavati,Hagari Or Vedavati,02-02-2025 12:02:00,101.5,2140.05,30,30.45,27.875,28.58,0,180.75,0,,14.41,3.135,0.037,,
2025-02-03,124054.0,Vanivilasa Sagar Dam,Krishna,Vedavati,Hagari Or Vedavati,03-02-2025 12:02:00,101.5,2140.05,30,30.45,27.875,28.58,0,180.75,0,,14.41,3.151,0.037,,
2025-02-04,124055.0,Vanivilasa Sagar Dam,Krishna,Vedavati,Hagari Or Vedavati,04-02-2025 12:02:00,101.473,2140,30,30.442,27.867,28.572,0,180.75,0,,14.41,3.166,0.037,,
2025-02-05,124056.0,Vanivilasa Sagar Dam,Krishna,Vedavati,Hagari Or Vedavati,05-02-2025 12:02:00,101.473,2140,30,30.442,27.867,28.572,0,145,0,,14.41,3.179,0.037,,
2025-02-06,124057.0,Vanivilasa Sagar Dam,Krishna,Vedavati,Hagari Or Vedavati,06-02-2025 12:02:00,101.473,2140,30,30.442,27.867,28.572,0,145,0,,14.41,3.191,0.037,,
2025-02-07,124058.0,Vanivilasa Sagar Dam,Krishna,Vedavati,Hagari Or Vedavati,07-02-2025 12:02:00,101.467,2140,30,30.44,27.865,28.57,0,145,0,,14.41,3.204,0.037,,
2025-02-08,124059.0,Vanivilasa Sagar Dam,Krishna,Vedavati,Hagari Or Vedavati,08-02-2025 12:02:00,101.467,2140,30,30.44,27.865,28.57,0,395,0,,14.41,3.238,0.037,,
2025-02-09,124060.0,Vanivilasa Sagar Dam,Krishna,Vedavati,Hagari Or Vedavati,09-02-2025 12:02:00,101.267,2139.95,30,30.38,27.805,28.51,0,675,0,,14.41,3.296,0.037,,
2025-02-10,124061.0,Vanivilasa Sagar Dam,Krishna,Vedavati,Hagari Or Vedavati,10-02-2025 12:02:00,101.267,2139.95,30,30.38,27.805,28.51,0,175,0,,14.41,3.312,0.037,,
2025-02-11,124062.0,Vanivilasa Sagar Dam,Krishna,Vedavati,Hagari Or Vedavati,11-02-2025 12:02:00,100.967,2139.85,30,30.29,27.715,28.42,0,145,500,,14.41,3.324,0.08,,
2025-02-12,124063.0,Vanivilasa Sagar Dam,Krishna,Vedavati,Hagari Or Vedavati,12-02-2025 12:02:00,100.833,2139.8,30,30.25,27.675,28.38,0,145,580,,14.41,3.337,0.13,,
2025-02-13,124064.0,Vanivilasa Sagar Dam,Krishna,Vedavati,Hagari Or Vedavati,13-02-2025 12:02:00,100.7,2139.75,30,30.21,27.635,28.34,0,145,600,,14.41,3.349,0.182,,
2025-02-14,124065.0,Vanivilasa Sagar Dam,Krishna,Vedavati,Hagari Or Vedavati,14-02-2025 12:02:00,100.533,2139.7,30,30.16,27.585,28.29,0,145,600,,14.41,3.362,0.234,,
2025-02-15,124066.0,Vanivilasa Sagar Dam,Krishna,Vedavati,Hagari Or Vedavati,15-02-2025 12:02:00,100.4,2139.65,30,30.12,27.545,28.25,0,145,590,,14.41,3.374,0.285,,
2025-02-16,124067.0,Vanivilasa Sagar Dam,Krishna,Vedavati,Hagari Or Vedavati,16-02-2025 12:02:00,100.3,2139.65,30,30.09,27.515,28.22,0,145,600,,14.41,3.387,0.336,,
2025-02-17,124068.0,Vanivilasa Sagar Dam,Krishna,Vedavati,Hagari Or Vedavati,17-02-2025 12:02:00,100.133,2139.55,30,30.04,27.465,28.17,0,145,570,,14.41,3.387,0.334,,
2025-02-18,124069.0,Vanivilasa Sagar Dam,Krishna,Vedavati,Hagari Or Vedavati,18-02-2025 12:02:00,99.833,2139.45,30,29.95,27.375,28.08,0,145,570,,14.41,3.399,0.383,,
2025-02-19,124070.0,Vanivilasa Sagar Dam,Krishna,Vedavati,Hagari Or Vedavati,19-02-2025 12:02:00,99.433,2139.3,30,29.83,27.255,27.96,0,145,570,,14.41,3.412,0.432,,
2025-02-20,124071.0,Vanivilasa Sagar Dam,Krishna,Vedavati,Hagari Or Vedavati,20-02-2025 12:02:00,97.824,2139.2,30,29.76,27.185,27.89,0,145,560,,35.762,34.019,3.521,,
2025-02-21,124072.0,Vanivilasa Sagar Dam,Krishna,Vedavati,Hagari Or Vedavati,21-02-2025 12:02:00,98.867,2139.1,30,29.66,27.085,27.79,0,145,560,,14.41,3.437,0.529,,
2025-02-22,124073.0,Vanivilasa Sagar Dam,Krishna,Vedavati,Hagari Or Vedavati,22-02-2025 12:02:00,98.6,2139,30,29.58,27.005,27.71,0,145,560,,14.41,3.449,0.577,,
2025-02-23,124074.0,Vanivilasa Sagar Dam,Krishna,Vedavati,Hagari Or Vedavati,23-02-2025 12:02:00,98.467,2138.95,30,29.54,26.965,27.67,0,145,570,,14.41,3.462,0.627,,
2025-02-24,124075.0,Vanivilasa Sagar Dam,Krishna,Vedavati,Hagari Or Vedavati,24-02-2025 12:02:00,98.333,2138.9,30,29.5,26.925,27.63,0,145,570,,14.41,3.474,0.676,,
2025-02-25,124076.0,Vanivilasa Sagar Dam,Krishna,Vedavati,Hagari Or Vedavati,25-02-2025 12:02:00,98,2138.8,30,29.4,26.825,27.53,0,145,570,,14.41,3.487,0.725,,
2025-02-26,124077.0,Vanivilasa Sagar Dam,Krishna,Vedavati,Hagari Or Vedavati,26-02-2025 12:02:00,97.9,2138.75,30,29.37,26.795,27.5,0,145,570,,14.41,3.499,0.774,,
2025-02-27,124078.0,Vanivilasa Sagar Dam,Krishna,Vedavati,Hagari Or Vedavati,27-02-2025 12:02:00,97.667,2138.65,30,29.3,26.725,27.43,0,145,550,,14.41,3.512,0.822,,
2025-02-28,124079.0,Vanivilasa Sagar Dam,Krishna,Vedavati,Hagari Or Vedavati,28-02-2025 12:02:00,97.6,2138.6,30,29.28,26.705,27.41,0,145,550,,14.41,3.525,0.869,,
2025-03-01,124080.0,Vanivilasa Sagar Dam,Krishna,Vedavati,Hagari Or Vedavati,01-03-2025 12:03:00,97.233,2138.5,30,29.17,26.595,27.3,0,145,550,,14.41,3.537,0.917,,
2025-03-02,124081.0,Vanivilasa Sagar Dam,Krishna,Vedavati,Hagari Or Vedavati,02-03-2025 12:03:00,97,2138.4,30,29.1,26.525,27.23,0,145,550,,14.41,3.55,0.965,,
2025-03-03,124082.0,Vanivilasa Sagar Dam,Krishna,Vedavati,Hagari Or Vedavati,03-03-2025 12:03:00,96.8,2138.35,30,29.04,26.465,27.17,0,145,570,,14.41,3.562,1.014,,
2025-03-04,124083.0,Vanivilasa Sagar Dam,Krishna,Vedavati,Hagari Or Vedavati,04-03-2025 12:03:00,96.667,2138.3,30,29,26.425,27.13,0,145,570,,14.41,3.575,1.063,,
2025-03-05,124084.0,Vanivilasa Sagar Dam,Krishna,Vedavati,Hagari Or Vedavati,05-03-2025 12:03:00,96.5,2138.25,30,28.95,26.375,27.08,0,145,560,,14.41,3.587,1.111,,
2025-03-06,124085.0,Vanivilasa Sagar Dam,Krishna,Vedavati,Hagari Or Vedavati,06-03-2025 12:03:00,96.2,2138.15,30,28.86,26.285,26.99,0,145,560,,14.41,3.6,1.16,,
2025-03-07,124086.0,Vanivilasa Sagar Dam,Krishna,Vedavati,Hagari Or Vedavati,07-03-2025 12:03:00,96.067,2138.1,30,28.82,26.245,26.95,0,145,560,,14.41,3.612,1.208,,
2025-03-08,124087.0,Vanivilasa Sagar Dam,Krishna,Vedavati,Hagari Or Vedavati,08-03-2025 12:03:00,96,2138.05,30,28.8,26.225,26.93,0,560,145,,14.41,3.661,1.221,,
2025-03-09,124088.0,Vanivilasa Sagar Dam,Krishna,Vedavati,Hagari Or Vedavati,09-03-2025 12:03:00,95.8,2138,30,28.74,26.165,26.87,0,145,560,,14.41,3.637,1.305,,
2025-03-10,124089.0,Vanivilasa Sagar Dam,Krishna,Vedavati,Hagari Or Vedavati,10-03-2025 12:03:00,95.533,2137.9,30,28.66,26.085,26.79,0,145,560,,14.41,3.65,1.353,,
2025-03-11,124090.0,Vanivilasa Sagar Dam,Krishna,Vedavati,Hagari Or Vedavati,11-03-2025 12:03:00,95.4,2137.85,30,28.62,26.045,26.75,0,145,560,,14.41,3.662,1.402,,
2025-03-12,124091.0,Vanivilasa Sagar Dam,Krishna,Vedavati,Hagari Or Vedavati,12-03-2025 12:03:00,95.233,2137.8,30,28.57,25.995,26.7,0,145,560,,14.41,3.675,1.45,,
2025-03-13,124092.0,Vanivilasa Sagar Dam,Krishna,Vedavati,Hagari Or Vedavati,13-03-2025 12:03:00,95.1,2137.75,30,28.53,25.955,26.66,0,145,560,,14.41,3.687,1.498,,
2025-03-14,124093.0,Vanivilasa Sagar Dam,Krishna,Vedavati,Hagari Or Vedavati,14-03-2025 12:03:00,94.967,2137.7,30,28.49,25.915,26.62,0,145,560,,14.41,3.7,1.547,,
2025-03-15,124094.0,Vanivilasa Sagar Dam,Krishna,Vedavati,Hagari Or Vedavati,15-03-2025 12:03:00,94.7,2137.6,30,28.41,25.835,26.54,0,145,560,,14.41,3.712,1.595,,
2025-03-16,124095.0,Vanivilasa Sagar Dam,Krishna,Vedavati,Hagari Or Vedavati,16-03-2025 12:03:00,94.533,2137.55,30,28.36,25.785,26.49,0,145,280,,14.41,3.725,1.619,,
2025-03-17,124096.0,Vanivilasa Sagar Dam,Krishna,Vedavati,Hagari Or Vedavati,17-03-2025 12:03:00,94.4,2137.5,30,28.32,25.745,26.45,0,145,280,,14.41,3.737,1.644,,
2025-03-18,124097.0,Vanivilasa Sagar Dam,Krishna,Vedavati,Hagari Or Vedavati,18-03-2025 12:03:00,94.333,2137.5,30,28.3,25.725,26.43,0,145,0,,14.41,3.75,1.644,,
2025-03-19,124098.0,Vanivilasa Sagar Dam,Krishna,Vedavati,Hagari Or Vedavati,19-03-2025 12:03:00,94.267,2137.45,30,28.28,25.705,26.41,0,145,0,,14.41,3.763,1.644,,
2025-03-20,,,,,,,,2137.425,,,,,,,,,,,,,0.0
2025-03-21,124099.0,Vanivilasa Sagar Dam,Krishna,Vedavati,Hagari Or Vedavati,21-03-2025 12:03:00,94.133,2137.4,30,28.24,25.665,26.37,0,145,0,,14.41,3.788,1.644,,
2025-03-22,124100.0,Vanivilasa Sagar Dam,Krishna,Vedavati,Hagari Or Vedavati,22-03-2025 12:03:00,94.133,2137.4,30,28.24,25.665,26.37,0,145,0,,14.41,3.8,1.644,,
2025-03-23,124101.0,Vanivilasa Sagar Dam,Krishna,Vedavati,Hagari Or Vedavati,23-03-2025 12:03:00,94,2137.35,30,28.2,25.625,26.33,0,145,0,,14.41,3.813,1.644,,
2025-03-24,124102.0,Vanivilasa Sagar Dam,Krishna,Vedavati,Hagari Or Vedavati,24-03-2025 12:03:00,94,2137.35,30,28.2,25.625,26.33,0,145,0,,14.41,3.825,1.644,,
2025-03-25,124103.0,Vanivilasa Sagar Dam,Krishna,Vedavati,Hagari Or Vedavati,25-03-2025 12:03:00,94,2137.35,30,28.2,25.625,26.33,0,145,0,,14.41,3.838,1.644,,
2025-03-26,124104.0,Vanivilasa Sagar Dam,Krishna,Vedavati,Hagari Or Vedavati,26-03-2025 12:03:00,93.933,2137.35,30,28.18,25.605,26.31,0,145,0,,14.41,3.85,1.644,,
2025-03-27,124105.0,Vanivilasa Sagar Dam,Krishna,Vedavati,Hagari Or Vedavati,27-03-2025 12:03:00,93.9,2137.35,30,28.17,25.595,26.3,0,145,0,,14.41,3.863,1.644,,
2025-03-28,124106.0,Vanivilasa Sagar Dam,Krishna,Vedavati,Hagari Or Vedavati,28-03-2025 12:03:00,93.9,2137.35,30,28.17,25.595,26.3,0,0,145,,14.41,3.863,1.656,,
2025-03-29,124107.0,Vanivilasa Sagar Dam,Krishna,Vedavati,Hagari Or Vedavati,29-03-2025 12:03:00,93.867,2137.3,30,28.16,25.585,26.29,0,145,0,,14.41,3.875,1.656,,
2025-03-30,124108.0,Vanivilasa Sagar Dam,Krishna,Vedavati,Hagari Or Vedavati,30-03-2025 12:03:00,93.867,2137.3,30,28.16,25.585,26.29,0,145,0,,14.41,3.888,1.656,,
2025-03-31,124109.0,Vanivilasa Sagar Dam,Krishna,Vedavati,Hagari Or Vedavati,31-03-2025 12:03:00,93.833,2137.3,30,28.15,25.575,26.28,0,145,0,,14.41,3.9,1.656,,
2025-04-01,124110.0,Vanivilasa Sagar Dam,Krishna,Vedavati,Hagari Or Vedavati,01-04-2025 12:04:00,93.7,2137.25,30,28.11,25.535,26.24,0,145,0,,14.41,3.913,1.656,,
2025-04-02,124111.0,Vanivilasa Sagar Dam,Krishna,Vedavati,Hagari Or Vedavati,02-04-2025 12:04:00,93.7,2137.25,30,28.11,25.535,26.24,0,145,0,,14.41,3.925,1.656,,
2025-04-03,124112.0,Vanivilasa Sagar Dam,Krishna,Vedavati,Hagari Or Vedavati,03-04-2025 12:04:00,93.633,2137.25,30,28.09,25.515,26.22,0,145,0,,14.41,3.938,1.656,,
2025-04-04,124113.0,Vanivilasa Sagar Dam,Krishna,Vedavati,Hagari Or Vedavati,04-04-2025 12:04:00,93.567,2137.2,30,28.07,25.495,26.2,0,145,0,,14.41,3.95,1.656,,
2025-04-05,124114.0,Vanivilasa Sagar Dam,Krishna,Vedavati,Hagari Or Vedavati,05-04-2025 12:04:00,93.567,2137.2,30,28.07,25.495,26.2,0,145,0,,14.41,3.963,1.656,,
2025-04-06,124115.0,Vanivilasa Sagar Dam,Krishna,Vedavati,Hagari Or Vedavati,06-04-2025 12:04:00,93.433,2137.15,30,28.03,25.455,26.16,0,145,0,,14.41,3.976,1.656,,
2025-04-07,124116.0,Vanivilasa Sagar Dam,Krishna,Vedavati,Hagari Or Vedavati,07-04-2025 12:04:00,93.367,2137.15,30,28.01,25.435,26.14,0,145,0,,14.41,3.988,1.656,,
2025-04-08,124117.0,Vanivilasa Sagar Dam,Krishna,Vedavati,Hagari Or Vedavati,08-04-2025 12:04:00,93.367,2137.15,30,28.01,25.435,26.14,0,145,0,,14.41,4.001,1.656,,
2025-04-09,124118.0,Vanivilasa Sagar Dam,Krishna,Vedavati,Hagari Or Vedavati,09-04-2025 12:04:00,93.3,2137.1,30,27.99,25.415,26.12,0,145,0,,14.41,4.013,1.656,,
2025-04-10,124119.0,Vanivilasa Sagar Dam,Krishna,Vedavati,Hagari Or Vedavati,10-04-2025 12:04:00,93.3,2137.1,30,27.99,25.415,26.12,0,145,0,,14.41,4.026,1.656,,
2025-04-11,124120.0,Vanivilasa Sagar Dam,Krishna,Vedavati,Hagari Or Vedavati,11-04-2025 12:04:00,93.233,2137.1,30,27.97,25.395,26.1,0,145,0,,14.41,4.038,1.656,,
2025-04-12,124121.0,Vanivilasa Sagar Dam,Krishna,Vedavati,Hagari Or Vedavati,12-04-2025 12:04:00,93.233,2137.1,30,27.97,25.395,26.1,0,145,0,,14.41,4.051,1.656,,
2025-04-13,124122.0,Vanivilasa Sagar Dam,Krishna,Vedavati,Hagari Or Vedavati,13-04-2025 12:04:00,93.167,2137.05,30,27.95,25.375,26.08,0,145,0,,14.41,4.063,1.656,,
2025-04-14,124123.0,Vanivilasa Sagar Dam,Krishna,Vedavati,Hagari Or Vedavati,14-04-2025 12:04:00,93.167,2137.05,30,27.95,25.375,26.08,0,145,0,,14.41,4.076,1.656,,
2025-04-15,124124.0,Vanivilasa Sagar Dam,Krishna,Vedavati,Hagari Or Vedavati,15-04-2025 12:04:00,93,2137,30,27.9,25.325,26.03,0,145,0,,14.41,4.088,1.656,,
2025-04-16,124125.0,Vanivilasa Sagar Dam,Krishna,Vedavati,Hagari Or Vedavati,16-04-2025 12:04:00,93,2137,30,27.9,25.325,26.03,0,145,0,,14.41,4.101,1.656,,
2025-04-17,124126.0,Vanivilasa Sagar Dam,Krishna,Vedavati,Hagari Or Vedavati,17-04-2025 12:04:00,92.933,2137,30,27.88,25.305,26.01,0,145,0,,14.41,4.113,1.656,,
2025-04-18,124127.0,Vanivilasa Sagar Dam,Krishna,Vedavati,Hagari Or Vedavati,18-04-2025 12:04:00,91.644,2137,30,27.88,25.305,26.01,26.01,145,0,,35.764,33.907,3.072,,
2025-04-19,124128.0,Vanivilasa Sagar Dam,Krishna,Vedavati,Hagari Or Vedavati,19-04-2025 12:04:00,91.611,2137,30,27.87,25.295,26,0,145,0,,35.764,33.92,3.072,,
2025-04-20,,,,,,,,2136.975,,,,,,,,,,,,,3.7
2025-04-21,124129.0,Vanivilasa Sagar Dam,Krishna,Vedavati,Hagari Or Vedavati,21-04-2025 12:04:00,92.867,2136.95,30,27.86,25.285,25.99,0,145,0,,14.412,4.164,1.704,,
2025-04-22,124130.0,Vanivilasa Sagar Dam,Krishna,Vedavati,Hagari Or Vedavati,22-04-2025 12:04:00,92.867,2136.95,30,27.86,25.285,25.99,0,145,0,,14.412,4.177,1.704,,
2025-04-23,124131.0,Vanivilasa Sagar Dam,Krishna,Vedavati,Hagari Or Vedavati,23-04-2025 12:04:00,91.578,2136.95,30,27.86,25.285,25.99,0,145,0,,35.764,33.97,3.072,,
2025-04-24,124132.0,Vanivilasa Sagar Dam,Krishna,Vedavati,Hagari Or Vedavati,24-04-2025 12:04:00,92.8,2136.95,30,27.84,25.265,25.97,0,145,0,,14.412,4.202,1.704,,
2025-04-25,124133.0,Vanivilasa Sagar Dam,Krishna,Vedavati,Hagari Or Vedavati,25-04-2025 12:04:00,92.8,2136.95,30,27.84,25.265,25.97,0,145,0,,14.412,4.214,1.704,,
2025-04-26,124134.0,Vanivilasa Sagar Dam,Krishna,Vedavati,Hagari Or Vedavati,26-04-2025 12:04:00,92.733,2136.9,30,27.82,25.245,25.95,0,145,0,,14.412,4.227,1.704,,
2025-04-27,124135.0,Vanivilasa Sagar Dam,Krishna,Vedavati,Hagari Or Vedavati,27-04-2025 12:04:00,92.733,2136.9,30,27.82,25.245,25.95,0,145,0,,14.412,4.239,1.704,,
2025-04-28,124136.0,Vanivilasa Sagar Dam,Krishna,Vedavati,Hagari Or Vedavati,28-04-2025 12:04:00,92.733,2136.9,30,27.82,25.245,25.95,0,145,0,,14.412,4.252,1.704,,
2025-04-29,124137.0,Vanivilasa Sagar Dam,Krishna,Vedavati,Hagari Or Vedavati,29-04-2025 12:04:00,92.733,2136.9,30,27.82,25.245,25.95,0,145,0,,14.412,4.264,1.704,,
2025-04-30,124138.0,Vanivilasa Sagar Dam,Krishna,Vedavati,Hagari Or Vedavati,30-04-2025 12:04:00,92.6,2136.85,30,27.78,25.205,25.91,0,145,0,,14.412,4.277,1.704,,
2025-05-01,124139.0,Vanivilasa Sagar Dam,Krishna,Vedavati,Hagari Or Vedavati,01-05-2025 12:05:00,92.6,2136.85,30,27.78,25.205,25.91,0,145,0,,14.412,4.289,1.704,,
2025-05-02,124140.0,Vanivilasa Sagar Dam,Krishna,Vedavati,Hagari Or Vedavati,02-05-2025 12:05:00,92.6,2136.85,30,27.78,25.205,25.91,0,145,50,,14.412,4.302,1.708,,
2025-05-03,124141.0,Vanivilasa Sagar Dam,Krishna,Vedavati,Hagari Or Vedavati,03-05-2025 12:05:00,92.6,2136.85,30,27.78,25.205,25.91,0,145,50,,14.412,4.314,1.712,,
2025-05-04,124142.0,Vanivilasa Sagar Dam,Krishna,Vedavati,Hagari Or Vedavati,04-05-2025 12:05:00,92.467,2136.85,30,27.74,25.165,25.87,0,50,0,,14.412,4.311,1.708,,
2025-05-05,124143.0,Vanivilasa Sagar Dam,Krishna,Vedavati,Hagari Or Vedavati,05-05-2025 12:05:00,92.333,2136.85,30,27.7,25.125,25.83,0,0,0,,14.412,4.311,1.708,,
2025-05-06,124144.0,Vanivilasa Sagar Dam,Krishna,Vedavati,Hagari Or Vedavati,06-05-2025 12:05:00,92.467,2136.85,30,27.74,25.165,25.87,0,0,0,,14.412,4.311,1.708,,
2025-05-07,124145.0,Vanivilasa Sagar Dam,Krishna,Vedavati,Hagari Or Vedavati,07-05-2025 12:05:00,92.467,2136.85,30,27.74,25.165,25.87,0,0,0,,14.412,4.311,1.708,,
2025-05-08,124146.0,Vanivilasa Sagar Dam,Krishna,Vedavati,Hagari Or Vedavati,08-05-2025 12:05:00,92.467,2136.85,30,27.74,25.165,25.87,0,0,0,,14.412,4.311,1.708,,
2025-05-09,124147.0,Vanivilasa Sagar Dam,Krishna,Vedavati,Hagari Or Vedavati,09-05-2025 12:05:00,92.467,2136.85,30,27.74,25.165,25.87,0,0,0,,14.412,4.311,1.708,,
2025-05-10,124148.0,Vanivilasa Sagar Dam,Krishna,Vedavati,Hagari Or Vedavati,10-05-2025 12:05:00,92.333,2136.85,30,27.7,25.125,25.83,0,0,0,,14.412,4.311,1.708,,
2025-05-11,124149.0,Vanivilasa Sagar Dam,Krishna,Vedavati,Hagari Or Vedavati,11-05-2025 12:05:00,85.957,2136.7,30,25.787,23.212,23.917,0,0,0,,14.412,4.311,1.708,,
2025-05-12,124150.0,Vanivilasa Sagar Dam,Krishna,Vedavati,Hagari Or Vedavati,12-05-2025 12:05:00,85.957,2136.7,30,25.787,23.212,23.917,0,0,0,,14.412,4.311,1.708,,
2025-05-13,124151.0,Vanivilasa Sagar Dam,Krishna,Vedavati,Hagari Or Vedavati,13-05-2025 12:05:00,57.167,1600.87,30,17.15,14.575,15.28,81,0,0,,14.419,4.311,1.708,,
2025-05-14,124152.0,Vanivilasa Sagar Dam,Krishna,Vedavati,Hagari Or Vedavati,14-05-2025 12:05:00,85.957,2136.7,30,25.787,23.212,23.917,0,0,0,,14.412,4.311,1.708,,
2025-05-15,124153.0,Vanivilasa Sagar Dam,Krishna,Vedavati,Hagari Or Vedavati,15-05-2025 12:05:00,85.817,2136.65,30,25.745,23.17,23.875,0,0,0,,14.412,4.311,1.708,,
2025-05-16,124154.0,Vanivilasa Sagar Dam,Krishna,Vedavati,Hagari Or Vedavati,16-05-2025 12:05:00,85.817,2136.65,30,25.745,23.17,23.875,0,0,0,,14.412,4.311,1.708,,
2025-05-17,124155.0,Vanivilasa Sagar Dam,Krishna,Vedavati,Hagari Or Vedavati,17-05-2025 12:05:00,85.817,2136.65,30,25.745,23.17,23.875,0,0,0,,14.412,4.311,1.708,,
2025-05-18,124156.0,Vanivilasa Sagar Dam,Krishna,Vedavati,Hagari Or Vedavati,18-05-2025 12:05:00,85.833,2136.65,30,25.75,23.175,23.88,0,0,0,,14.412,4.311,1.708,,
2025-05-19,124157.0,Vanivilasa Sagar Dam,Krishna,Vedavati,Hagari Or Vedavati,19-05-2025 12:05:00,85.667,2136.6,30,25.7,23.125,23.83,0,0,0,,14.412,4.311,1.708,,
2025-05-20,,,,,,,,2136.6,,,,,,,,,,,,,6.9
2025-05-21,124158.0,Vanivilasa Sagar Dam,Krishna,Vedavati,Hagari Or Vedavati,21-05-2025 12:05:00,85.667,2136.6,30,25.7,23.125,23.83,0,0,0,,14.412,4.311,1.708,,
2025-05-22,124159.0,Vanivilasa Sagar Dam,Krishna,Vedavati,Hagari Or Vedavati,22-05-2025 12:05:00,85.667,2136.6,30,25.7,23.125,23.83,0,0,0,,14.412,4.311,1.708,,
2025-05-23,124160.0,Vanivilasa Sagar Dam,Krishna,Vedavati,Hagari Or Vedavati,23-05-2025 12:05:00,85.667,2136.6,30,25.7,23.125,23.83,0,0,0,,14.412,4.311,1.708,,
2025-05-24,124161.0,Vanivilasa Sagar Dam,Krishna,Vedavati,Hagari Or Vedavati,24-05-2025 12:05:00,85.667,2136.6,30,25.7,23.125,23.83,0,0,0,,14.412,4.311,1.708,,
2025-05-25,124162.0,Vanivilasa Sagar Dam,Krishna,Vedavati,Hagari Or Vedavati,25-05-2025 12:05:00,85.533,2136.55,30,25.66,23.085,23.79,0,0,0,,14.412,4.311,1.708,,
2025-05-26,124163.0,Vanivilasa Sagar Dam,Krishna,Vedavati,Hagari Or Vedavati,26-05-2025 12:05:00,85.533,2136.55,30,25.66,23.085,23.79,0,0,0,,14.412,4.311,1.708,,
2025-05-27,124164.0,Vanivilasa Sagar Dam,Krishna,Vedavati,Hagari Or Vedavati,27-05-2025 12:05:00,85.533,2136.55,30,25.66,23.085,23.79,0,0,0,,14.412,4.311,1.708,,
2025-05-28,124165.0,Vanivilasa Sagar Dam,Krishna,Vedavati,Hagari Or Vedavati,28-05-2025 12:05:00,85.533,2136.55,30,25.66,23.085,23.79,0,0,0,,14.412,4.311,1.708,,
2025-05-29,124166.0,Vanivilasa Sagar Dam,Krishna,Vedavati,Hagari Or Vedavati,29-05-2025 12:05:00,85.533,2136.55,30,25.66,23.085,23.79,0,0,0,,14.412,4.311,1.708,,
2025-05-30,124167.0,Vanivilasa Sagar Dam,Krishna,Vedavati,Hagari Or Vedavati,30-05-2025 12:05:00,85.533,2136.55,30,25.66,23.085,23.79,0,0,0,,14.412,4.311,1.708,,
2025-05-31,124168.0,Vanivilasa Sagar Dam,Krishna,Vedavati,Hagari Or Vedavati,31-05-2025 12:05:00,85.397,2136.5,30,25.619,23.044,23.749,0,0,0,,14.412,4.311,1.708,,
2025-06-01,124169.0,Vanivilasa Sagar Dam,Krishna,Vedavati,Hagari Or Vedavati,01-06-2025 12:06:00,84.35,2136.55,30,25.661,23.086,23.791,0,0,0,,0,0,0,,
2025-06-02,124170.0,Vanivilasa Sagar Dam,Krishna,Vedavati,Hagari Or Vedavati,02-06-2025 12:06:00,85.537,2136.55,30,25.661,23.086,23.791,0,0,0,,0,0,0,,
2025-06-03,124171.0,Vanivilasa Sagar Dam,Krishna,Vedavati,Hagari Or Vedavati,03-06-2025 12:06:00,85.537,2136.55,30,25.661,23.086,23.791,0,0,0,,0,0,0,,
2025-06-04,124172.0,Vanivilasa Sagar Dam,Krishna,Vedavati,Hagari Or Vedavati,04-06-2025 12:06:00,84.42,2136.15,30,25.326,22.751,23.456,0,0,0,,0,0,0,,
2025-06-05,124173.0,Vanivilasa Sagar Dam,Krishna,Vedavati,Hagari Or Vedavati,05-06-2025 12:06:00,85.537,2136.55,30,25.661,23.086,23.791,0,0,0,,0,0,0,,
2025-06-06,124174.0,Vanivilasa Sagar Dam,Krishna,Vedavati,Hagari Or Vedavati,06-06-2025 12:06:00,85.537,2136.55,30,25.661,23.086,23.791,0,0,0,,0,0,0,,
2025-06-07,124175.0,Vanivilasa Sagar Dam,Krishna,Vedavati,Hagari Or Vedavati,07-06-2025 12:06:00,85.537,2136.55,30,25.661,23.086,23.791,0,0,0,,0,0,0,,
2025-06-08,124176.0,Vanivilasa Sagar Dam,Krishna,Vedavati,Hagari Or Vedavati,08-06-2025 12:06:00,84.35,2136.55,30,25.661,23.086,23.791,0,0,0,,0,0,0,,
2025-06-09,124177.0,Vanivilasa Sagar Dam,Krishna,Vedavati,Hagari Or Vedavati,09-06-2025 12:06:00,84.35,2136.55,30,25.661,23.086,23.791,0,0,0,,0,0,0,,
2025-06-10,124178.0,Vanivilasa Sagar Dam,Krishna,Vedavati,Hagari Or Vedavati,10-06-2025 12:06:00,84.28,2136.1,30,25.284,22.709,23.414,0,0,0,,0,0,0,,
2025-06-11,124179.0,Vanivilasa Sagar Dam,Krishna,Vedavati,Hagari Or Vedavati,11-06-2025 12:06:00,84.267,2136.1,30,25.28,22.705,23.41,0,0,0,,0,0,0,,
2025-06-12,124180.0,Vanivilasa Sagar Dam,Krishna,Vedavati,Hagari Or Vedavati,12-06-2025 12:06:00,84.267,2136.1,30,25.28,22.705,23.41,0,0,0,,0,0,0,,
2025-06-13,124181.0,Vanivilasa Sagar Dam,Krishna,Vedavati,Hagari Or Vedavati,13-06-2025 12:06:00,84.267,2136.1,30,25.28,22.705,23.41,0,0,0,,0,0,0,,
2025-06-14,124182.0,Vanivilasa Sagar Dam,Krishna,Vedavati,Hagari Or Vedavati,14-06-2025 12:06:00,84.267,2136.1,30,25.28,22.705,23.41,0,0,0,,0,0,0,,
2025-06-15,124183.0,Vanivilasa Sagar Dam,Krishna,Vedavati,Hagari Or Vedavati,15-06-2025 12:06:00,84.267,2136.1,30,25.28,22.705,23.41,0,0,0,,0,0,0,,
2025-06-16,124184.0,Vanivilasa Sagar Dam,Krishna,Vedavati,Hagari Or Vedavati,16-06-2025 12:06:00,84.267,2136.1,30,25.28,22.705,23.41,0,0,0,,0,0,0,,
2025-06-17,124185.0,Vanivilasa Sagar Dam,Krishna,Vedavati,Hagari Or Vedavati,17-06-2025 12:06:00,84.267,2136.1,30,25.28,22.705,23.41,0,0,0,,0,0,0,,
2025-06-18,124186.0,Vanivilasa Sagar Dam,Krishna,Vedavati,Hagari Or Vedavati,18-06-2025 12:06:00,84.267,2136.1,30,25.28,22.705,23.41,0,0,0,,0,0,0,,
2025-06-19,124187.0,Vanivilasa Sagar Dam,Krishna,Vedavati,Hagari Or Vedavati,19-06-2025 12:06:00,84.133,2136.05,30,25.24,22.665,23.37,0,0,0,,0,0,0,,
2025-06-20,,,,,,,,2136.05,,,,,,,,,,,,,0.6
2025-06-21,124188.0,Vanivilasa Sagar Dam,Krishna,Vedavati,Hagari Or Vedavati,21-06-2025 12:06:00,84.133,2136.05,30,25.24,22.665,23.37,0,0,0,,0,0,0,,
2025-06-22,124189.0,Vanivilasa Sagar Dam,Krishna,Vedavati,Hagari Or Vedavati,22-06-2025 12:06:00,82.966,2136.95,30,25.24,22.665,23.37,0,0,0,,0,0,0,,
2025-06-23,124190.0,Vanivilasa Sagar Dam,Krishna,Vedavati,Hagari Or Vedavati,23-06-2025 12:06:00,84.133,2136.05,30,25.24,22.665,23.37,0,0,0,,0.281,0.279,0,,
2025-06-24,124191.0,Vanivilasa Sagar Dam,Krishna,Vedavati,Hagari Or Vedavati,24-06-2025 12:06:00,84.133,2136.05,30,25.24,22.665,23.37,0,0,0,,0.281,0.279,0,,
2025-06-25,124192.0,Vanivilasa Sagar Dam,Krishna,Vedavati,Hagari Or Vedavati,25-06-2025 12:06:00,84,2136,30,25.2,22.625,23.33,0,0,0,,0.281,0.279,0,,
2025-06-26,124193.0,Vanivilasa Sagar Dam,Krishna,Vedavati,Hagari Or Vedavati,26-06-2025 12:06:00,84,2136,30,25.2,22.625,23.33,0,0,0,,0.281,0.279,0,,
2025-06-27,124194.0,Vanivilasa Sagar Dam,Krishna,Vedavati,Hagari Or Vedavati,27-06-2025 12:06:00,84,2316,30,25.2,22.625,23.33,0,0,0,,0.281,0.279,0,,
2025-06-28,124195.0,Vanivilasa Sagar Dam,Krishna,Vedavati,Hagari Or Vedavati,28-06-2025 12:06:00,96.52,2135.95,30,27.03,24.455,25.16,0,0,0,,35.762,33.644,3.072,,
2025-06-29,124196.0,Vanivilasa Sagar Dam,Krishna,Vedavati,Hagari Or Vedavati,29-06-2025 12:06:00,83.6,2136,30,25.08,22.505,23.21,0,0,0,,0.281,0.279,0,,
2025-06-30,124197.0,Vanivilasa Sagar Dam,Krishna,Vedavati,Hagari Or Vedavati,30-06-2025 12:06:00,88.423,2135.8,30,26.9,24.325,25.03,0,0,0,,35.762,33.644,3.072,,
2025-07-01,124198.0,Vanivilasa Sagar Dam,Krishna,Vedavati,Hagari Or Vedavati,01-07-2025 12:07:00,83.163,2135.7,30,24.949,22.374,23.079,0,0,580,,0,0,0.05,,
2025-07-02,124199.0,Vanivilasa Sagar Dam,Krishna,Vedavati,Hagari Or Vedavati,02-07-2025 12:07:00,89.317,2135.7,30,26.795,24.22,24.925,0,0,580,,0,0,0.1,,
2025-07-03,124200.0,Vanivilasa Sagar Dam,Krishna,Vedavati,Hagari Or Vedavati,03-07-2025 12:07:00,82.603,2135.5,30,24.781,22.206,22.911,0,0,580,,0,0,0.15,,
2025-07-04,124201.0,Vanivilasa Sagar Dam,Krishna,Vedavati,Hagari Or Vedavati,04-07-2025 12:07:00,82.467,2135.45,30,24.74,22.165,22.87,0,0,580,,0,0,0.2,,
2025-07-05,124202.0,Vanivilasa Sagar Dam,Krishna,Vedavati,Hagari Or Vedavati,05-07-2025 12:07:00,82.187,2135.35,30,24.656,22.081,22.786,0,0,580,,0,0,0.251,,
2025-07-06,124203.0,Vanivilasa Sagar Dam,Krishna,Vedavati,Hagari Or Vedavati,06-07-2025 12:07:00,82.047,2135.3,30,24.614,22.039,22.744,0,0,580,,0,0,0.301,,
2025-07-07,124204.0,Vanivilasa Sagar Dam,Krishna,Vedavati,Hagari Or Vedavati,07-07-2025 12:07:00,82.047,2135.3,30,24.614,22.039,22.744,0,0,580,,0,0,0.351,,
2025-07-08,124205.0,Vanivilasa Sagar Dam,Krishna,Vedavati,Hagari Or Vedavati,08-07-2025 12:07:00,81.487,2135.1,30,24.446,21.871,22.576,0,0,580,,0,0,0.401,,
2025-07-09,124206.0,Vanivilasa Sagar Dam,Krishna,Vedavati,Hagari Or Vedavati,09-07-2025 12:07:00,81.207,2135,30,24.362,21.787,22.492,0,0,580,,0,0,0.451,,
2025-07-10,124207.0,Vanivilasa Sagar Dam,Krishna,Vedavati,Hagari Or Vedavati,10-07-2025 12:07:00,81.207,2135,30,24.362,21.787,22.492,0,0,580,,0,0,0.501,,
2025-07-11,124208.0,Vanivilasa Sagar Dam,Krishna,Vedavati,Hagari Or Vedavati,11-07-2025 12:07:00,80.933,2134.9,30,24.28,21.705,22.41,0,0,580,,0,0,0.551,,
2025-07-12,124209.0,Vanivilasa Sagar Dam,Krishna,Vedavati,Hagari Or Vedavati,12-07-2025 12:07:00,80.8,2134.85,30,24.24,21.665,22.37,0,0,580,,0,0,0.601,,
2025-07-13,124210.0,Vanivilasa Sagar Dam,Krishna,Vedavati,Hagari Or Vedavati,13-07-2025 12:07:00,91.874,2137.05,30,27.95,25.375,26.08,0,145,0,,35.762,33.844,3.072,,
2025-07-14,124211.0,Vanivilasa Sagar Dam,Krishna,Vedavati,Hagari Or Vedavati,14-07-2025 12:07:00,80.233,2134.65,30,24.07,21.495,22.2,0,0,580,,0,0,0.702,,
2025-07-15,124212.0,Vanivilasa Sagar Dam,Krishna,Vedavati,Hagari Or Vedavati,15-07-2025 12:07:00,80.1,2134.6,30,24.03,21.455,22.16,0,0,580,,0,0,0.752,,
2025-07-16,124213.0,Vanivilasa Sagar Dam,Krishna,Vedavati,Hagari Or Vedavati,16-07-2025 12:07:00,79.8,2134.5,30,23.94,21.365,22.07,0,0,580,,0,0,0.802,,
2025-07-17,124214.0,Vanivilasa Sagar Dam,Krishna,Vedavati,Hagari Or Vedavati,17-07-2025 12:07:00,79.533,2134.4,30,23.86,21.285,21.99,0,0,580,,0,0,0.852,,
2025-07-18,124215.0,Vanivilasa Sagar Dam,Krishna,Vedavati,Hagari Or Vedavati,18-07-2025 12:07:00,79.253,2134.3,30,23.776,21.201,21.906,0,0,580,,0,0,0.902,,
2025-07-19,124216.0,Vanivilasa Sagar Dam,Krishna,Vedavati,Hagari Or Vedavati,19-07-2025 12:07:00,78.973,2134.2,30,23.692,21.117,21.822,0,580,0,,0,0.05,0.902,,
2025-07-20,,,,,,,,2134.1,,,,,,,,,,,,,8.8
2025-07-21,124217.0,Vanivilasa Sagar Dam,Krishna,Vedavati,Hagari Or Vedavati,21-07-2025 12:07:00,78.413,2134,30,23.524,20.949,21.654,0,0,580,,0,0,1.052,,
2025-07-22,124218.0,Vanivilasa Sagar Dam,Krishna,Vedavati,Hagari Or Vedavati,22-07-2025 12:07:00,78.137,2133.9,30,23.441,20.866,21.571,0,0,580,,0,0,1.102,,
2025-07-23,124219.0,Vanivilasa Sagar Dam,Krishna,Vedavati,Hagari Or Vedavati,23-07-2025 12:07:00,77.857,2133.8,30,23.357,20.782,21.487,0,0,580,,0,0,1.153,,
2025-07-24,124220.0,Vanivilasa Sagar Dam,Krishna,Vedavati,Hagari Or Vedavati,24-07-2025 12:07:00,77.577,2133.7,30,23.273,20.698,21.403,0,0,580,,0,0,1.203,,
2025-07-25,124221.0,Vanivilasa Sagar Dam,Krishna,Vedavati,Hagari Or Vedavati,25-07-2025 12:07:00,77.297,2133.6,30,23.189,20.614,21.319,0,0,580,,0,0,1.253,,
2025-07-26,124222.0,Vanivilasa Sagar Dam,Krishna,Vedavati,Hagari Or Vedavati,26-07-2025 12:07:00,77.02,2133.5,30,23.106,20.531,21.236,0,0,580,,0,0,1.303,,
2025-07-27,124223.0,Vanivilasa Sagar Dam,Krishna,Vedavati,Hagari Or Vedavati,27-07-2025 12:07:00,76.74,2133.4,30,23.022,20.447,21.152,0,0,580,,0,0,1.353,,
2025-07-28,124224.0,Vanivilasa Sagar Dam,Krishna,Vedavati,Hagari Or Vedavati,28-07-2025 12:07:00,76.6,2133.35,30,22.98,20.405,21.11,0,0,580,,0,0,1.403,,
2025-07-29,124225.0,Vanivilasa Sagar Dam,Krishna,Vedavati,Hagari Or Vedavati,29-07-2025 12:07:00,76.46,2133.3,30,22.938,20.363,21.068,0,0,580,,0,0,1.453,,
2025-07-30,124226.0,Vanivilasa Sagar Dam,Krishna,Vedavati,Hagari Or Vedavati,30-07-2025 12:07:00,76.32,2133.25,30,22.896,20.321,21.026,0,0,300,,0,0,1.479,,
2025-07-31,124227.0,Vanivilasa Sagar Dam,Krishna,Vedavati,Hagari Or Vedavati,31-07-2025 12:07:00,76.177,2133.2,30,22.853,20.278,20.983,0,0,300,,0,0,1.505,,
2025-08-01,124228.0,Vanivilasa Sagar Dam,Krishna,Vedavati,Hagari Or Vedavati,01-08-2025 12:08:00,76.04,2133.15,30,22.812,20.237,20.942,0,0,300,,0,0,1.531,,
2025-08-02,124229.0,Vanivilasa Sagar Dam,Krishna,Vedavati,Hagari Or Vedavati,02-08-2025 12:08:00,75.9,2133.1,30,22.77,20.195,20.9,0,0,300,,0,0,1.557,,
2025-08-03,124230.0,Vanivilasa Sagar Dam,Krishna,Vedavati,Hagari Or Vedavati,03-08-2025 12:08:00,75.9,2133.1,30,22.77,20.195,20.9,0,0,0,,0,0,1.557,,
2025-08-04,124231.0,Vanivilasa Sagar Dam,Krishna,Vedavati,Hagari Or Vedavati,04-08-2025 12:08:00,75.9,2133.1,30,22.77,20.195,20.9,0,0,0,,0,0,1.557,,
2025-08-05,,,,,,,,2133.4,,,,,,,,,,,,,24.4
2025-08-06,124232.0,Vanivilasa Sagar Dam,Krishna,Vedavati,Hagari Or Vedavati,06-08-2025 12:08:00,77.577,2133.7,30,23.273,20.698,21.403,1900,0,0,,0.27,0,1.557,,
2025-08-07,124233.0,Vanivilasa Sagar Dam,Krishna,Vedavati,Hagari Or Vedavati,07-08-2025 12:08:00,78.137,2133.9,30,23.441,20.866,21.571,1150,0,0,,0.369,0,1.557,,
2025-08-08,124234.0,Vanivilasa Sagar Dam,Krishna,Vedavati,Hagari Or Vedavati,08-08-2025 12:08:00,78.413,2134,30,23.524,20.949,21.654,525,0,0,,0.414,0,1.557,,
2025-08-09,124235.0,Vanivilasa Sagar Dam,Krishna,Vedavati,Hagari Or Vedavati,09-08-2025 12:08:00,78.7,2134.1,30,23.61,21.035,21.74,254,0,0,,0.436,0,1.557,,
2025-08-10,124236.0,Vanivilasa Sagar Dam,Krishna,Vedavati,Hagari Or Vedavati,10-08-2025 12:08:00,78.7,2134.1,30,23.61,21.035,21.74,125,0,0,,0.447,0,1.557,,
2025-08-11,124237.0,Vanivilasa Sagar Dam,Krishna,Vedavati,Hagari Or Vedavati,11-08-2025 12:08:00,79.267,2134.3,30,23.78,21.205,21.91,1250,0,0,,0.555,0,1.557,,
2025-08-12,124238.0,Vanivilasa Sagar Dam,Krishna,Vedavati,Hagari Or Vedavati,12-08-2025 12:08:00,79.533,2134.4,30,23.86,21.285,21.99,700,0,0,,0.616,0,1.557,,
2025-08-13,124239.0,Vanivilasa Sagar Dam,Krishna,Vedavati,Hagari Or Vedavati,13-08-2025 12:08:00,79.8,2134.5,30,23.94,21.365,22.07,600,0,0,,0.667,0,1.557,,
2025-08-14,124240.0,Vanivilasa Sagar Dam,Krishna,Vedavati,Hagari Or Vedavati,14-08-2025 12:08:00,80.09,2134.6,30,24.027,21.452,22.157,600,0,0,,0.719,0,1.557,,
2025-08-15,124241.0,Vanivilasa Sagar Dam,Krishna,Vedavati,Hagari Or Vedavati,15-08-2025 12:08:00,80.37,2134.7,30,24.111,21.536,22.241,600,0,0,,0.771,0,1.557,,
2025-08-16,124242.0,Vanivilasa Sagar Dam,Krishna,Vedavati,Hagari Or Vedavati,16-08-2025 12:08:00,80.65,2134.8,30,24.195,21.62,22.325,800,0,0,,0.84,0,1.557,,
2025-08-17,124243.0,Vanivilasa Sagar Dam,Krishna,Vedavati,Hagari Or Vedavati,17-08-2025 12:08:00,80.93,2134.9,30,24.279,21.704,22.409,700,0,0,,0.901,0,1.557,,
2025-08-18,124244.0,Vanivilasa Sagar Dam,Krishna,Vedavati,Hagari Or Vedavati,18-08-2025 12:08:00,81.487,2135.1,30,24.446,21.871,22.576,1200,0,0,,1.004,0,1.557,,
2025-08-19,124245.0,Vanivilasa Sagar Dam,Krishna,Vedavati,Hagari Or Vedavati,19-08-2025 12:08:00,82.047,2135.3,30,24.614,22.039,22.744,1200,0,0,,1.108,0,1.557,,
2025-08-20,,,,,,,,2135.5,,,,,,,,,,,,,1.2
2025-08-21,124246.0,Vanivilasa Sagar Dam,Krishna,Vedavati,Hagari Or Vedavati,21-08-2025 12:08:00,83.163,2135.7,30,24.949,22.374,23.079,1200,0,0,,1.315,0,1.557,,
2025-08-22,124247.0,Vanivilasa Sagar Dam,Krishna,Vedavati,Hagari Or Vedavati,22-08-2025 12:08:00,83.723,2135.9,30,25.117,22.542,23.247,1200,0,0,,1.419,0,1.557,,
2025-08-23,124248.0,Vanivilasa Sagar Dam,Krishna,Vedavati,Hagari Or Vedavati,23-08-2025 12:08:00,84.28,2136.1,30,25.284,22.709,23.414,1200,0,0,,1.523,0,1.557,,
2025-08-24,124249.0,Vanivilasa Sagar Dam,Krishna,Vedavati,Hagari Or Vedavati,24-08-2025 12:08:00,84.833,2136.3,30,25.45,22.875,23.58,1925,0,0,,1.689,0,1.557,,
2025-08-25,124250.0,Vanivilasa Sagar Dam,Krishna,Vedavati,Hagari Or Vedavati,25-08-2025 12:08:00,85.397,2136.5,30,25.619,23.044,23.749,1944,0,0,,1.857,0,1.557,,
2025-08-26,124251.0,Vanivilasa Sagar Dam,Krishna,Vedavati,Hagari Or Vedavati,26-08-2025 12:08:00,85.677,2136.6,30,25.703,23.128,23.833,972.5,0,0,,1.941,0,1.557,,
2025-08-27,124252.0,Vanivilasa Sagar Dam,Krishna,Vedavati,Hagari Or Vedavati,27-08-2025 12:08:00,85.957,2136.7,30,25.787,23.212,23.917,972,0,0,,2.025,0,1.557,,
2025-08-28,124253.0,Vanivilasa Sagar Dam,Krishna,Vedavati,Hagari Or Vedavati,28-08-2025 12:08:00,86.237,2136.8,30,25.871,23.296,24.001,972,0,0,,2.109,0,1.557,,
2025-08-29,124254.0,Vanivilasa Sagar Dam,Krishna,Vedavati,Hagari Or Vedavati,29-08-2025 12:08:00,86.377,2136.85,30,25.913,23.338,24.043,486,0,0,,2.151,0,1.557,,
2025-08-30,124255.0,Vanivilasa Sagar Dam,Krishna,Vedavati,Hagari Or Vedavati,30-08-2025 12:08:00,86.377,2136.85,30,25.913,23.338,24.043,724,0,0,,2.214,0,1.557,,
2025-08-31,124256.0,Vanivilasa Sagar Dam,Krishna,Vedavati,Hagari Or Vedavati,31-08-2025 12:08:00,86.513,2136.9,30,25.954,23.379,24.084,724,0,0,,2.276,0,1.557,,
2025-09-01,124257.0,Vanivilasa Sagar Dam,Krishna,Vedavati,Hagari Or Vedavati,01-09-2025 12:09:00,86.667,2136.95,30,26,23.425,24.13,724,0,0,,2.339,0,1.557,,
2025-09-02,124258.0,Vanivilasa Sagar Dam,Krishna,Vedavati,Hagari Or Vedavati,02-09-2025 12:09:00,86.8,2137,30,26.04,23.465,24.17,710,0,0,,2.4,0,1.557,,
2025-09-03,124259.0,Vanivilasa Sagar Dam,Krishna,Vedavati,Hagari Or Vedavati,03-09-2025 12:09:00,86.8,2137,30,26.04,23.465,24.17,710,0,0,,2.461,0,1.557,,
2025-09-04,124260.0,Vanivilasa Sagar Dam,Krishna,Vedavati,Hagari Or Vedavati,04-09-2025 12:09:00,86.933,2137.05,30,26.08,23.505,24.21,710,0,0,,2.523,0,1.557,,
2025-09-05,124261.0,Vanivilasa Sagar Dam,Krishna,Vedavati,Hagari Or Vedavati,05-09-2025 12:09:00,87.067,2137.1,30,26.12,23.545,24.25,710,0,0,,2.584,0,1.557,,
2025-09-06,124262.0,Vanivilasa Sagar Dam,Krishna,Vedavati,Hagari Or Vedavati,06-09-2025 12:09:00,87.2,2137.15,30,26.16,23.585,24.29,710,0,0,,2.645,0,1.557,,
2025-09-07,124263.0,Vanivilasa Sagar Dam,Krishna,Vedavati,Hagari Or Vedavati,07-09-2025 12:09:00,87.367,2137.2,30,26.21,23.635,24.34,625,0,0,,2.699,0,1.557,,
2025-09-08,124264.0,Vanivilasa Sagar Dam,Krishna,Vedavati,Hagari Or Vedavati,08-09-2025 12:09:00,87.633,2137.3,30,26.29,23.715,24.42,625,0,0,,2.753,0,1.557,,
2025-09-09,124265.0,Vanivilasa Sagar Dam,Krishna,Vedavati,Hagari Or Vedavati,09-09-2025 12:09:00,87.767,2137.35,30,26.33,23.755,24.46,625,0,0,,2.807,0,1.557,,
2025-09-10,124266.0,Vanivilasa Sagar Dam,Krishna,Vedavati,Hagari Or Vedavati,10-09-2025 12:09:00,87.91,2137.4,30,26.373,23.798,24.503,550,0,0,,2.855,0,1.557,,
2025-09-11,124267.0,Vanivilasa Sagar Dam,Krishna,Vedavati,Hagari Or Vedavati,11-09-2025 12:09:00,88.05,2137.45,30,26.415,23.84,24.545,525,0,0,,2.9,0,1.557,,
2025-09-12,124268.0,Vanivilasa Sagar Dam,Krishna,Vedavati,Hagari Or Vedavati,12-09-2025 12:09:00,88.19,2137.5,30,26.457,23.882,24.587,485,0,0,,2.942,0,1.557,,
2025-09-13,124269.0,Vanivilasa Sagar Dam,Krishna,Vedavati,Hagari Or Vedavati,13-09-2025 12:09:00,88.47,2137.6,30,26.541,23.966,24.671,725,0,0,,3.005,0,1.557,,
2025-09-14,124270.0,Vanivilasa Sagar Dam,Krishna,Vedavati,Hagari Or Vedavati,14-09-2025 12:09:00,88.75,2137.7,30,26.625,24.05,24.755,720,0,0,,3.067,0,1.557,,
2025-09-15,124271.0,Vanivilasa Sagar Dam,Krishna,Vedavati,Hagari Or Vedavati,15-09-2025 12:09:00,88.89,2137.75,30,26.667,24.092,24.797,720,0,0,,3.129,0,1.557,,
2025-09-16,124272.0,Vanivilasa Sagar Dam,Krishna,Vedavati,Hagari Or Vedavati,16-09-2025 12:09:00,89.03,2137.8,30,26.709,24.134,24.839,750,0,0,,3.194,0,1.557,,
2025-09-17,124273.0,Vanivilasa Sagar Dam,Krishna,Vedavati,Hagari Or Vedavati,17-09-2025 12:09:00,89.03,2137.8,30,26.709,24.134,24.839,750,0,0,,3.259,0,1.557,,
2025-09-18,124274.0,Vanivilasa Sagar Dam,Krishna,Vedavati,Hagari Or Vedavati,18-09-2025 12:09:00,89.17,2137.85,30,26.751,24.176,24.881,750,0,0,,3.324,0,1.557,,
2025-09-19,124275.0,Vanivilasa Sagar Dam,Krishna,Vedavati,Hagari Or Vedavati,19-09-2025 12:09:00,89.03,2137.9,30,26.709,24.134,24.839,750,0,0,,3.388,0,1.557,,
2025-09-20,,,,,,,,2137.95,,,,,,,,,,,,,0.5
2025-09-21,124276.0,Vanivilasa Sagar Dam,Krishna,Vedavati,Hagari Or Vedavati,21-09-2025 12:09:00,89.587,2138,30,26.876,24.301,25.006,750,0,0,,3.518,0,1.557,,
2025-09-22,124277.0,Vanivilasa Sagar Dam,Krishna,Vedavati,Hagari Or Vedavati,22-09-2025 12:09:00,89.727,2138.05,30,26.918,24.343,25.048,750,0,0,,3.583,0,1.557,,
2025-09-23,124278.0,Vanivilasa Sagar Dam,Krishna,Vedavati,Hagari Or Vedavati,23-09-2025 12:09:00,89.867,2138.1,30,26.96,24.385,25.09,750,0,0,,3.648,0,1.557,,
2025-09-24,124279.0,Vanivilasa Sagar Dam,Krishna,Vedavati,Hagari Or Vedavati,24-09-2025 12:09:00,90.007,2138.15,30,27.002,24.427,25.132,750,0,0,,3.712,0,1.557,,
2025-09-25,124280.0,Vanivilasa Sagar Dam,Krishna,Vedavati,Hagari Or Vedavati,25-09-2025 12:09:00,90.147,2138.2,30,27.044,24.469,25.174,750,0,0,,3.777,0,1.557,,
2025-09-26,124281.0,Vanivilasa Sagar Dam,Krishna,Vedavati,Hagari Or Vedavati,26-09-2025 12:09:00,90.287,2138.25,30,27.086,24.511,25.216,750,0,0,,3.842,0,1.557,,
2025-09-27,124282.0,Vanivilasa Sagar Dam,Krishna,Vedavati,Hagari Or Vedavati,27-09-2025 12:09:00,90.427,2138.3,30,27.128,24.553,25.258,750,0,0,,3.907,0,1.557,,
2025-09-28,124283.0,Vanivilasa Sagar Dam,Krishna,Vedavati,Hagari Or Vedavati,28-09-2025 12:09:00,90.563,2138.35,30,27.169,24.594,25.299,750,0,0,,3.972,0,1.557,,
2025-09-29,124284.0,Vanivilasa Sagar Dam,Krishna,Vedavati,Hagari Or Vedavati,29-09-2025 12:09:00,90.703,2138.4,30,27.211,24.636,25.341,750,0,0,,4.036,0,1.557,,
2025-09-30,124285.0,Vanivilasa Sagar Dam,Krishna,Vedavati,Hagari Or Vedavati,30-09-2025 12:09:00,90.843,2138.45,30,27.253,24.678,25.383,750,0,0,,4.101,0,1.557,,
2025-10-01,124286.0,Vanivilasa Sagar Dam,Krishna,Vedavati,Hagari Or Vedavati,01-10-2025 12:10:00,90.983,2138.5,30,27.295,24.72,25.425,750,0,0,,4.166,0,1.557,,
2025-10-02,124287.0,Vanivilasa Sagar Dam,Krishna,Vedavati,Hagari Or Vedavati,02-10-2025 12:10:00,91.123,2138.55,30,27.337,24.762,25.467,750,0,0,,4.231,0,1.557,,
2025-10-03,124288.0,Vanivilasa Sagar Dam,Krishna,Vedavati,Hagari Or Vedavati,03-10-2025 12:10:00,91.267,2138.6,30,27.38,24.805,25.51,750,0,0,,4.296,0,1.557,,
2025-10-04,124289.0,Vanivilasa Sagar Dam,Krishna,Vedavati,Hagari Or Vedavati,04-10-2025 12:10:00,91.4,2138.65,30,27.42,24.845,25.55,750,0,0,,4.36,0,1.557,,
2025-10-05,124290.0,Vanivilasa Sagar Dam,Krishna,Vedavati,Hagari Or Vedavati,05-10-2025 12:10:00,91.533,2138.7,30,27.46,24.885,25.59,750,0,0,,4.425,0,1.557,,
2025-10-06,124291.0,Vanivilasa Sagar Dam,Krishna,Vedavati,Hagari Or Vedavati,06-10-2025 12:10:00,91.7,2138.75,30,27.51,24.935,25.64,750,0,0,,4.49,0,1.557,,
2025-10-07,124292.0,Vanivilasa Sagar Dam,Krishna,Vedavati,Hagari Or Vedavati,07-10-2025 12:10:00,91.833,2138.8,30,27.55,24.975,25.68,750,0,0,,4.555,0,1.557,,
2025-10-08,124293.0,Vanivilasa Sagar Dam,Krishna,Vedavati,Hagari Or Vedavati,08-10-2025 12:10:00,91.967,2138.85,30,27.59,25.015,25.72,750,0,0,,4.62,0,1.557,,
2025-10-09,124294.0,Vanivilasa Sagar Dam,Krishna,Vedavati,Hagari Or Vedavati,09-10-2025 12:10:00,92.233,2138.95,30,27.67,25.095,25.8,1025,0,0,,4.708,0,1.557,,
2025-10-10,124295.0,Vanivilasa Sagar Dam,Krishna,Vedavati,Hagari Or Vedavati,10-10-2025 12:10:00,92.667,2139.1,30,27.8,25.225,25.93,1025,0,0,,4.797,0,1.557,,
2025-10-11,,,,,,,,2139.192857142857,,,,,,,,,,,,,1.4
2025-10-12,,,,,,,,2139.285714285714,,,,,,,,,,,,,0.0
2025-10-13,,,,,,,,2139.3785714285714,,,,,,,,,,,,,0.0
2025-10-14,,,,,,,,2139.4714285714285,,,,,,,,,,,,,3.8
2025-10-15,,,,,,,,2139.5642857142857,,,,,,,,,,,,,1.1
2025-10-16,,,,,,,,2139.657142857143,,,,,,,,,,,,,6.3
2025-10-17,124296.0,Vanivilasa Sagar Dam,Krishna,Vedavati,Hagari Or Vedavati,17-10-2025 12:10:00,94.467,2139.75,30,28.34,25.765,26.47,575,0,0,,5.384,0,1.557,,
2025-10-18,124297.0,Vanivilasa Sagar Dam,Krishna,Vedavati,Hagari Or Vedavati,18-10-2025 12:10:00,100.833,2139.75,30,30.25,27.675,28.38,486,0,0,,5.426,0,1.557,,
2025-10-19,124298.0,Vanivilasa Sagar Dam,Krishna,Vedavati,Hagari Or Vedavati,19-10-2025 12:10:00,99.993,2140,30,30.42,27.845,28.55,1945,0,0,,5.594,0,1.557,,
2025-10-20,,,,,,,,2140.675,,,,,,,,,,,,,5.6
2025-10-21,124299.0,Vanivilasa Sagar Dam,Krishna,Vedavati,Hagari Or Vedavati,21-10-2025 12:10:00,103.741,2141.35,30,31.56,28.985,29.69,4338,0,2585,,7.257,0.079,1.78,,
2025-10-22,124300.0,Vanivilasa Sagar Dam,Krishna,Vedavati,Hagari Or Vedavati,22-10-2025 12:10:00,102.097,2141.95,30,31.06,28.485,29.19,5823,3734,250,,7.76,0.402,1.802,,
2025-10-23,124301.0,Vanivilasa Sagar Dam,Krishna,Vedavati,Hagari Or Vedavati,23-10-2025 12:10:00,106.896,2142.5,30,32.52,29.945,30.65,6702,6668,250,,8.339,0.978,1.823,,
2025-10-24,124302.0,Vanivilasa Sagar Dam,Krishna,Vedavati,Hagari Or Vedavati,24-10-2025 12:10:00,99.993,2143.25,30,30.42,27.845,28.55,7279,7800,700,,8.968,1.652,1.884,,
2025-10-25,124303.0,Vanivilasa Sagar Dam,Krishna,Vedavati,Hagari Or Vedavati,25-10-2025 12:10:00,99.993,2140,30,30.42,27.845,28.55,2456,9214,600,,9.18,2.448,1.936,,
2025-10-26,124304.0,Vanivilasa Sagar Dam,Krishna,Vedavati,Hagari Or Vedavati,26-10-2025 12:10:00,99.993,2140,30,30.42,27.845,28.55,1200,9815,600,,9.284,3.296,1.988,,
2025-10-27,124305.0,Vanivilasa Sagar Dam,Krishna,Vedavati,Hagari Or Vedavati,27-10-2025 12:10:00,99.993,2140,30,30.42,27.845,28.55,2001,7312.4,600,,9.457,3.928,2.039,,
2025-10-28,124306.0,Vanivilasa Sagar Dam,Krishna,Vedavati,Hagari Or Vedavati,28-10-2025 12:10:00,99.993,2140,30,30.42,27.845,28.55,1846,6417,600,,9.616,4.482,2.091,,
2025-10-29,124307.0,Vanivilasa Sagar Dam,Krishna,Vedavati,Hagari Or Vedavati,29-10-2025 12:10:00,99.993,2140,30,30.42,27.845,28.55,1810.5,5443,400,,9.773,4.952,2.126,,
2025-10-30,124308.0,Vanivilasa Sagar Dam,Krishna,Vedavati,Hagari Or Vedavati,30-10-2025 12:10:00,99.993,2140,30,30.42,27.845,28.55,1669,5563,400,,9.917,5.433,2.16,,
2025-10-31,124309.0,Vanivilasa Sagar Dam,Krishna,Vedavati,Hagari Or Vedavati,31-10-2025 12:10:00,99.993,2140,30,30.42,27.845,28.55,1015,4750,0,,10.005,5.843,2.16,,
2025-11-01,124310.0,Vanivilasa Sagar Dam,Krishna,Vedavati,Hagari Or Vedavati,01-11-2025 12:11:00,108.967,2142.7,30,32.69,30.115,30.82,873,4488,0,,10.08,6.231,2.16,,
2025-11-02,124311.0,Vanivilasa Sagar Dam,Krishna,Vedavati,Hagari Or Vedavati,02-11-2025 12:11:00,108.7,2142.6,30,32.61,30.035,30.74,650,4488,0,,10.136,6.619,2.16,,
2025-11-03,124312.0,Vanivilasa Sagar Dam,Krishna,Vedavati,Hagari Or Vedavati,03-11-2025 12:11:00,106.896,2142.5,30,32.52,29.945,30.65,463,4232,0,,10.176,6.984,2.16,,
2025-11-04,124313.0,Vanivilasa Sagar Dam,Krishna,Vedavati,Hagari Or Vedavati,04-11-2025 12:11:00,106.633,2142.4,30,32.44,29.865,30.57,343,3980,0,,10.206,7.328,2.16,,
2025-11-05,124314.0,Vanivilasa Sagar Dam,Krishna,Vedavati,Hagari Or Vedavati,05-11-2025 12:11:00,106.338,2142.3,30,32.35,29.775,30.48,250,3734,0,,10.227,7.651,2.16,,
2025-11-06,124315.0,Vanivilasa Sagar Dam,Krishna,Vedavati,Hagari Or Vedavati,06-11-2025 12:11:00,106.351,2142.3,30,32.354,29.779,30.484,250,3734,0,,10.249,7.974,2.16,,
2025-11-07,124316.0,Vanivilasa Sagar Dam,Krishna,Vedavati,Hagari Or Vedavati,07-11-2025 12:11:00,105.798,2142.1,30,32.186,29.611,30.316,0,2958,300,,10.249,8.229,2.186,,
2025-11-08,124317.0,Vanivilasa Sagar Dam,Krishna,Vedavati,Hagari Or Vedavati,08-11-2025 12:11:00,105.798,2142.1,30,32.186,29.611,30.316,0,2958,300,,10.249,8.485,2.212,,
2025-11-09,124318.0,Vanivilasa Sagar Dam,Krishna,Vedavati,Hagari Or Vedavati,09-11-2025 12:11:00,105.522,2142,30,32.102,29.527,30.232,0,2958,300,,10.249,8.74,2.238,,
2025-11-10,124319.0,Vanivilasa Sagar Dam,Krishna,Vedavati,Hagari Or Vedavati,10-11-2025 12:11:00,105.246,2141.9,30,32.018,29.443,30.148,0,2727.97,300,,10.249,8.976,2.264,,
2025-11-11,124320.0,Vanivilasa Sagar Dam,Krishna,Vedavati,Hagari Or Vedavati,11-11-2025 12:11:00,106.587,2141.85,30,31.976,29.401,30.106,0,2727.97,300,,10.249,9.212,2.29,,
2025-11-12,124321.0,Vanivilasa Sagar Dam,Krishna,Vedavati,Hagari Or Vedavati,12-11-2025 12:11:00,106.447,2141.8,30,31.934,29.359,30.064,0,2285,300,,10.249,9.409,2.316,,
2025-11-13,124322.0,Vanivilasa Sagar Dam,Krishna,Vedavati,Hagari Or Vedavati,13-11-2025 12:11:00,106.307,2141.75,30,31.892,29.317,30.022,0,1666.72,300,,10.249,9.553,2.342,,
2025-11-14,124323.0,Vanivilasa Sagar Dam,Krishna,Vedavati,Hagari Or Vedavati,14-11-2025 12:11:00,105.693,2141.65,30,31.708,29.133,29.838,0,1666.72,300,,10.249,9.697,2.368,,
2025-11-15,124324.0,Vanivilasa Sagar Dam,Krishna,Vedavati,Hagari Or Vedavati,15-11-2025 12:11:00,105.887,2141.6,30,31.766,29.191,29.896,0,1287,300,,10.249,9.808,2.394,,
2025-11-16,124325.0,Vanivilasa Sagar Dam,Krishna,Vedavati,Hagari Or Vedavati,16-11-2025 12:11:00,104.142,2141.5,30,31.682,29.107,29.812,0,1107,300,,10.249,9.904,2.42,,
2025-11-17,124326.0,Vanivilasa Sagar Dam,Krishna,Vedavati,Hagari Or Vedavati,17-11-2025 12:11:00,104.004,2141.45,30,31.64,29.065,29.77,0,714,200,,10.249,9.966,2.437,,
2025-11-18,124327.0,Vanivilasa Sagar Dam,Krishna,Vedavati,Hagari Or Vedavati,18-11-2025 12:11:00,103.866,2141.4,30,31.598,29.023,29.728,0,566,200,,10.249,10.015,2.454,,
2025-11-19,124328.0,Vanivilasa Sagar Dam,Krishna,Vedavati,Hagari Or Vedavati,19-11-2025 12:11:00,103.728,2141.35,30,31.556,28.981,29.686,0,297,200,,10.249,10.04,2.471,,
2025-11-20,,,,,,,,2141.3,,,,,,,,,,,,,0.0
2025-11-21,124329.0,Vanivilasa Sagar Dam,Krishna,Vedavati,Hagari Or Vedavati,21-11-2025 12:11:00,103.59,2141.25,30,31.514,28.939,29.644,0,215,200,,10.249,10.084,2.506,,
2025-11-22,124330.0,Vanivilasa Sagar Dam,Krishna,Vedavati,Hagari Or Vedavati,22-11-2025 12:11:00,103.313,2141.2,30,31.43,28.855,29.56,0,171,100,,10.249,10.099,2.515,,
2025-11-23,124331.0,Vanivilasa Sagar Dam,Krishna,Vedavati,Hagari Or Vedavati,23-11-2025 12:11:00,103.313,2141.2,30,31.43,28.855,29.56,0,171,100,,10.249,10.114,2.523,,
2025-11-24,124332.0,Vanivilasa Sagar Dam,Krishna,Vedavati,Hagari Or Vedavati,24-11-2025 12:11:00,103.175,2141.15,30,31.388,28.813,29.518,0,171,100,,10.249,10.129,2.532,,
2025-11-25,124333.0,Vanivilasa Sagar Dam,Krishna,Vedavati,Hagari Or Vedavati,25-11-2025 12:11:00,103.037,2141.1,30,31.346,28.771,29.476,0,76,100,,10.249,10.135,2.541,,
2025-11-26,124334.0,Vanivilasa Sagar Dam,Krishna,Vedavati,Hagari Or Vedavati,26-11-2025 12:11:00,102.886,2141.05,30,31.3,28.725,29.43,0,0,96,,10.249,10.135,2.549,,
2025-11-27,124335.0,Vanivilasa Sagar Dam,Krishna,Vedavati,Hagari Or Vedavati,27-11-2025 12:11:00,102.755,2141,30,31.26,28.685,29.39,0,0,96,,10.249,10.135,2.557,,
2025-11-28,124336.0,Vanivilasa Sagar Dam,Krishna,Vedavati,Hagari Or Vedavati,28-11-2025 12:11:00,102.623,2140.95,30,31.22,28.645,29.35,0,0,96,,10.249,10.135,2.565,,
2025-11-29,124337.0,Vanivilasa Sagar Dam,Krishna,Vedavati,Hagari Or Vedavati,29-11-2025 12:11:00,102.492,2140.9,30,31.18,28.605,29.31,0,0,96,,10.249,10.135,2.574,,
2025-11-30,124338.0,Vanivilasa Sagar Dam,Krishna,Vedavati,Hagari Or Vedavati,30-11-2025 12:11:00,102.492,2140.9,30,31.18,28.605,29.31,0,0,96,,10.249,10.135,2.582,,
2025-12-01,124339.0,Vanivilasa Sagar Dam,Krishna,Vedavati,Hagari Or Vedavati,01-12-2025 12:12:00,102.347,2140.85,30,31.136,28.561,29.266,0,0,96,,10.249,10.135,2.59,,
2025-12-02,124340.0,Vanivilasa Sagar Dam,Krishna,Vedavati,Hagari Or Vedavati,02-12-2025 12:12:00,102.209,2140.8,30,31.094,28.519,29.224,0,0,34,,10.249,10.135,2.593,,
2025-12-03,124341.0,Vanivilasa Sagar Dam,Krishna,Vedavati,Hagari Or Vedavati,03-12-2025 12:12:00,102.071,2140.75,30,31.052,28.477,29.182,0,0,34,,10.249,10.135,2.596,,
2025-12-04,124342.0,Vanivilasa Sagar Dam,Krishna,Vedavati,Hagari Or Vedavati,04-12-2025 12:12:00,102.071,2140.75,30,31.052,28.477,29.182,0,0,34,,10.249,10.135,2.599,,
2025-12-05,124343.0,Vanivilasa Sagar Dam,Krishna,Vedavati,Hagari Or Vedavati,05-12-2025 12:12:00,102.071,2140.75,30,31.052,28.477,29.182,0,0,34,,10.249,10.135,2.602,,
2025-12-06,124344.0,Vanivilasa Sagar Dam,Krishna,Vedavati,Hagari Or Vedavati,06-12-2025 12:12:00,102.071,2140.75,30,31.052,28.477,29.182,0,0,34,,10.249,10.135,2.605,,
2025-12-07,124345.0,Vanivilasa Sagar Dam,Krishna,Vedavati,Hagari Or Vedavati,07-12-2025 12:12:00,102.071,2140.75,30,31.052,28.477,29.182,0,0,34,,10.249,10.135,2.608,,
2025-12-08,124346.0,Vanivilasa Sagar Dam,Krishna,Vedavati,Hagari Or Vedavati,08-12-2025 12:12:00,101.933,2140.75,30,31.01,28.435,29.14,0,0,34,,10.249,10.135,2.611,,
2025-12-09,124347.0,Vanivilasa Sagar Dam,Krishna,Vedavati,Hagari Or Vedavati,09-12-2025 12:12:00,101.933,2140.75,30,31.01,28.435,29.14,0,0,34,,10.249,10.135,2.614,,
2025-12-10,124348.0,Vanivilasa Sagar Dam,Krishna,Vedavati,Hagari Or Vedavati,10-12-2025 12:12:00,101.657,2140.6,30,30.926,28.351,29.056,0,0,34,,10.249,10.135,2.617,,
2025-12-11,124349.0,Vanivilasa Sagar Dam,Krishna,Vedavati,Hagari Or Vedavati,11-12-2025 12:12:00,101.519,2140.55,30,30.884,28.309,29.014,0,0,34,,10.249,10.135,2.62,,
2025-12-12,124350.0,Vanivilasa Sagar Dam,Krishna,Vedavati,Hagari Or Vedavati,12-12-2025 12:12:00,101.381,2140.5,30,30.842,28.267,28.972,0,0,34,,10.249,10.135,2.623,,
2025-12-13,124351.0,Vanivilasa Sagar Dam,Krishna,Vedavati,Hagari Or Vedavati,13-12-2025 12:12:00,101.243,2140.45,30,30.8,28.225,28.93,0,0,34,,10.249,10.135,2.626,,
2025-12-14,124352.0,Vanivilasa Sagar Dam,Krishna,Vedavati,Hagari Or Vedavati,14-12-2025 12:12:00,101.243,2140.45,30,30.8,28.225,28.93,0,0,34,,10.249,10.135,2.629,,
2025-12-15,124353.0,Vanivilasa Sagar Dam,Krishna,Vedavati,Hagari Or Vedavati,15-12-2025 12:12:00,101.104,2140.4,30,30.758,28.183,28.888,0,0,34,,10.249,10.135,2.631,,
2025-12-16,124354.0,Vanivilasa Sagar Dam,Krishna,Vedavati,Hagari Or Vedavati,16-12-2025 12:12:00,101.104,2140.4,30,30.758,28.183,28.888,0,0,34,,10.249,10.135,2.634,,
2025-12-17,124355.0,Vanivilasa Sagar Dam,Krishna,Vedavati,Hagari Or Vedavati,17-12-2025 12:12:00,100.966,2140.35,30,30.716,28.141,28.846,0,0,34,,10.249,10.135,2.637,,
2025-12-18,124356.0,Vanivilasa Sagar Dam,Krishna,Vedavati,Hagari Or Vedavati,18-12-2025 12:12:00,100.966,2140.35,30,30.716,28.141,28.846,0,0,34,,10.249,10.135,2.64,,
2025-12-19,124357.0,Vanivilasa Sagar Dam,Krishna,Vedavati,Hagari Or Vedavati,19-12-2025 12:12:00,100.966,2140.35,30,30.716,28.141,28.846,0,34,0,,10.249,10.138,2.64,,
2025-12-20,,,,,,,,2140.325,,,,,,,,,,,,,0.0
2025-12-21,124358.0,Vanivilasa Sagar Dam,Krishna,Vedavati,Hagari Or Vedavati,21-12-2025 12:12:00,100.815,2140.3,30,30.67,28.095,28.8,0,0,34,,10.249,10.141,2.643,,
2025-12-22,124359.0,Vanivilasa Sagar Dam,Krishna,Vedavati,Hagari Or Vedavati,22-12-2025 12:12:00,100.815,2140.3,30,30.67,28.095,28.8,0,0,34,,10.249,10.141,2.646,,
2025-12-23,124360.0,Vanivilasa Sagar Dam,Krishna,Vedavati,Hagari Or Vedavati,23-12-2025 12:12:00,100.815,2140.25,30,30.67,28.095,28.8,0,0,34,,10.249,10.141,2.649,,
2025-12-24,124361.0,Vanivilasa Sagar Dam,Krishna,Vedavati,Hagari Or Vedavati,24-12-2025 12:12:00,100.552,2140.2,30,30.59,28.015,28.72,0,0,34,,10.249,10.141,2.652,,
2025-12-25,124362.0,Vanivilasa Sagar Dam,Krishna,Vedavati,Hagari Or Vedavati,25-12-2025 12:12:00,100.421,2140.15,30,30.55,27.975,28.68,0,0,0,,10.249,10.141,2.652,,
2025-12-26,124363.0,Vanivilasa Sagar Dam,Krishna,Vedavati,Hagari Or Vedavati,26-12-2025 12:12:00,100.421,2140.05,30,30.55,27.975,28.68,0,0,0,,10.249,10.141,2.652,,
2025-12-27,124364.0,Vanivilasa Sagar Dam,Krishna,Vedavati,Hagari Or Vedavati,27-12-2025 12:12:00,100.421,2140.15,30,30.55,27.975,28.68,693,0,0,,10.309,10.141,2.652,,
2025-12-28,124365.0,Vanivilasa Sagar Dam,Krishna,Vedavati,Hagari Or Vedavati,28-12-2025 12:12:00,100.421,2140.15,30,30.55,27.975,28.68,0,0,0,,10.249,10.141,2.652,,
2025-12-29,124366.0,Vanivilasa Sagar Dam,Krishna,Vedavati,Hagari Or Vedavati,29-12-2025 12:12:00,100.289,2140.1,30,30.51,27.935,28.64,0,0,0,,10.249,10.141,2.652,,
2025-12-30,124367.0,Vanivilasa Sagar Dam,Krishna,Vedavati,Hagari Or Vedavati,30-12-2025 12:12:00,100.283,2140.1,30,30.508,27.933,28.638,0,0,0,,10.249,10.141,2.652,,
2025-12-31,124368.0,Vanivilasa Sagar Dam,Krishna,Vedavati,Hagari Or Vedavati,31-12-2025 12:12:00,100.289,2140.1,30,30.51,27.935,28.64,0,0,0,,10.249,10.141,2.652,,
2026-01-01,124369.0,Vanivilasa Sagar Dam,Krishna,Vedavati,Hagari Or Vedavati,01-01-2026 12:01:00,100.125,2140.05,30,30.46,27.885,28.59,0,0,0,,10.249,10.141,2.652,,
2026-01-02,124370.0,Vanivilasa Sagar Dam,Krishna,Vedavati,Hagari Or Vedavati,02-01-2026 12:01:00,100.125,2140.05,30,30.46,27.885,28.59,0,0,0,,10.249,10.141,2.652,,
2026-01-03,124371.0,Vanivilasa Sagar Dam,Krishna,Vedavati,Hagari Or Vedavati,03-01-2026 12:01:00,100.059,2140,30,30.44,27.865,28.57,0,0,0,,10.249,10.141,2.652,,
2026-01-04,124372.0,Vanivilasa Sagar Dam,Krishna,Vedavati,Hagari Or Vedavati,04-01-2026 12:01:00,100.059,2140,30,30.44,27.865,28.57,0,0,0,,10.249,10.141,2.652,,
2026-01-05,124373.0,Vanivilasa Sagar Dam,Krishna,Vedavati,Hagari Or Vedavati,05-01-2026 12:01:00,100.059,2140,30,30.44,27.865,28.57,0,0,0,,10.249,10.141,2.652,,
2026-01-06,124374.0,Vanivilasa Sagar Dam,Krishna,Vedavati,Hagari Or Vedavati,06-01-2026 12:01:00,100.059,2140,30,30.44,27.865,28.57,0,0,0,,10.249,10.141,2.652,,
2026-01-07,124375.0,Vanivilasa Sagar Dam,Krishna,Vedavati,Hagari Or Vedavati,07-01-2026 12:01:00,100.059,2140,30,30.44,27.865,28.57,0,0,0,,10.249,10.141,2.652,,
2026-01-08,124376.0,Vanivilasa Sagar Dam,Krishna,Vedavati,Hagari Or Vedavati,08-01-2026 12:01:00,100.059,2140,30,30.44,27.865,28.57,0,0,0,,10.249,10.141,2.652,,
2026-01-09,124377.0,Vanivilasa Sagar Dam,Krishna,Vedavati,Hagari Or Vedavati,09-01-2026 12:01:00,99.862,2139.95,30,30.38,27.805,28.51,0,0,0,,10.249,10.141,2.652,,
2026-01-10,124378.0,Vanivilasa Sagar Dam,Krishna,Vedavati,Hagari Or Vedavati,10-01-2026 12:01:00,99.73,2139.9,30,30.34,27.765,28.47,0,0,0,,10.249,10.141,2.652,,
2026-01-11,124379.0,Vanivilasa Sagar Dam,Krishna,Vedavati,Hagari Or Vedavati,11-01-2026 12:01:00,99.599,2139.95,30,30.3,27.725,28.43,0,0,0,,10.249,10.141,2.652,,
2026-01-12,124380.0,Vanivilasa Sagar Dam,Krishna,Vedavati,Hagari Or Vedavati,12-01-2026 12:01:00,99.599,2139.85,30,30.3,27.725,28.43,0,0,0,,10.249,10.141,2.652,,
2026-01-13,124381.0,Vanivilasa Sagar Dam,Krishna,Vedavati,Hagari Or Vedavati,13-01-2026 12:01:00,99.448,2139.8,30,30.254,27.679,28.384,0,0,0,,10.249,10.141,2.652,,
2026-01-14,124382.0,Vanivilasa Sagar Dam,Krishna,Vedavati,Hagari Or Vedavati,14-01-2026 12:01:00,99.448,2139.8,30,30.254,27.679,28.384,0,0,0,,10.249,10.141,2.652,,
2026-01-15,124383.0,Vanivilasa Sagar Dam,Krishna,Vedavati,Hagari Or Vedavati,15-01-2026 12:01:00,99.448,2139.8,30,30.254,27.679,28.384,0,0,0,,10.249,10.141,2.652,,
2026-01-16,124384.0,Vanivilasa Sagar Dam,Krishna,Vedavati,Hagari Or Vedavati,16-01-2026 12:01:00,99.448,2139.8,30,30.254,27.679,28.384,0,0,0,,10.249,10.141,2.652,,
2026-01-17,124385.0,Vanivilasa Sagar Dam,Krishna,Vedavati,Hagari Or Vedavati,17-01-2026 12:01:00,99.448,2139.8,30,30.254,27.679,28.384,0,0,0,,10.249,10.141,2.652,,
2026-01-18,124386.0,Vanivilasa Sagar Dam,Krishna,Vedavati,Hagari Or Vedavati,18-01-2026 12:01:00,99.303,2139.75,30,30.21,27.635,28.34,0,0,0,,10.249,10.141,2.652,,
2026-01-19,124387.0,Vanivilasa Sagar Dam,Krishna,Vedavati,Hagari Or Vedavati,19-01-2026 12:01:00,99.303,2139.15,30,30.21,27.635,28.34,0,0,0,,10.249,10.141,2.652,,
2026-01-21,124388.0,Vanivilasa Sagar Dam,Krishna,Vedavati,Hagari Or Vedavati,21-01-2026 12:01:00,99.172,2139.7,30,30.17,27.595,28.3,0,0,0,,10.249,10.141,2.652,,
2026-01-22,124389.0,Vanivilasa Sagar Dam,Krishna,Vedavati,Hagari Or Vedavati,22-01-2026 12:01:00,99.172,2139.7,30,30.17,27.595,28.3,0,0,0,,10.249,10.141,2.652,,
2026-01-23,124390.0,Vanivilasa Sagar Dam,Krishna,Vedavati,Hagari Or Vedavati,23-01-2026 12:01:00,98.909,2139,30,30.09,27.515,28.22,0,0,0,,10.249,10.141,2.652,,
2026-01-24,124391.0,Vanivilasa Sagar Dam,Krishna,Vedavati,Hagari Or Vedavati,24-01-2026 12:01:00,98.909,2139.6,30,30.09,27.515,28.22,0,0,0,,10.249,10.141,2.652,,
2026-01-25,124392.0,Vanivilasa Sagar Dam,Krishna,Vedavati,Hagari Or Vedavati,25-01-2026 12:01:00,98.909,2139.6,30,30.09,27.515,28.22,0,0,0,,10.249,10.141,2.652,,
2026-01-26,124393.0,Vanivilasa Sagar Dam,Krishna,Vedavati,Hagari Or Vedavati,26-01-2026 12:01:00,98.761,2139.55,30,30.045,27.47,28.175,0,0,0,,10.249,10.141,2.652,,
2026-01-27,124394.0,Vanivilasa Sagar Dam,Krishna,Vedavati,Hagari Or Vedavati,27-01-2026 12:01:00,100.15,2139.55,30,30.045,27.47,28.175,0,0,0,,14.41,3.038,0.023,,
2026-01-28,124395.0,Vanivilasa Sagar Dam,Krishna,Vedavati,Hagari Or Vedavati,28-01-2026 12:01:00,98.613,2139.5,30,30,27.425,28.13,0,0,0,,10.249,10.141,2.652,,
2026-01-29,124396.0,Vanivilasa Sagar Dam,Krishna,Vedavati,Hagari Or Vedavati,29-01-2026 12:01:00,98.613,2139.5,30,30,27.425,28.13,0,0,0,,10.249,10.141,2.652,,
2026-01-30,124397.0,Vanivilasa Sagar Dam,Krishna,Vedavati,Hagari Or Vedavati,30-01-2026 12:01:00,98.623,2139.5,30,30.003,27.428,28.133,0,0,0,,10.249,10.141,2.652,,
2026-01-31,124398.0,Vanivilasa Sagar Dam,Krishna,Vedavati,Hagari Or Vedavati,31-01-2026 12:01:00,98.485,2139.45,30,29.961,27.386,28.091,0,0,0,,10.249,10.141,2.652,,
2026-02-01,124399.0,Vanivilasa Sagar Dam,Krishna,Vedavati,Hagari Or Vedavati,01-02-2026 12:02:00,98.485,2139.45,30,29.961,27.386,28.091,0,0,0,,10.249,10.141,2.652,,
2026-02-02,124400.0,Vanivilasa Sagar Dam,Krishna,Vedavati,Hagari Or Vedavati,02-02-2026 12:02:00,98.35,2139.4,30,29.92,27.345,28.05,0,0,0,,10.249,10.141,2.652,,
2026-02-03,124401.0,Vanivilasa Sagar Dam,Krishna,Vedavati,Hagari Or Vedavati,03-02-2026 12:02:00,98.35,2139.4,30,29.92,27.345,28.05,0,0,0,,10.249,10.141,2.652,,
2026-02-04,124402.0,Vanivilasa Sagar Dam,Krishna,Vedavati,Hagari Or Vedavati,04-02-2026 12:02:00,98.218,2139.35,30,29.88,27.305,28.01,0,0,0,,10.249,10.141,2.652,,
2026-02-05,124403.0,Vanivilasa Sagar Dam,Krishna,Vedavati,Hagari Or Vedavati,05-02-2026 12:02:00,98.218,2139.35,30,29.88,27.305,28.01,0,0,0,,10.249,10.141,2.652,,
2026-02-06,124404.0,Vanivilasa Sagar Dam,Krishna,Vedavati,Hagari Or Vedavati,06-02-2026 12:02:00,98.087,2139.3,30,29.84,27.265,27.97,0,0,0,,10.249,10.141,2.652,,
2026-02-07,124405.0,Vanivilasa Sagar Dam,Krishna,Vedavati,Hagari Or Vedavati,07-02-2026 12:02:00,98.087,2139.3,30,29.84,27.265,27.97,0,0,0,,10.249,10.141,2.652,,
2026-02-08,124406.0,Vanivilasa Sagar Dam,Krishna,Vedavati,Hagari Or Vedavati,08-02-2026 12:02:00,97.923,2139.25,30,29.79,27.215,27.92,0,0,0,,10.249,10.141,2.652,,
2026-02-09,124407.0,Vanivilasa Sagar Dam,Krishna,Vedavati,Hagari Or Vedavati,09-02-2026 12:02:00,97.791,2139.2,30,29.75,27.175,27.88,0,0,0,,10.249,10.141,2.652,,
2026-02-10,124408.0,Vanivilasa Sagar Dam,Krishna,Vedavati,Hagari Or Vedavati,10-02-2026 12:02:00,97.791,2139.2,30,29.75,27.175,27.88,0,0,0,,10.249,10.141,2.652,,
2026-02-11,124409.0,Vanivilasa Sagar Dam,Krishna,Vedavati,Hagari Or Vedavati,11-02-2026 12:02:00,97.66,2139.15,30,29.71,27.135,27.84,0,0,0,,10.249,10.141,2.652,,
2026-02-14,124410.0,Vanivilasa Sagar Dam,Krishna,Vedavati,Hagari Or Vedavati,14-02-2026 12:02:00,97.232,2139,30,29.58,27.005,27.71,0,0,200,,10.249,10.141,2.669,,
2026-02-15,124411.0,Vanivilasa Sagar Dam,Krishna,Vedavati,Hagari Or Vedavati,15-02-2026 12:02:00,96.969,2138.9,30,29.5,26.925,27.63,0,0,580,,10.249,10.141,2.719,,
2026-02-16,124412.0,Vanivilasa Sagar Dam,Krishna,Vedavati,Hagari Or Vedavati,16-02-2026 12:02:00,96.575,2138.75,30,29.38,26.805,27.51,0,0,580,,10.25,10.141,2.77,,
2026-02-17,124413.0,Vanivilasa Sagar Dam,Krishna,Vedavati,Hagari Or Vedavati,17-02-2026 12:02:00,96.41,2138.7,30,29.33,26.755,27.46,0,0,580,,10.25,10.141,2.82,,
2026-02-18,124414.0,Vanivilasa Sagar Dam,Krishna,Vedavati,Hagari Or Vedavati,18-02-2026 12:02:00,96.279,2138.65,30,29.29,26.715,27.42,0,0,580,,10.25,10.141,2.87,,
2026-02-19,124415.0,Vanivilasa Sagar Dam,Krishna,Vedavati,Hagari Or Vedavati,19-02-2026 12:02:00,96.148,2138.6,30,29.25,26.675,27.38,0,0,580,,10.25,10.141,2.92,,
2026-02-20,124416.0,Vanivilasa Sagar Dam,Krishna,Vedavati,Hagari Or Vedavati,20-02-2026 12:02:00,96.016,2138.55,30,29.21,26.635,27.34,0,0,580,,10.25,10.141,2.97,,
2026-02-21,124417.0,Vanivilasa Sagar Dam,Krishna,Vedavati,Hagari Or Vedavati,21-02-2026 12:02:00,95.868,2138.5,30,29.165,0,0,0,0,580,,10.25,10.141,3.02,,
2026-02-22,124418.0,Vanivilasa Sagar Dam,Krishna,Vedavati,Hagari Or Vedavati,22-02-2026 12:02:00,95.73,2138.45,30,29.123,26.548,27.253,0,0,580,,10.25,10.141,3.07,,
2026-02-24,124419.0,Vanivilasa Sagar Dam,Krishna,Vedavati,Hagari Or Vedavati,24-02-2026 12:02:00,95.454,2138.35,30,29.039,26.464,27.169,0,0,580,,10.25,10.141,3.17,,
2026-02-25,124420.0,Vanivilasa Sagar Dam,Krishna,Vedavati,Hagari Or Vedavati,25-02-2026 12:02:00,95.319,2138.3,30,28.998,26.423,27.128,0,0,580,,10.25,10.141,3.221,,
2026-02-26,124421.0,Vanivilasa Sagar Dam,Krishna,Vedavati,Hagari Or Vedavati,26-02-2026 12:02:00,95.194,2138.25,30,28.96,26.385,27.09,0,0,580,,10.25,10.141,3.271,,
2026-02-27,124422.0,Vanivilasa Sagar Dam,Krishna,Vedavati,Hagari Or Vedavati,27-02-2026 12:02:00,95.03,2318.2,30,28.91,26.335,27.04,0,0,580,,10.25,10.141,3.321,,
2026-02-28,124423.0,Vanivilasa Sagar Dam,Krishna,Vedavati,Hagari Or Vedavati,28-02-2026 12:02:00,94.767,2138.1,30,28.83,26.255,26.96,0,0,580,,10.25,10.141,3.371,,
2026-03-01,124424.0,Vanivilasa Sagar Dam,Krishna,Vedavati,Hagari Or Vedavati,01-03-2026 12:03:00,94.504,2138,30,28.75,26.175,26.88,0,0,580,,10.25,10.141,3.421,,
2026-03-02,124425.0,Vanivilasa Sagar Dam,Krishna,Vedavati,Hagari Or Vedavati,02-03-2026 12:03:00,94.34,2137.95,30,28.7,26.125,26.83,0,0,580,,10.25,10.141,3.471,,
2026-03-03,124426.0,Vanivilasa Sagar Dam,Krishna,Vedavati,Hagari Or Vedavati,03-03-2026 12:03:00,94.208,2137.9,30,28.66,26.085,26.79,0,0,580,,10.25,10.141,3.521,,
2026-03-04,124427.0,Vanivilasa Sagar Dam,Krishna,Vedavati,Hagari Or Vedavati,04-03-2026 12:03:00,93.945,2137.8,30,28.58,26.005,26.71,0,0,580,,10.25,10.141,3.571,,
2026-03-05,124428.0,Vanivilasa Sagar Dam,Krishna,Vedavati,Hagari Or Vedavati,05-03-2026 12:03:00,93.814,2137.75,30,28.54,25.965,26.67,0,0,580,,10.25,10.141,3.621,,
2026-03-06,124429.0,Vanivilasa Sagar Dam,Krishna,Vedavati,Hagari Or Vedavati,06-03-2026 12:03:00,93.682,2137.7,30,28.5,25.925,26.63,0,0,580,,10.25,10.141,3.672,,
2026-03-07,124430.0,Vanivilasa Sagar Dam,Krishna,Vedavati,Hagari Or Vedavati,07-03-2026 12:03:00,93.386,2137.6,30,28.41,25.835,26.54,0,0,580,,10.25,10.141,3.722,,
2026-03-08,124431.0,Vanivilasa Sagar Dam,Krishna,Vedavati,Hagari Or Vedavati,08-03-2026 12:03:00,93.255,2137.55,30,28.37,25.795,26.5,0,0,580,,10.25,10.141,3.772,,
2026-03-09,124432.0,Vanivilasa Sagar Dam,Krishna,Vedavati,Hagari Or Vedavati,09-03-2026 12:03:00,92.992,2137.45,30,28.29,25.715,26.42,0,0,580,,10.25,10.141,3.822,,
2026-03-10,124433.0,Vanivilasa Sagar Dam,Krishna,Vedavati,Hagari Or Vedavati,10-03-2026 12:03:00,92.828,2137.4,30,28.24,25.665,26.37,0,0,580,,10.25,10.141,3.872,,
2026-03-11,124434.0,Vanivilasa Sagar Dam,Krishna,Vedavati,Hagari Or Vedavati,11-03-2026 12:03:00,92.565,2137.3,30,28.16,25.585,26.29,0,0,580,,10.25,10.141,3.922,,
2026-03-14,124435.0,Vanivilasa Sagar Dam,Krishna,Vedavati,Hagari Or Vedavati,14-03-2026 12:03:00,91.874,2137.05,30,27.95,25.375,26.08,0,0,540,,10.25,10.141,4.069,,
2026-03-15,124436.0,Vanivilasa Sagar Dam,Krishna,Vedavati,Hagari Or Vedavati,15-03-2026 12:03:00,91.736,2137,30,27.908,25.333,26.038,0,0,540,,10.25,10.141,4.116,,
2026-03-16,124437.0,Vanivilasa Sagar Dam,Krishna,Vedavati,Hagari Or Vedavati,16-03-2026 12:03:00,91.736,2137,30,27.908,25.333,26.038,0,0,540,,10.25,10.141,4.162,,
2026-03-17,124438.0,Vanivilasa Sagar Dam,Krishna,Vedavati,Hagari Or Vedavati,17-03-2026 12:03:00,91.46,2136,30,27.824,25.249,25.954,0,0,350,,10.25,10.141,4.193,,
2026-03-18,124439.0,Vanivilasa Sagar Dam,Krishna,Vedavati,Hagari Or Vedavati,18-03-2026 12:03:00,91.46,2136,30,27.824,25.249,25.954,0,0,350,,10.25,10.141,4.223,,
2026-03-19,124440.0,Vanivilasa Sagar Dam,Krishna,Vedavati,Hagari Or Vedavati,19-03-2026 12:03:00,91.325,2136.85,30,27.783,25.208,25.913,0,0,0,,10.25,10.141,4.223,,
2026-03-21,124441.0,Vanivilasa Sagar Dam,Krishna,Vedavati,Hagari Or Vedavati,21-03-2026 12:03:00,91.325,2136.85,30,27.783,25.208,25.913,0,0,0,,10.25,10.141,4.223,,
2026-03-22,124442.0,Vanivilasa Sagar Dam,Krishna,Vedavati,Hagari Or Vedavati,22-03-2026 12:03:00,91.187,2136.8,30,27.741,25.166,25.871,0,0,0,,10.25,10.141,4.223,,
2026-03-23,124443.0,Vanivilasa Sagar Dam,Krishna,Vedavati,Hagari Or Vedavati,23-03-2026 12:03:00,91.187,2136.8,30,27.741,25.166,25.871,0,0,0,,10.25,10.141,4.223,,
2026-03-24,124444.0,Vanivilasa Sagar Dam,Krishna,Vedavati,Hagari Or Vedavati,24-03-2026 12:03:00,91.187,2136.8,30,27.741,25.166,25.871,0,0,0,,10.25,10.141,4.223,,
2026-03-25,124445.0,Vanivilasa Sagar Dam,Krishna,Vedavati,Hagari Or Vedavati,25-03-2026 12:03:00,91.187,2136.8,30,27.741,25.166,25.871,0,0,0,,10.25,10.141,4.223,,
2026-03-26,124446.0,Vanivilasa Sagar Dam,Krishna,Vedavati,Hagari Or Vedavati,26-03-2026 12:03:00,91.049,2136.75,30,27.699,25.124,25.829,0,0,0,,10.25,10.141,4.223,,
2026-03-27,124447.0,Vanivilasa Sagar Dam,Krishna,Vedavati,Hagari Or Vedavati,27-03-2026 12:03:00,91.049,2136.75,30,27.699,25.124,25.829,0,0,0,,10.25,10.141,4.223,,
2026-03-28,124448.0,Vanivilasa Sagar Dam,Krishna,Vedavati,Hagari Or Vedavati,28-03-2026 12:03:00,91.053,2136.75,30,27.7,25.125,25.83,0,0,0,,10.25,10.141,4.223,,
2026-03-29,124449.0,Vanivilasa Sagar Dam,Krishna,Vedavati,Hagari Or Vedavati,29-03-2026 12:03:00,91.053,2136.75,30,27.7,25.125,25.83,0,0,0,,10.25,10.141,4.223,,
2026-03-30,124450.0,Vanivilasa Sagar Dam,Krishna,Vedavati,Hagari Or Vedavati,30-03-2026 12:03:00,90.921,2136.7,30,27.66,25.085,25.79,0,0,0,,10.25,10.141,4.223,,
2026-03-31,124451.0,Vanivilasa Sagar Dam,Krishna,Vedavati,Hagari Or Vedavati,31-03-2026 12:03:00,90.921,2136.7,30,27.66,25.085,25.79,0,0,0,,10.25,10.141,4.223,,
2026-04-01,124452.0,Vanivilasa Sagar Dam,Krishna,Vedavati,Hagari Or Vedavati,01-04-2026 12:04:00,90.921,2136.7,30,27.66,25.085,25.79,0,0,0,,10.25,10.141,4.223,,
2026-04-02,124453.0,Vanivilasa Sagar Dam,Krishna,Vedavati,Hagari Or Vedavati,02-04-2026 12:04:00,90.79,2136.65,30,27.62,25.045,25.75,0,0,0,,10.25,10.141,4.223,,
2026-04-03,124454.0,Vanivilasa Sagar Dam,Krishna,Vedavati,Hagari Or Vedavati,03-04-2026 12:04:00,90.79,2136.65,30,27.62,25.045,25.75,0,0,0,,10.25,10.141,4.223,,
2026-04-04,124455.0,Vanivilasa Sagar Dam,Krishna,Vedavati,Hagari Or Vedavati,04-04-2026 12:04:00,90.79,2136.65,30,27.62,25.045,25.75,0,0,0,,10.25,10.141,4.223,,
2026-04-05,124456.0,Vanivilasa Sagar Dam,Krishna,Vedavati,Hagari Or Vedavati,05-04-2026 12:04:00,90.625,2136.6,30,27.57,24.995,25.7,0,0,0,,10.25,10.141,4.223,,
2026-04-06,124457.0,Vanivilasa Sagar Dam,Krishna,Vedavati,Hagari Or Vedavati,06-04-2026 12:04:00,90.625,2136.6,30,27.57,24.995,25.7,0,0,0,,10.25,10.141,4.223,,
2026-04-07,124458.0,Vanivilasa Sagar Dam,Krishna,Vedavati,Hagari Or Vedavati,07-04-2026 12:04:00,90.625,2136.6,30,27.57,24.995,25.7,0,0,0,,10.25,10.141,4.223,,
2026-04-08,124459.0,Vanivilasa Sagar Dam,Krishna,Vedavati,Hagari Or Vedavati,08-04-2026 12:04:00,90.494,2136.55,30,27.53,24.955,25.66,0,0,0,,10.25,10.141,4.223,,
2026-04-09,124460.0,Vanivilasa Sagar Dam,Krishna,Vedavati,Hagari Or Vedavati,09-04-2026 12:04:00,90.494,2136.55,30,27.53,24.955,25.66,0,0,0,,10.25,10.141,4.223,,
2026-04-10,124461.0,Vanivilasa Sagar Dam,Krishna,Vedavati,Hagari Or Vedavati,10-04-2026 12:04:00,90.494,2136.55,30,27.53,24.955,25.66,0,0,0,,10.25,10.141,4.223,,
2026-04-11,124462.0,Vanivilasa Sagar Dam,Krishna,Vedavati,Hagari Or Vedavati,11-04-2026 12:04:00,90.359,2136.5,30,27.489,24.914,25.619,0,0,0,,10.25,10.141,4.223,,
2026-04-12,124463.0,Vanivilasa Sagar Dam,Krishna,Vedavati,Hagari Or Vedavati,12-04-2026 12:04:00,90.359,2136.5,30,27.489,24.914,25.619,0,0,0,,10.25,10.141,4.223,,
2026-04-14,124464.0,Vanivilasa Sagar Dam,Krishna,Vedavati,Hagari Or Vedavati,14-04-2026 12:04:00,90.221,2136.45,30,27.447,24.872,25.577,0,0,0,,10.25,10.141,4.223,,
2026-04-15,124465.0,Vanivilasa Sagar Dam,Krishna,Vedavati,Hagari Or Vedavati,15-04-2026 12:04:00,90.221,2136.45,30,27.447,24.872,25.577,0,0,0,,10.25,10.141,4.223,,
2026-04-16,124466.0,Vanivilasa Sagar Dam,Krishna,Vedavati,Hagari Or Vedavati,16-04-2026 12:04:00,90.099,2136.4,30,27.41,24.835,25.54,0,0,0,,10.25,10.141,4.223,,
2026-04-17,124467.0,Vanivilasa Sagar Dam,Krishna,Vedavati,Hagari Or Vedavati,17-04-2026 12:04:00,90.099,2136.4,30,27.41,24.835,25.54,0,0,0,,10.25,10.141,4.223,,
2026-04-18,124468.0,Vanivilasa Sagar Dam,Krishna,Vedavati,Hagari Or Vedavati,18-04-2026 12:04:00,90.099,2136.4,30,27.41,24.835,25.54,0,0,0,,10.25,10.141,4.223,,
2026-04-19,124469.0,Vanivilasa Sagar Dam,Krishna,Vedavati,Hagari Or Vedavati,19-04-2026 12:04:00,89.935,2136.35,30,27.36,24.785,25.49,0,0,0,,10.25,10.141,4.223,,
2026-04-21,124470.0,Vanivilasa Sagar Dam,Krishna,Vedavati,Hagari Or Vedavati,21-04-2026 12:04:00,89.935,2136.35,30,27.36,24.785,25.49,0,0,0,,10.25,10.141,4.223,,
2026-04-22,124471.0,Vanivilasa Sagar Dam,Krishna,Vedavati,Hagari Or Vedavati,22-04-2026 12:04:00,89.672,2136.25,30,27.28,24.705,25.41,0,0,580,,10.25,10.141,4.273,,
2026-04-23,124472.0,Vanivilasa Sagar Dam,Krishna,Vedavati,Hagari Or Vedavati,23-04-2026 12:04:00,89.409,2136.15,30,27.2,24.625,25.33,0,0,580,,10.25,10.141,4.323,,
2026-04-24,124473.0,Vanivilasa Sagar Dam,Krishna,Vedavati,Hagari Or Vedavati,24-04-2026 12:04:00,89.409,2136.05,30,27.2,24.625,25.33,0,0,580,,10.25,10.141,4.373,,
2026-04-25,124474.0,Vanivilasa Sagar Dam,Krishna,Vedavati,Hagari Or Vedavati,25-04-2026 12:04:00,88.85,2135.95,30,27.03,24.455,25.16,0,0,580,,10.25,10.141,4.423,,
2026-04-26,124475.0,Vanivilasa Sagar Dam,Krishna,Vedavati,Hagari Or Vedavati,26-04-2026 12:04:00,89.015,2135.85,30,27.08,24.505,25.21,0,0,580,,10.25,10.141,4.473,,
2026-04-27,124476.0,Vanivilasa Sagar Dam,Krishna,Vedavati,Hagari Or Vedavati,27-04-2026 12:04:00,88.291,2135.75,30,26.86,24.285,24.99,0,0,580,,10.25,10.141,4.523,,
2026-04-28,124477.0,Vanivilasa Sagar Dam,Krishna,Vedavati,Hagari Or Vedavati,28-04-2026 12:04:00,88.028,2135.65,30,26.78,24.205,24.91,0,0,580,,10.25,10.141,4.574,,
2026-04-29,124478.0,Vanivilasa Sagar Dam,Krishna,Vedavati,Hagari Or Vedavati,29-04-2026 12:04:00,87.733,2135.55,30,26.69,24.115,24.82,0,0,580,,10.25,10.141,4.624,,
2026-04-30,124479.0,Vanivilasa Sagar Dam,Krishna,Vedavati,Hagari Or Vedavati,30-04-2026 12:04:00,87.47,2135.45,30,26.61,24.035,24.74,0,0,580,,10.25,10.141,4.674,,
2026-05-01,124480.0,Vanivilasa Sagar Dam,Krishna,Vedavati,Hagari Or Vedavati,01-05-2026 12:05:00,87.207,2135.35,30,26.53,23.955,24.66,0,0,580,,10.25,10.141,4.724,,
2026-05-02,124481.0,Vanivilasa Sagar Dam,Krishna,Vedavati,Hagari Or Vedavati,02-05-2026 12:05:00,86.911,2135.25,30,26.44,23.865,24.57,0,0,580,,10.25,10.141,4.774,,
2026-05-03,124482.0,Vanivilasa Sagar Dam,Krishna,Vedavati,Hagari Or Vedavati,03-05-2026 12:05:00,86.648,2135.15,30,26.36,23.785,24.49,0,0,580,,10.25,10.141,4.824,,
2026-05-04,124483.0,Vanivilasa Sagar Dam,Krishna,Vedavati,Hagari Or Vedavati,04-05-2026 12:05:00,86.352,2135.05,30,26.27,23.695,24.4,0,0,580,,10.25,10.141,4.874,,
2026-05-05,124484.0,Vanivilasa Sagar Dam,Krishna,Vedavati,Hagari Or Vedavati,05-05-2026 12:05:00,86.089,2134.95,30,26.19,23.615,24.32,0,0,580,,10.25,10.141,4.924,,
2026-05-06,124485.0,Vanivilasa Sagar Dam,Krishna,Vedavati,Hagari Or Vedavati,06-05-2026 12:05:00,85.826,2134.85,30,26.11,23.535,24.24,0,0,580,,10.25,10.141,4.974,,
2026-05-07,124486.0,Vanivilasa Sagar Dam,Krishna,Vedavati,Hagari Or Vedavati,07-05-2026 12:05:00,85.53,2134.75,30,26.02,23.445,24.15,0,0,580,,10.25,10.141,5.025,,
2026-05-08,124487.0,Vanivilasa Sagar Dam,Krishna,Vedavati,Hagari Or Vedavati,08-05-2026 12:05:00,85.267,2134.65,30,25.94,23.365,24.07,0,0,580,,10.25,10.141,5.075,,
2026-05-09,124488.0,Vanivilasa Sagar Dam,Krishna,Vedavati,Hagari Or Vedavati,09-05-2026 12:05:00,85.004,2134.55,30,25.86,23.285,23.99,0,0,580,,10.25,10.141,5.125,,
2026-05-10,124489.0,Vanivilasa Sagar Dam,Krishna,Vedavati,Hagari Or Vedavati,10-05-2026 12:05:00,84.708,2134.45,30,25.77,23.195,23.9,0,0,580,,10.25,10.141,5.175,,
2026-05-11,124490.0,Vanivilasa Sagar Dam,Krishna,Vedavati,Hagari Or Vedavati,11-05-2026 12:05:00,84.445,2134.35,30,25.69,23.115,23.82,0,0,580,,10.25,10.141,5.225,,
2026-05-12,124491.0,Vanivilasa Sagar Dam,Krishna,Vedavati,Hagari Or Vedavati,12-05-2026 12:05:00,84.15,2134.25,30,25.6,23.025,23.73,0,0,580,,10.25,10.141,5.275,,
2026-05-13,124492.0,Vanivilasa Sagar Dam,Krishna,Vedavati,Hagari Or Vedavati,13-05-2026 12:05:00,83.887,2134.15,30,25.52,22.945,23.65,0,0,580,,10.25,10.141,5.325,,
2026-05-14,124493.0,Vanivilasa Sagar Dam,Krishna,Vedavati,Hagari Or Vedavati,14-05-2026 12:05:00,83.624,2134.05,30,25.44,22.865,23.57,0,0,580,,10.25,10.141,5.375,,
2026-05-15,124494.0,Vanivilasa Sagar Dam,Krishna,Vedavati,Hagari Or Vedavati,15-05-2026 12:05:00,83.328,2133.95,30,25.35,22.775,23.48,0,0,580,,10.25,10.141,5.425,,
2026-05-16,124495.0,Vanivilasa Sagar Dam,Krishna,Vedavati,Hagari Or Vedavati,16-05-2026 12:05:00,83.065,2133.85,30,25.27,22.695,23.4,0,0,580,,10.25,10.141,5.476,,
2026-05-17,124496.0,Vanivilasa Sagar Dam,Krishna,Vedavati,Hagari Or Vedavati,17-05-2026 12:05:00,76.655,2133.75,30,23.32,20.745,21.45,0,0,580,,10.25,10.141,5.526,,
2026-05-18,124497.0,Vanivilasa Sagar Dam,Krishna,Vedavati,Hagari Or Vedavati,18-05-2026 12:05:00,75.932,2133.65,30,23.1,20.525,21.23,0,0,580,,10.25,10.141,5.576,,
2026-05-19,124498.0,Vanivilasa Sagar Dam,Krishna,Vedavati,Hagari Or Vedavati,19-05-2026 12:05:00,75.669,2133.55,30,23.02,20.445,21.15,0,0,580,,10.25,10.141,5.626,,
2026-05-21,124499.0,Vanivilasa Sagar Dam,Krishna,Vedavati,Hagari Or Vedavati,21-05-2026 12:05:00,81.816,2133.4,30,24.89,22.315,23.02,0,0,500,,10.25,10.141,5.719,,
2026-05-22,124500.0,Vanivilasa Sagar Dam,Krishna,Vedavati,Hagari Or Vedavati,22-05-2026 12:05:00,81.553,2133.3,30,24.81,22.235,22.94,0,0,500,,10.25,10.141,5.762,,
2026-05-23,124501.0,Vanivilasa Sagar Dam,Krishna,Vedavati,Hagari Or Vedavati,23-05-2026 12:05:00,81.257,2133.2,30,24.72,22.145,22.85,0,0,500,,10.25,10.141,5.806,,
2026-05-24,124502.0,Vanivilasa Sagar Dam,Krishna,Vedavati,Hagari Or Vedavati,24-05-2026 12:05:00,81.126,2133.15,30,24.68,22.105,22.81,0,0,500,,10.25,10.141,5.849,,
2026-05-25,124503.0,Vanivilasa Sagar Dam,Krishna,Vedavati,Hagari Or Vedavati,25-05-2026 12:05:00,80.863,2133.05,30,24.6,22.025,22.73,0,0,500,,10.25,10.141,5.892,,
2026-05-26,124504.0,Vanivilasa Sagar Dam,Krishna,Vedavati,Hagari Or Vedavati,26-05-2026 12:05:00,80.6,2132.95,30,24.52,21.945,22.65,0,0,580,,10.25,10.141,5.942,,
2026-05-27,124505.0,Vanivilasa Sagar Dam,Krishna,Vedavati,Hagari Or Vedavati,27-05-2026 12:05:00,80.435,2132.9,30,24.47,21.895,22.6,0,0,580,,10.25,10.141,5.992,,
2026-05-28,124506.0,Vanivilasa Sagar Dam,Krishna,Vedavati,Hagari Or Vedavati,28-05-2026 12:05:00,80.172,2132.8,30,24.39,21.815,22.52,0,0,580,,10.25,10.141,6.042,,
2026-05-29,124507.0,Vanivilasa Sagar Dam,Krishna,Vedavati,Hagari Or Vedavati,29-05-2026 12:05:00,79.942,2132.75,30,24.32,21.745,22.45,0,0,400,,10.25,10.141,6.077,,
2026-05-30,124508.0,Vanivilasa Sagar Dam,Krishna,Vedavati,Hagari Or Vedavati,30-05-2026 12:05:00,79.942,2132.75,30,24.32,21.745,22.45,0,0,350,,10.25,10.141,6.107,,
2026-05-31,124509.0,Vanivilasa Sagar Dam,Krishna,Vedavati,Hagari Or Vedavati,31-05-2026 12:05:00,79.942,2132.75,30,24.32,21.745,22.45,0,0,250,,10.25,10.141,6.129,,
2026-06-01,124510.0,Vanivilasa Sagar Dam,Krishna,Vedavati,Hagari Or Vedavati,01-06-2026 12:06:00,79.909,2132.7,30,24.31,21.735,22.44,0,0,250,,0,0,0.022,,
2026-06-03,124511.0,Vanivilasa Sagar Dam,Krishna,Vedavati,Hagari Or Vedavati,03-06-2026 12:06:00,79.745,2132.65,30,24.26,21.685,22.39,0,0,0,,0,0,0.022,,
2026-06-04,124512.0,Vanivilasa Sagar Dam,Krishna,Vedavati,Hagari Or Vedavati,04-06-2026 12:06:00,79.745,2132.65,30,24.26,21.685,22.39,0,0,0,,0,0,0.03,,
2026-06-05,124513.0,Vanivilasa Sagar Dam,Krishna,Vedavati,Hagari Or Vedavati,05-06-2026 12:06:00,79.613,2132.6,30,24.22,21.645,22.35,0,0,0,,0,0,0.03,,
2026-06-06,124514.0,Vanivilasa Sagar Dam,Krishna,Vedavati,Hagari Or Vedavati,06-06-2026 12:06:00,79.613,2132.6,30,24.22,21.645,22.35,0,0,0,,0,0,0.03,,
2026-06-07,124515.0,Vanivilasa Sagar Dam,Krishna,Vedavati,Hagari Or Vedavati,07-06-2026 12:06:00,79.613,2132.6,30,24.22,21.645,22.35,0,0,0,,0,0,0.03,,
2026-06-08,124516.0,Vanivilasa Sagar Dam,Krishna,Vedavati,Hagari Or Vedavati,08-06-2026 12:06:00,79.482,2132.55,30,24.18,21.605,22.31,0,0,0,,0,0,0.03,,
2026-06-09,124517.0,Vanivilasa Sagar Dam,Krishna,Vedavati,Hagari Or Vedavati,09-06-2026 12:06:00,79.482,2132.55,30,24.18,21.605,22.31,0,0,0,,0,0,0.03,,
2026-06-10,124518.0,Vanivilasa Sagar Dam,Krishna,Vedavati,Hagari Or Vedavati,10-06-2026 12:06:00,79.482,2132.55,30,24.18,21.605,22.31,0,0,0,,0,0,0.03,,
2026-06-11,124519.0,Vanivilasa Sagar Dam,Krishna,Vedavati,Hagari Or Vedavati,11-06-2026 12:06:00,79.35,2132.5,30,24.14,21.565,22.27,0,0,0,,0,0,0.03,,
2026-06-12,124520.0,Vanivilasa Sagar Dam,Krishna,Vedavati,Hagari Or Vedavati,12-06-2026 12:06:00,79.35,2132.5,30,24.14,21.565,22.27,0,0,0,,0,0,0.03,,
2026-06-13,124521.0,Vanivilasa Sagar Dam,Krishna,Vedavati,Hagari Or Vedavati,13-06-2026 12:06:00,79.35,2132.5,30,24.14,21.565,22.27,0,0,0,,0,0,0.03,,
2026-06-15,124522.0,Vanivilasa Sagar Dam,Krishna,Vedavati,Hagari Or Vedavati,15-06-2026 12:06:00,79.206,2132.45,30,24.096,21.521,22.226,0,0,0,,0,0,0.03,,
2026-06-16,124523.0,Vanivilasa Sagar Dam,Krishna,Vedavati,Hagari Or Vedavati,16-06-2026 12:06:00,79.068,2132.4,30,24.054,21.479,22.184,0,0,0,,0,0,0.03,,
2026-06-17,124524.0,Vanivilasa Sagar Dam,Krishna,Vedavati,Hagari Or Vedavati,17-06-2026 12:06:00,79.068,2132.4,30,24.054,21.479,22.184,0,0,0,,0,0,0.03,,
2026-06-18,124525.0,Vanivilasa Sagar Dam,Krishna,Vedavati,Hagari Or Vedavati,18-06-2026 12:06:00,79.068,2132.4,30,24.054,21.479,22.184,0,0,0,,0,0,0.03,,
2026-06-19,124526.0,Vanivilasa Sagar Dam,Krishna,Vedavati,Hagari Or Vedavati,19-06-2026 12:06:00,79.068,2132.4,30,24.054,21.479,22.184,0,0,0,,0,0,0.03,,
2026-06-21,124527.0,Vanivilasa Sagar Dam,Krishna,Vedavati,Hagari Or Vedavati,21-06-2026 12:06:00,78.93,2132.35,30,24.012,21.437,22.142,0,0,0,,0,0,0.03,,
2026-06-22,124528.0,Vanivilasa Sagar Dam,Krishna,Vedavati,Hagari Or Vedavati,22-06-2026 12:06:00,78.857,2132.3,30,23.99,21.415,22.12,0,0,0,,0,0,0.03,,
2026-06-23,124529.0,Vanivilasa Sagar Dam,Krishna,Vedavati,Hagari Or Vedavati,23-06-2026 12:06:00,78.857,2132.3,30,23.99,21.415,22.12,0,0,0,,0,0,0.03,,
2026-06-24,124530.0,Vanivilasa Sagar Dam,Krishna,Vedavati,Hagari Or Vedavati,24-06-2026 12:06:00,78.857,2132.3,30,23.99,21.415,22.12,0,0,0,,0,0,0.03,,
2026-06-25,124531.0,Vanivilasa Sagar Dam,Krishna,Vedavati,Hagari Or Vedavati,25-06-2026 12:06:00,78.654,2132.25,30,23.928,21.353,22.058,0,0,0,,0,0,0.03,,
2026-06-26,124532.0,Vanivilasa Sagar Dam,Krishna,Vedavati,Hagari Or Vedavati,26-06-2026 12:06:00,78.66,2132.25,30,23.93,21.355,22.06,0,0,0,,0,0,0.03,,
2026-06-27,124533.0,Vanivilasa Sagar Dam,Krishna,Vedavati,Hagari Or Vedavati,27-06-2026 12:06:00,78.66,2132.25,30,23.93,21.355,22.06,0,0,0,,0,0,0.03,,
2026-06-28,124534.0,Vanivilasa Sagar Dam,Krishna,Vedavati,Hagari Or Vedavati,28-06-2026 12:06:00,78.529,2132.2,30,23.89,21.315,22.02,0,0,0,,0,0,0.03,,
2026-06-29,124535.0,Vanivilasa Sagar Dam,Krishna,Vedavati,Hagari Or Vedavati,29-06-2026 12:06:00,78.529,2132.2,30,23.89,21.315,22.02,0,0,0,,0,0,0.03,,
2026-06-30,124536.0,Vanivilasa Sagar Dam,Krishna,Vedavati,Hagari Or Vedavati,30-06-2026 12:06:00,78.529,2132.2,30,23.89,21.315,22.02,0,0,0,,0,0,0.03,,
2026-07-01,124537.0,Vanivilasa Sagar Dam,Krishna,Vedavati,Hagari Or Vedavati,01-07-2026 12:07:00,78.364,2132.15,30,23.84,21.265,21.97,0,0,0,,4.728,0.073,0.03,,
2026-07-02,124538.0,Vanivilasa Sagar Dam,Krishna,Vedavati,Hagari Or Vedavati,02-07-2026 12:07:00,78.364,2132.15,30,23.84,21.265,21.97,0,0,0,,0,0,0.03,,
2026-07-03,124539.0,Vanivilasa Sagar Dam,Krishna,Vedavati,Hagari Or Vedavati,03-07-2026 12:07:00,78.364,2132.15,30,23.84,21.265,21.97,0,0,0,,0,0,0.03,,
2026-07-05,124540.0,Vanivilasa Sagar Dam,Krishna,Vedavati,Hagari Or Vedavati,05-07-2026 12:07:00,78.364,2132.1,30,23.84,21.265,21.97,0,0,0,,0,0,0.03,,
2026-07-06,124541.0,Vanivilasa Sagar Dam,Krishna,Vedavati,Hagari Or Vedavati,06-07-2026 12:07:00,78.233,2132.1,30,23.8,21.225,21.93,0,0,0,,0,0,0.03,,
2026-07-07,124542.0,Vanivilasa Sagar Dam,Krishna,Vedavati,Hagari Or Vedavati,07-07-2026 12:07:00,78.233,2132.1,30,23.8,21.225,21.93,0,0,0,,0,0,0.03,,
2026-07-08,124543.0,Vanivilasa Sagar Dam,Krishna,Vedavati,Hagari Or Vedavati,08-07-2026 12:07:00,78.105,2132.05,30,23.761,21.186,21.891,0,0,0,,0,0,0.03,,
2026-07-09,124544.0,Vanivilasa Sagar Dam,Krishna,Vedavati,Hagari Or Vedavati,09-07-2026 12:07:00,78.105,2132.05,30,23.761,21.186,21.891,0,0,0,,0,0,0.03,,
2026-07-10,124545.0,Vanivilasa Sagar Dam,Krishna,Vedavati,Hagari Or Vedavati,10-07-2026 12:07:00,77.967,2132,30,23.719,21.144,21.849,0,0,0,,0,0,0.03,,
2026-07-11,124546.0,Vanivilasa Sagar Dam,Krishna,Vedavati,Hagari Or Vedavati,11-07-2026 12:07:00,77.967,2132,30,23.719,21.144,21.849,0,0,0,,0,0,0.03,,
2026-07-13,124547.0,Vanivilasa Sagar Dam,Krishna,Vedavati,Hagari Or Vedavati,13-07-2026 12:07:00,77.829,2131.95,30,23.677,21.102,21.807,0,0,0,,0,0,0.03,,
2026-07-14,124548.0,Vanivilasa Sagar Dam,Krishna,Vedavati,Hagari Or Vedavati,14-07-2026 12:07:00,77.829,2131.95,30,23.677,21.102,21.807,0,0,0,,0,0,0.03,,
2026-07-15,124549.0,Vanivilasa Sagar Dam,Krishna,Vedavati,Hagari Or Vedavati,15-07-2026 12:07:00,77.838,2131.95,30,23.68,21.105,21.81,0,0,0,,0,0,0.03,,
2026-07-16,124550.0,Vanivilasa Sagar Dam,Krishna,Vedavati,Hagari Or Vedavati,16-07-2026 12:07:00,77.838,2131.95,30,23.68,21.105,21.81,0,0,0,,0,0,0.03,,
2026-07-17,124551.0,Vanivilasa Sagar Dam,Krishna,Vedavati,Hagari Or Vedavati,17-07-2026 12:07:00,77.707,2131.9,30,23.64,21.065,21.77,0,0,0,,0,0,0.03,,
2026-07-18,124552.0,Vanivilasa Sagar Dam,Krishna,Vedavati,Hagari Or Vedavati,18-07-2026 12:07:00,77.707,2131.9,30,23.64,21.065,21.77,0,0,0,,0,0,0.03,,
2026-07-19,124553.0,Vanivilasa Sagar Dam,Krishna,Vedavati,Hagari Or Vedavati,19-07-2026 12:07:00,77.707,2131.9,30,23.64,21.065,21.77,0,0,0,,0,0,0.03,,
2026-07-20,124554.0,Vanivilasa Sagar Dam,Krishna,Vedavati,Hagari Or Vedavati,20-07-2026 12:07:00,77.543,2131.85,30,23.59,21.015,21.72,0,0,0,,0,0,0.03,,
2026-07-21,124555.0,Vanivilasa Sagar Dam,Krishna,Vedavati,Hagari Or Vedavati,21-07-2026 12:07:00,77.543,2131.85,30,23.59,21.015,21.72,0,0,0,,0,0,0.03,,
2026-07-22,124556.0,Vanivilasa Sagar Dam,Krishna,Vedavati,Hagari Or Vedavati,22-07-2026 12:07:00,77.05,2131.8,30,23.44,20.865,21.57,0,0,0,,0,0,0.03,,
2026-07-23,124557.0,Vanivilasa Sagar Dam,Krishna,Vedavati,Hagari Or Vedavati,23-07-2026 12:07:00,77.05,2131.8,30,23.44,20.865,21.57,0,0,0,,0,0,0.03,,
2026-07-24,124558.0,Vanivilasa Sagar Dam,Krishna,Vedavati,Hagari Or Vedavati,24-07-2026 12:07:00,77.05,2131.8,30,23.44,20.865,21.57,0,0,0,,0,0,0.03,,
2026-07-25,124559.0,Vanivilasa Sagar Dam,Krishna,Vedavati,Hagari Or Vedavati,25-07-2026 12:07:00,77.28,2131.75,30,23.51,20.935,21.64,0,0,0,,0,0,0.03,,
2026-07-26,124560.0,Vanivilasa Sagar Dam,Krishna,Vedavati,Hagari Or Vedavati,26-07-2026 12:07:00,77.28,2131.75,30,23.51,20.935,21.64,0,0,0,,0,0,0.03,,
2026-07-27,124561.0,Vanivilasa Sagar Dam,Krishna,Vedavati,Hagari Or Vedavati,27-07-2026 12:07:00,77.28,2131.75,30,23.51,20.935,21.64,0,0,0,,0,0,0.03,,
2026-07-28,124562.0,Vanivilasa Sagar Dam,Krishna,Vedavati,Hagari Or Vedavati,28-07-2026 12:07:00,77.138,2131.7,30,23.467,20.892,21.597,0,0,0,,0,0,0.03,,
2026-07-29,124563.0,Vanivilasa Sagar Dam,Krishna,Vedavati,Hagari Or Vedavati,29-07-2026 12:07:00,77.148,2131.7,30,23.47,20.895,21.6,0,0,0,,0,0,0.03,,
2026-07-30,124564.0,Vanivilasa Sagar Dam,Krishna,Vedavati,Hagari Or Vedavati,30-07-2026 12:07:00,77.148,2131.7,30,23.47,20.895,21.6,0,0,0,,0,0,0.03,,
2026-07-31,124565.0,Vanivilasa Sagar Dam,Krishna,Vedavati,Hagari Or Vedavati,31-07-2026 12:07:00,77.017,2131.65,30,23.43,20.855,21.56,0,0,0,,0,0,0.03,,
2026-08-01,124566.0,Vanivilasa Sagar Dam,Krishna,Vedavati,Hagari Or Vedavati,01-08-2026 12:08:00,77.017,2131.65,30,23.43,20.855,21.56,0,0,0,,,,,,
2026-08-02,124567.0,Vanivilasa Sagar Dam,Krishna,Vedavati,Hagari Or Vedavati,02-08-2026 12:08:00,77,2131.65,30,23.425,20.85,21.555,0,0,0,,0,0,0.03,,
2026-08-03,124568.0,Vanivilasa Sagar Dam,Krishna,Vedavati,Hagari Or Vedavati,03-08-2026 12:08:00,76.852,2131.6,30,23.38,20.805,21.51,0,0,0,,0,0,0.03,,
2026-08-04,124569.0,Vanivilasa Sagar Dam,Krishna,Vedavati,Hagari Or Vedavati,04-08-2026 12:08:00,76.852,2131.6,30,23.38,20.805,21.51,0,0,0,,0,0,0.03,,
2026-08-05,124570.0,Vanivilasa Sagar Dam,Krishna,Vedavati,Hagari Or Vedavati,05-08-2026 12:08:00,76.727,2131.55,30,23.342,20.767,21.472,0,0,0,,0,0,0.03,,
2026-08-06,124571.0,Vanivilasa Sagar Dam,Krishna,Vedavati,Hagari Or Vedavati,06-08-2026 12:08:00,76.727,2131.55,30,23.342,20.767,21.472,0,0,0,,0,0,0.03,,
2026-08-07,124572.0,Vanivilasa Sagar Dam,Krishna,Vedavati,Hagari Or Vedavati,07-08-2026 12:08:00,76.589,2131.5,30,23.3,20.725,21.43,0,0,0,,0,0,0.03,,
2026-08-08,124573.0,Vanivilasa Sagar Dam,Krishna,Vedavati,Hagari Or Vedavati,08-08-2026 12:08:00,76.589,2131.5,30,23.3,20.725,21.43,0,0,0,,0,0,0.03,,
2026-08-09,124574.0,Vanivilasa Sagar Dam,Krishna,Vedavati,Hagari Or Vedavati,09-08-2026 12:08:00,76.589,2131.5,30,23.3,20.725,21.43,0,0,0,,0,0,0.03,,
2026-08-10,124575.0,Vanivilasa Sagar Dam,Krishna,Vedavati,Hagari Or Vedavati,10-08-2026 12:08:00,76.451,2131.45,30,23.258,20.683,21.388,0,0,0,,0,0,0.03,,
2026-08-11,124576.0,Vanivilasa Sagar Dam,Krishna,Vedavati,Hagari Or Vedavati,11-08-2026 12:08:00,76.451,2131.45,30,23.258,20.683,21.388,0,0,0,,0,0,0.03,,
2026-08-12,124577.0,Vanivilasa Sagar Dam,Krishna,Vedavati,Hagari Or Vedavati,12-08-2026 12:08:00,76.451,2131.45,30,23.258,20.683,21.388,0,0,0,,0,0,0.03,,
2026-08-13,124578.0,Vanivilasa Sagar Dam,Krishna,Vedavati,Hagari Or Vedavati,13-08-2026 12:08:00,76.313,2131.4,30,23.216,20.641,21.346,0,0,0,,0,0,0.03,,
2026-08-14,124579.0,Vanivilasa Sagar Dam,Krishna,Vedavati,Hagari Or Vedavati,14-08-2026 12:08:00,76.313,2131.4,30,23.216,20.641,21.346,0,0,0,,0,0,0.03,,
2026-08-15,124580.0,Vanivilasa Sagar Dam,Krishna,Vedavati,Hagari Or Vedavati,15-08-2026 12:08:00,76.313,2131.4,30,23.216,20.641,21.346,0,0,0,,0,0,0.03,,
2026-08-16,124581.0,Vanivilasa Sagar Dam,Krishna,Vedavati,Hagari Or Vedavati,16-08-2026 12:08:00,76.819,2131.35,30,23.37,20.795,21.5,0,0,0,,0,0,0.03,,
2026-08-17,124582.0,Vanivilasa Sagar Dam,Krishna,Vedavati,Hagari Or Vedavati,17-08-2026 12:08:00,76.491,2131.35,30,23.27,20.695,21.4,0,0,0,,0,0,0.03,,
2026-08-19,124583.0,Vanivilasa Sagar Dam,Krishna,Vedavati,Hagari Or Vedavati,19-08-2026 12:08:00,75.899,2131.25,30,23.09,20.515,21.22,0,0,580,,0,0,0.08,,
2026-08-22,124584.0,Vanivilasa Sagar Dam,Krishna,Vedavati,Hagari Or Vedavati,22-08-2026 12:08:00,75.077,2130.95,30,22.84,20.265,20.97,0,0,580,,0,0,0.231,,
2026-08-23,124585.0,Vanivilasa Sagar Dam,Krishna,Vedavati,Hagari Or Vedavati,23-08-2026 12:08:00,74.814,2130.85,30,22.76,20.185,20.89,0,0,580,,0,0,0.281,,
2026-08-25,124586.0,Vanivilasa Sagar Dam,Krishna,Vedavati,Hagari Or Vedavati,25-08-2026 12:08:00,74.246,2130.65,30,22.587,20.012,20.717,0,0,580,,0,0,0.381,,
2026-08-26,124587.0,Vanivilasa Sagar Dam,Krishna,Vedavati,Hagari Or Vedavati,26-08-2026 12:08:00,73.96,2130.55,30,22.5,19.925,20.63,0,0,580,,0,0,0.431,,
2026-08-27,124588.0,Vanivilasa Sagar Dam,Krishna,Vedavati,Hagari Or Vedavati,27-08-2026 12:08:00,73.697,2130.45,30,22.42,19.845,20.55,0,0,580,,0,0,0.481,,
2026-08-28,124589.0,Vanivilasa Sagar Dam,Krishna,Vedavati,Hagari Or Vedavati,28-08-2026 12:08:00,73.368,2130.35,30,22.32,19.745,20.45,0,0,580,,0,0,0.531,,
2026-08-29,124590.0,Vanivilasa Sagar Dam,Krishna,Vedavati,Hagari Or Vedavati,29-08-2026 12:08:00,73.138,2130.25,30,22.25,19.675,20.38,0,0,580,,0,0,0.581,,
2026-08-30,124591.0,Vanivilasa Sagar Dam,Krishna,Vedavati,Hagari Or Vedavati,30-08-2026 12:08:00,72.875,2130.15,30,22.17,19.595,20.3,0,0,580,,0,0,0.632,,
2026-08-31,124592.0,Vanivilasa Sagar Dam,Krishna,Vedavati,Hagari Or Vedavati,31-08-2026 12:08:00,72.612,2130.05,30,22.09,19.515,20.22,0,0,580,,0,0,0.632,,
2026-09-01,124593.0,Vanivilasa Sagar Dam,Krishna,Vedavati,Hagari Or Vedavati,01-09-2026 12:09:00,72.356,2129.95,30,22.012,19.437,20.142,0,0,580,,0,0,0.682,,
2026-09-02,124594.0,Vanivilasa Sagar Dam,Krishna,Vedavati,Hagari Or Vedavati,02-09-2026 12:09:00,72.152,2129.85,30,21.95,19.375,20.08,0,0,580,,0,0,0.732,,
2026-09-03,124595.0,Vanivilasa Sagar Dam,Krishna,Vedavati,Hagari Or Vedavati,03-09-2026 12:09:00,71.938,2129.75,30,21.885,19.31,20.015,0,0,580,,0,0,0.782,,
2026-09-04,124596.0,Vanivilasa Sagar Dam,Krishna,Vedavati,Hagari Or Vedavati,04-09-2026 12:09:00,71.731,2129.65,30,21.822,19.247,19.952,0,580,0,,0,0.05,0.782,,
2026-09-05,124597.0,Vanivilasa Sagar Dam,Krishna,Vedavati,Hagari Or Vedavati,05-09-2026 12:09:00,71.524,2129.55,30,21.759,19.184,19.889,0,580,0,,0,0.1,0.782,,
2026-09-06,124598.0,Vanivilasa Sagar Dam,Krishna,Vedavati,Hagari Or Vedavati,06-09-2026 12:09:00,71.317,2129.45,30,21.696,19.121,19.826,0,0,580,,0,0,0.932,,
2026-09-07,124599.0,Vanivilasa Sagar Dam,Krishna,Vedavati,Hagari Or Vedavati,07-09-2026 12:09:00,71.1,2129.35,30,21.63,19.055,19.76,0,0,580,,0,0,0.982,,
2026-09-08,124600.0,Vanivilasa Sagar Dam,Krishna,Vedavati,Hagari Or Vedavati,08-09-2026 12:09:00,70.903,2129.25,30,21.57,18.995,19.7,0,0,580,,0,0,1.032,,
2026-09-09,124601.0,Vanivilasa Sagar Dam,Krishna,Vedavati,Hagari Or Vedavati,09-09-2026 12:09:00,70.705,2129.15,30,21.51,18.935,19.64,0,0,580,,0,0,1.083,,
2026-09-10,124602.0,Vanivilasa Sagar Dam,Krishna,Vedavati,Hagari Or Vedavati,10-09-2026 12:09:00,70.475,2129.05,30,21.44,18.865,19.57,0,0,580,,0,0,1.133,,
2026-09-11,124603.0,Vanivilasa Sagar Dam,Krishna,Vedavati,Hagari Or Vedavati,11-09-2026 12:09:00,70.278,2128.95,30,21.38,18.805,19.51,0,0,580,,0,0,1.183,,
2026-09-12,124604.0,Vanivilasa Sagar Dam,Krishna,Vedavati,Hagari Or Vedavati,12-09-2026 12:09:00,70.081,2128.85,30,21.32,18.745,19.45,0,0,580,,0,0,1.233,,
2026-09-13,124605.0,Vanivilasa Sagar Dam,Krishna,Vedavati,Hagari Or Vedavati,13-09-2026 12:09:00,69.867,2128.75,30,21.255,18.68,19.385,0,0,580,,0,0,1.283,,
2026-09-14,124606.0,Vanivilasa Sagar Dam,Krishna,Vedavati,Hagari Or Vedavati,14-09-2026 12:09:00,69.66,2128.65,30,21.192,18.617,19.322,0,0,580,,0,0,1.333,,
2026-09-15,124607.0,Vanivilasa Sagar Dam,Krishna,Vedavati,Hagari Or Vedavati,15-09-2026 12:09:00,69.453,2128.55,30,21.129,18.554,19.259,0,0,580,,0,0,1.383,,
2026-09-16,124608.0,Vanivilasa Sagar Dam,Krishna,Vedavati,Hagari Or Vedavati,16-09-2026 12:09:00,69.246,2128.45,30,21.066,18.491,19.196,0,0,580,,0,0,1.433,,
2026-09-17,124609.0,Vanivilasa Sagar Dam,Krishna,Vedavati,Hagari Or Vedavati,17-09-2026 12:09:00,69.039,2128.35,30,21.003,18.428,19.133,0,0,580,,0,0,1.483,,
2026-09-18,124610.0,Vanivilasa Sagar Dam,Krishna,Vedavati,Hagari Or Vedavati,18-09-2026 12:09:00,68.832,2128.25,30,20.94,18.365,19.07,0,0,580,,0,0,1.534,,
2026-09-19,124611.0,Vanivilasa Sagar Dam,Krishna,Vedavati,Hagari Or Vedavati,19-09-2026 12:09:00,68.625,2128.15,30,20.877,18.302,19.007,0,0,550,,0,0,1.581,,
2026-09-21,124612.0,Vanivilasa Sagar Dam,Krishna,Vedavati,Hagari Or Vedavati,21-09-2026 12:09:00,68.207,2127.95,30,20.75,18.175,18.88,500,350,250,,0.043,0.056,1.629,,
2026-09-22,124613.0,Vanivilasa Sagar Dam,Krishna,Vedavati,Hagari Or Vedavati,22-09-2026 12:09:00,68.01,2127.85,30,20.69,18.115,18.82,0,350,250,,0,0.086,1.65,,
2026-09-23,124614.0,Vanivilasa Sagar Dam,Krishna,Vedavati,Hagari Or Vedavati,23-09-2026 12:09:00,67.813,2127.75,30,20.63,18.055,18.76,0,350,250,,0,0.117,1.672,,
2026-09-24,124615.0,Vanivilasa Sagar Dam,Krishna,Vedavati,Hagari Or Vedavati,24-09-2026 12:09:00,67.583,2127.65,30,20.56,17.985,18.69,0,300,250,,0,0.143,1.693,,
2026-09-25,124616.0,Vanivilasa Sagar Dam,Krishna,Vedavati,Hagari Or Vedavati,25-09-2026 12:09:00,67.385,2127.55,30,20.5,17.925,18.63,0,300,250,,0,0.168,1.715,,
2026-09-26,124617.0,Vanivilasa Sagar Dam,Krishna,Vedavati,Hagari Or Vedavati,26-09-2026 12:09:00,67.175,2127.45,30,20.436,17.861,18.566,0,300,250,,0,0.194,1.737,,
2026-09-27,124618.0,Vanivilasa Sagar Dam,Krishna,Vedavati,Hagari Or Vedavati,27-09-2026 12:09:00,66.958,2127.35,30,20.37,17.795,18.5,0,300,200,,0,0.22,1.754,,
2026-09-28,124619.0,Vanivilasa Sagar Dam,Krishna,Vedavati,Hagari Or Vedavati,28-09-2026 12:09:00,66.761,2127.25,30,20.31,17.735,18.44,0,300,200,,0,0.246,1.771,,
2026-09-29,124620.0,Vanivilasa Sagar Dam,Krishna,Vedavati,Hagari Or Vedavati,29-09-2026 12:09:00,66.564,2127.15,30,20.25,17.675,18.38,0,300,200,,0,0.272,1.788,,
2026-09-30,124621.0,Vanivilasa Sagar Dam,Krishna,Vedavati,Hagari Or Vedavati,30-09-2026 12:09:00,66.449,2127.1,30,20.215,17.64,18.345,0,300,0,,0,0.298,1.788,,
2026-10-01,124622.0,Vanivilasa Sagar Dam,Krishna,Vedavati,Hagari Or Vedavati,01-10-2026 12:10:00,66.347,2127.05,30,20.184,17.609,18.314,0,300,0,,0,0.324,1.839,,
